{"type":"FeatureCollection","features":[{"type":"Feature","properties":{"name":"United States of America"},"geometry":{"type":"MultiPolygon","coordinates":[[[[-74.857,45.004],[-71.518,45.008],[-71.419,45.2],[-71.327,45.29],[-71.135,45.263],[-71.0,45.337],[-70.96,45.333],[-70.898,45.262],[-70.865,45.271],[-70.799,45.405],[-70.69,45.428],[-70.702,45.551],[-70.421,45.738],[-70.408,45.802],[-70.296,45.906],[-70.304,46.057],[-70.248,46.251],[-70.067,46.441],[-70.008,46.709],[-69.243,47.463],[-69.05,47.427],[-69.049,47.274],[-68.937,47.211],[-68.829,47.203],[-68.377,47.316],[-68.358,47.345],[-68.235,47.346],[-67.807,47.083],[-67.767,45.927],[-67.802,45.728],[-67.596,45.621],[-67.433,45.603],[-67.424,45.53],[-67.494,45.474],[-67.428,45.378],[-67.473,45.276],[-67.315,45.154],[-67.25,45.201],[-67.125,45.169],[-67.08,44.989],[-67.114,44.944],[-67.107,44.885],[-67.014,44.868],[-66.987,44.828],[-67.191,44.676],[-67.364,44.697],[-67.556,44.645],[-67.599,44.577],[-67.653,44.562],[-67.839,44.576],[-67.907,44.454],[-67.963,44.464],[-68.057,44.384],[-68.152,44.502],[-68.277,44.507],[-68.374,44.445],[-68.451,44.508],[-68.521,44.38],[-68.533,44.259],[-68.612,44.311],[-68.812,44.339],[-68.71,44.443],[-68.795,44.454],[-68.763,44.571],[-68.847,44.485],[-68.961,44.434],[-68.956,44.348],[-69.064,44.172],[-69.068,44.098],[-69.137,44.038],[-69.226,43.986],[-69.345,44.001],[-69.521,43.897],[-69.557,43.983],[-69.59,43.887],[-69.624,43.881],[-69.653,43.994],[-69.699,43.955],[-69.73,43.852],[-69.795,43.911],[-69.808,43.772],[-69.873,43.82],[-69.974,43.788],[-69.965,43.855],[-70.062,43.835],[-70.269,43.672],[-70.203,43.626],[-70.521,43.349],[-70.642,43.134],[-70.733,43.07],[-70.829,42.825],[-70.736,42.669],[-70.624,42.672],[-70.613,42.623],[-70.831,42.553],[-71.046,42.331],[-70.738,42.229],[-70.618,42.04],[-70.656,41.987],[-70.549,41.939],[-70.515,41.803],[-70.427,41.757],[-70.295,41.729],[-70.001,41.826],[-70.11,42.03],[-70.173,42.063],[-70.196,42.035],[-70.241,42.091],[-70.109,42.078],[-69.978,41.961],[-69.942,41.808],[-69.949,41.677],[-70.405,41.627],[-70.657,41.534],[-70.666,41.71],[-70.701,41.715],[-70.974,41.549],[-71.08,41.538],[-71.169,41.489],[-71.204,41.641],[-71.149,41.746],[-71.271,41.681],[-71.39,41.795],[-71.364,41.703],[-71.427,41.633],[-71.444,41.454],[-71.523,41.379],[-72.265,41.292],[-72.371,41.312],[-72.479,41.276],[-72.925,41.285],[-73.024,41.216],[-73.583,41.022],[-73.987,40.751],[-73.872,41.055],[-73.882,41.171],[-73.97,41.25],[-73.918,41.136],[-73.927,40.914],[-74.025,40.756],[-74.187,40.648],[-74.264,40.529],[-74.242,40.456],[-74.05,40.43],[-73.998,40.452],[-73.972,40.4],[-73.958,40.328],[-74.08,39.788],[-74.065,39.993],[-74.118,39.938],[-74.176,39.727],[-74.257,39.614],[-74.331,39.536],[-74.407,39.549],[-74.39,39.487],[-74.429,39.387],[-74.603,39.293],[-74.605,39.248],[-74.794,39.002],[-74.954,38.95],[-74.897,39.145],[-75.05,39.211],[-75.136,39.208],[-75.353,39.34],[-75.524,39.49],[-75.524,39.602],[-75.422,39.79],[-75.154,39.871],[-75.074,39.983],[-75.173,39.895],[-75.401,39.832],[-75.588,39.641],[-75.574,39.477],[-75.413,39.281],[-75.392,39.093],[-75.185,38.819],[-75.089,38.778],[-75.128,38.632],[-75.187,38.591],[-75.073,38.579],[-75.039,38.426],[-75.074,38.366],[-75.073,38.41],[-75.117,38.406],[-75.16,38.255],[-75.225,38.242],[-75.354,38.065],[-75.596,37.631],[-75.587,37.559],[-75.699,37.516],[-75.812,37.425],[-75.934,37.152],[-75.997,37.264],[-75.975,37.398],[-75.888,37.619],[-75.719,37.821],[-75.659,37.954],[-75.851,37.972],[-75.795,38.087],[-75.928,38.169],[-75.864,38.261],[-75.859,38.362],[-75.967,38.291],[-75.986,38.332],[-76.051,38.28],[-76.212,38.361],[-76.265,38.436],[-76.295,38.495],[-76.264,38.6],[-76.001,38.602],[-76.017,38.625],[-76.057,38.621],[-76.213,38.758],[-76.278,38.772],[-76.341,38.71],[-76.3,38.818],[-76.168,38.853],[-76.191,38.916],[-76.241,38.943],[-76.331,38.909],[-76.313,39.009],[-76.186,38.991],[-76.135,39.082],[-76.133,39.123],[-76.217,39.064],[-76.236,39.192],[-76.153,39.315],[-76.074,39.369],[-75.876,39.376],[-76.003,39.411],[-75.873,39.511],[-75.97,39.505],[-75.959,39.585],[-76.063,39.561],[-76.097,39.433],[-76.216,39.38],[-76.248,39.439],[-76.276,39.323],[-76.331,39.404],[-76.359,39.325],[-76.406,39.304],[-76.421,39.225],[-76.57,39.269],[-76.489,39.159],[-76.428,39.126],[-76.42,39.074],[-76.473,39.031],[-76.559,39.065],[-76.494,38.945],[-76.537,38.743],[-76.501,38.532],[-76.394,38.369],[-76.439,38.362],[-76.572,38.436],[-76.677,38.612],[-76.669,38.538],[-76.642,38.454],[-76.409,38.268],[-76.333,38.141],[-76.341,38.087],[-76.454,38.174],[-76.769,38.263],[-76.868,38.39],[-76.89,38.292],[-77.001,38.445],[-77.156,38.397],[-77.233,38.408],[-77.221,38.541],[-77.018,38.778],[-77.03,38.889],[-77.046,38.776],[-77.26,38.6],[-77.314,38.397],[-77.273,38.352],[-77.047,38.357],[-76.906,38.197],[-76.55,38.094],[-76.472,38.011],[-76.264,37.894],[-76.306,37.722],[-76.344,37.676],[-76.492,37.682],[-76.829,37.962],[-76.94,38.095],[-77.111,38.166],[-76.925,38.033],[-76.549,37.669],[-76.306,37.571],[-76.368,37.53],[-76.269,37.495],[-76.263,37.357],[-76.401,37.386],[-76.393,37.3],[-76.454,37.274],[-76.538,37.309],[-76.758,37.505],[-76.738,37.449],[-76.611,37.323],[-76.327,37.149],[-76.283,37.053],[-76.401,36.991],[-76.602,37.143],[-76.631,37.222],[-76.704,37.218],[-77.007,37.318],[-77.251,37.329],[-76.672,37.173],[-76.634,37.047],[-76.505,36.961],[-76.488,36.897],[-76.4,36.89],[-76.244,36.953],[-75.999,36.913],[-75.758,36.229],[-75.534,35.819],[-75.728,36.104],[-75.946,36.659],[-75.993,36.474],[-75.867,36.268],[-75.82,36.113],[-75.883,36.176],[-76.148,36.279],[-76.15,36.146],[-76.271,36.19],[-76.227,36.116],[-76.384,36.134],[-76.479,36.028],[-76.559,36.015],[-76.679,36.075],[-76.734,36.229],[-76.726,35.958],[-76.358,35.953],[-76.207,35.991],[-76.07,35.97],[-76.084,35.691],[-76.001,35.722],[-75.979,35.896],[-75.854,35.96],[-75.812,35.956],[-75.759,35.843],[-75.745,35.765],[-75.774,35.647],[-76.104,35.38],[-76.174,35.354],[-76.49,35.397],[-76.532,35.508],[-76.577,35.532],[-76.611,35.53],[-76.634,35.453],[-76.741,35.431],[-77.04,35.527],[-76.974,35.458],[-76.595,35.33],[-76.513,35.27],[-76.608,35.153],[-76.628,35.073],[-76.779,34.99],[-76.861,35.005],[-77.07,35.155],[-76.975,35.025],[-76.899,34.97],[-76.745,34.941],[-76.457,34.989],[-76.362,34.937],[-76.44,34.843],[-76.517,34.777],[-76.707,34.752],[-76.733,34.707],[-77.134,34.708],[-77.296,34.603],[-77.358,34.62],[-77.412,34.731],[-77.413,34.592],[-77.38,34.527],[-77.751,34.285],[-77.861,34.149],[-77.928,33.94],[-77.953,34.169],[-77.971,33.993],[-78.013,33.912],[-78.406,33.918],[-78.578,33.873],[-78.841,33.724],[-79.138,33.406],[-79.194,33.244],[-79.238,33.312],[-79.226,33.405],[-79.281,33.315],[-79.229,33.185],[-79.276,33.135],[-79.42,33.043],[-79.587,33.001],[-79.615,32.909],[-79.805,32.787],[-79.933,32.81],[-79.894,32.729],[-79.941,32.667],[-80.022,32.62],[-80.23,32.577],[-80.363,32.501],[-80.572,32.534],[-80.634,32.512],[-80.474,32.423],[-80.486,32.352],[-80.579,32.287],[-80.608,32.293],[-80.647,32.396],[-80.709,32.337],[-80.803,32.448],[-80.798,32.363],[-80.694,32.216],[-80.758,32.142],[-80.849,32.114],[-80.923,31.945],[-81.113,31.879],[-81.066,31.788],[-81.198,31.704],[-81.17,31.61],[-81.259,31.539],[-81.175,31.531],[-81.295,31.371],[-81.381,31.353],[-81.288,31.264],[-81.365,31.172],[-81.442,31.2],[-81.46,31.127],[-81.516,30.802],[-81.25,29.794],[-80.9,29.05],[-80.524,28.486],[-80.568,28.426],[-80.585,28.272],[-80.457,27.901],[-80.5,27.934],[-80.61,28.178],[-80.607,28.523],[-80.633,28.518],[-80.694,28.345],[-80.732,28.463],[-80.688,28.579],[-80.766,28.633],[-80.771,28.732],[-80.838,28.758],[-80.749,28.381],[-80.226,27.207],[-80.126,27.083],[-80.05,26.808],[-80.041,26.569],[-80.126,25.833],[-80.159,25.878],[-80.301,25.619],[-80.367,25.331],[-80.485,25.23],[-80.558,25.232],[-80.737,25.156],[-80.862,25.176],[-81.11,25.138],[-81.167,25.229],[-81.136,25.31],[-81.098,25.319],[-80.965,25.224],[-80.94,25.264],[-80.98,25.312],[-81.113,25.367],[-81.345,25.732],[-81.365,25.831],[-81.568,25.892],[-81.715,25.983],[-81.811,26.146],[-81.867,26.435],[-81.959,26.49],[-81.829,26.687],[-81.921,26.631],[-81.97,26.552],[-82.04,26.552],[-82.078,26.704],[-82.067,26.892],[-82.013,26.962],[-82.181,26.937],[-82.181,26.84],[-82.29,26.871],[-82.441,27.06],[-82.62,27.401],[-82.715,27.5],[-82.636,27.525],[-82.431,27.771],[-82.406,27.863],[-82.446,27.903],[-82.521,27.878],[-82.58,27.958],[-82.636,27.981],[-82.675,27.964],[-82.597,27.873],[-82.611,27.777],[-82.661,27.718],[-82.715,27.733],[-82.743,27.709],[-82.844,27.846],[-82.661,28.486],[-82.651,28.887],[-82.769,29.052],[-83.29,29.452],[-83.694,29.926],[-84.044,30.104],[-84.31,30.065],[-84.356,30.029],[-84.383,29.907],[-84.55,29.898],[-84.801,29.773],[-84.889,29.778],[-85.029,29.721],[-85.319,29.68],[-85.376,29.695],[-85.414,29.768],[-85.414,29.842],[-85.336,29.74],[-85.315,29.758],[-85.307,29.798],[-85.354,29.876],[-85.676,30.122],[-85.623,30.117],[-85.61,30.148],[-85.663,30.189],[-85.604,30.287],[-85.741,30.244],[-85.756,30.167],[-86.175,30.333],[-86.454,30.399],[-86.24,30.429],[-86.124,30.406],[-86.166,30.464],[-86.257,30.493],[-86.448,30.496],[-86.68,30.403],[-87.201,30.339],[-87.124,30.397],[-86.986,30.431],[-86.965,30.502],[-86.998,30.57],[-87.072,30.5],[-87.171,30.539],[-87.185,30.454],[-87.281,30.339],[-87.476,30.294],[-87.501,30.309],[-87.448,30.394],[-87.622,30.265],[-88.006,30.231],[-87.79,30.292],[-87.857,30.407],[-87.924,30.45],[-87.923,30.562],[-88.011,30.694],[-88.135,30.367],[-88.692,30.355],[-88.905,30.415],[-89.224,30.332],[-89.321,30.345],[-89.444,30.223],[-89.588,30.166],[-89.954,30.269],[-90.045,30.351],[-90.126,30.369],[-90.225,30.379],[-90.332,30.278],[-90.413,30.14],[-90.175,30.029],[-89.994,30.059],[-89.894,30.126],[-89.812,30.124],[-89.737,30.172],[-89.668,30.145],[-89.665,30.117],[-89.815,30.007],[-89.744,29.93],[-89.632,29.904],[-89.59,29.915],[-89.563,30.002],[-89.494,30.058],[-89.401,30.046],[-89.414,30.011],[-89.358,29.921],[-89.354,29.82],[-89.531,29.772],[-89.591,29.725],[-89.559,29.698],[-89.683,29.675],[-89.721,29.619],[-89.675,29.539],[-89.514,29.42],[-89.181,29.336],[-89.117,29.248],[-89.016,29.203],[-89.021,29.143],[-89.11,29.099],[-89.156,29.017],[-89.236,29.081],[-89.376,28.981],[-89.354,29.07],[-89.443,29.194],[-89.62,29.302],[-89.792,29.333],[-89.818,29.416],[-89.877,29.458],[-90.159,29.537],[-90.141,29.48],[-90.052,29.431],[-90.053,29.337],[-90.101,29.182],[-90.213,29.105],[-90.302,29.256],[-90.379,29.295],[-90.586,29.272],[-90.677,29.151],[-90.751,29.131],[-91.29,29.289],[-91.283,29.321],[-91.237,29.331],[-91.151,29.318],[-91.244,29.457],[-91.249,29.564],[-91.331,29.514],[-91.514,29.555],[-91.672,29.746],[-91.824,29.751],[-91.893,29.836],[-92.017,29.8],[-92.135,29.699],[-92.059,29.617],[-92.084,29.593],[-92.261,29.557],[-92.671,29.597],[-93.176,29.779],[-93.695,29.77],[-93.826,29.725],[-93.884,29.81],[-93.809,29.851],[-93.769,29.952],[-93.841,29.98],[-93.946,29.815],[-93.89,29.689],[-94.1,29.67],[-94.76,29.384],[-94.75,29.418],[-94.526,29.548],[-94.778,29.548],[-94.724,29.655],[-94.742,29.75],[-94.832,29.753],[-94.89,29.677],[-95.023,29.702],[-94.993,29.531],[-94.888,29.371],[-95.139,29.168],[-95.152,29.079],[-95.273,28.964],[-95.853,28.64],[-96.235,28.489],[-96.011,28.632],[-96.373,28.657],[-96.449,28.594],[-96.576,28.716],[-96.64,28.709],[-96.525,28.489],[-96.421,28.457],[-96.562,28.367],[-96.676,28.341],[-96.774,28.422],[-96.807,28.22],[-96.84,28.194],[-96.892,28.158],[-96.933,28.224],[-97.015,28.163],[-97.156,28.144],[-97.141,28.061],[-97.034,28.094],[-97.073,27.986],[-97.171,27.88],[-97.252,27.854],[-97.374,27.87],[-97.431,27.837],[-97.289,27.671],[-97.439,27.328],[-97.524,27.314],[-97.768,27.458],[-97.692,27.287],[-97.485,27.237],[-97.476,27.118],[-97.555,26.967],[-97.435,26.486],[-97.214,26.068],[-97.15,26.065],[-97.146,25.961],[-97.282,25.942],[-97.376,25.872],[-97.587,25.984],[-98.0,26.058],[-98.0,48.993],[-95.162,48.992],[-95.155,49.37],[-94.939,49.349],[-94.854,49.305],[-94.803,49.003],[-94.705,48.808],[-94.621,48.743],[-94.055,48.659],[-93.852,48.607],[-93.804,48.549],[-93.708,48.525],[-93.464,48.561],[-93.378,48.617],[-92.996,48.612],[-92.501,48.435],[-92.415,48.277],[-92.348,48.277],[-92.299,48.329],[-92.172,48.338],[-92.005,48.302],[-91.858,48.198],[-91.518,48.058],[-91.387,48.059],[-91.043,48.194],[-90.916,48.209],[-90.84,48.201],[-90.744,48.105],[-90.092,48.118],[-89.994,48.015],[-89.901,47.995],[-89.456,47.996],[-89.273,48.02],[-88.612,48.264],[-88.378,48.303],[-84.876,46.9],[-84.779,46.637],[-84.562,46.457],[-84.402,46.516],[-84.149,46.543],[-84.125,46.527],[-84.15,46.445],[-84.088,46.227],[-83.978,46.085],[-83.616,46.117],[-83.469,45.995],[-83.593,45.817],[-82.551,45.347],[-82.138,43.571],[-82.408,43.073],[-82.488,42.74],[-82.545,42.625],[-82.868,42.385],[-83.073,42.3],[-83.15,42.142],[-83.142,41.976],[-83.03,41.833],[-82.69,41.675],[-82.439,41.675],[-81.278,42.209],[-80.248,42.366],[-79.037,42.802],[-78.915,42.909],[-79.026,43.017],[-79.066,43.106],[-79.059,43.278],[-79.172,43.467],[-78.846,43.583],[-78.72,43.625],[-78.458,43.631],[-76.82,43.629],[-76.465,44.058],[-76.186,44.242],[-76.151,44.304],[-75.876,44.417],[-75.401,44.772],[-75.179,44.899],[-74.857,45.004]]],[[[-72.581,40.921],[-72.517,40.915],[-72.184,41.047],[-72.102,41.015],[-71.903,41.061],[-72.556,40.826],[-73.194,40.654],[-73.9,40.571],[-73.799,40.641],[-73.875,40.652],[-73.929,40.599],[-74.015,40.581],[-74.032,40.639],[-73.879,40.792],[-73.695,40.87],[-73.652,40.838],[-73.643,40.881],[-73.574,40.92],[-72.625,40.992],[-72.274,41.153],[-72.581,40.921]]],[[[-68.187,44.332],[-68.309,44.321],[-68.315,44.25],[-68.412,44.294],[-68.409,44.364],[-68.299,44.456],[-68.238,44.438],[-68.187,44.332]]],[[[-74.236,40.519],[-74.188,40.615],[-74.069,40.649],[-74.08,40.586],[-74.236,40.519]]],[[[-70.785,41.327],[-70.829,41.359],[-70.76,41.374],[-70.674,41.449],[-70.616,41.457],[-70.525,41.415],[-70.51,41.376],[-70.785,41.327]]],[[[-71.241,41.492],[-71.346,41.469],[-71.28,41.62],[-71.232,41.654],[-71.241,41.492]]],[[[-70.055,41.249],[-70.233,41.286],[-70.063,41.328],[-70.041,41.397],[-69.978,41.266],[-70.055,41.249]]],[[[-75.651,35.836],[-75.717,35.946],[-75.649,35.91],[-75.651,35.836]]],[[[-75.678,35.213],[-75.536,35.279],[-75.481,35.572],[-75.504,35.769],[-75.456,35.564],[-75.509,35.28],[-75.544,35.24],[-75.678,35.213]]],[[[-75.964,35.119],[-75.984,35.123],[-75.782,35.19],[-75.964,35.119]]],[[[-76.529,34.631],[-76.437,34.756],[-76.207,34.939],[-76.504,34.643],[-76.529,34.631]]],[[[-82.073,26.428],[-82.184,26.481],[-82.201,26.548],[-82.116,26.461],[-82.037,26.454],[-82.073,26.428]]],[[[-82.085,26.494],[-82.136,26.592],[-82.169,26.701],[-82.121,26.666],[-82.085,26.494]]],[[[-80.581,24.954],[-80.456,25.149],[-80.355,25.234],[-80.351,25.297],[-80.257,25.348],[-80.382,25.142],[-80.581,24.954]]],[[[-91.831,29.486],[-91.996,29.573],[-92.007,29.61],[-91.875,29.641],[-91.768,29.585],[-91.762,29.539],[-91.831,29.486]]],[[[-97.036,27.899],[-96.979,28.014],[-96.857,28.133],[-96.84,28.089],[-97.036,27.899]]],[[[-96.801,28.148],[-96.756,28.202],[-96.404,28.382],[-96.413,28.338],[-96.801,28.148]]],[[[-97.385,27.243],[-97.295,27.523],[-97.13,27.779],[-97.061,27.822],[-97.251,27.541],[-97.385,27.243]]],[[[-95.09,29.136],[-94.826,29.341],[-94.768,29.339],[-94.865,29.253],[-95.09,29.136]]],[[[-97.185,26.113],[-97.402,26.821],[-97.386,27.196],[-97.351,26.801],[-97.202,26.3],[-97.185,26.113]]],[[[-71.393,41.467],[-71.403,41.515],[-71.364,41.572],[-71.365,41.485],[-71.393,41.467]]],[[[-74.25,39.529],[-74.253,39.558],[-74.107,39.746],[-74.133,39.681],[-74.25,39.529]]],[[[-75.379,37.872],[-75.226,38.072],[-75.098,38.298],[-75.203,38.072],[-75.333,37.888],[-75.379,37.872]]],[[[-76.546,34.655],[-76.662,34.685],[-76.674,34.7],[-76.546,34.655]]],[[[-81.322,24.685],[-81.379,24.636],[-81.42,24.75],[-81.322,24.685]]],[[[-80.848,24.804],[-80.799,24.846],[-80.785,24.835],[-80.787,24.821],[-80.848,24.804]]],[[[-80.665,24.898],[-80.626,24.941],[-80.615,24.938],[-80.638,24.903],[-80.665,24.898]]],[[[-81.09,24.693],[-81.137,24.71],[-80.93,24.759],[-80.989,24.728],[-81.09,24.693]]],[[[-81.463,30.728],[-81.485,30.898],[-81.419,30.971],[-81.463,30.728]]],[[[-81.631,24.59],[-81.579,24.629],[-81.562,24.689],[-81.532,24.614],[-81.631,24.59]]],[[[-80.171,27.205],[-80.376,27.643],[-80.437,27.851],[-80.396,27.795],[-80.171,27.205]]],[[[-81.74,24.554],[-81.811,24.558],[-81.739,24.575],[-81.74,24.554]]],[[[-88.944,29.66],[-88.901,29.733],[-88.873,29.753],[-88.889,29.713],[-88.944,29.66]]],[[[-88.571,30.205],[-88.713,30.245],[-88.723,30.264],[-88.574,30.229],[-88.571,30.205]]],[[[-88.071,30.252],[-88.29,30.233],[-88.316,30.24],[-88.109,30.274],[-88.071,30.252]]],[[[-89.22,30.038],[-89.342,30.063],[-89.185,30.169],[-89.224,30.084],[-89.22,30.038]]],[[[-88.856,29.776],[-88.828,29.928],[-88.867,30.057],[-88.813,29.933],[-88.856,29.776]]],[[[-85.008,29.607],[-85.117,29.633],[-85.001,29.627],[-84.737,29.732],[-85.008,29.607]]],[[[-68.623,44.196],[-68.702,44.183],[-68.677,44.256],[-68.623,44.196]]]]}},{"type":"Feature","properties":{"name":"Jersey"},"geometry":{"type":"Polygon","coordinates":[[[-2.01,49.181],[-2.236,49.176],[-2.221,49.266],[-2.019,49.231],[-2.01,49.181]]]}},{"type":"Feature","properties":{"name":"Isle of Man"},"geometry":{"type":"Polygon","coordinates":[[[-4.614,54.059],[-4.785,54.073],[-4.699,54.225],[-4.509,54.377],[-4.425,54.407],[-4.377,54.393],[-4.338,54.269],[-4.412,54.185],[-4.614,54.059]]]}},{"type":"Feature","properties":{"name":"United Kingdom"},"geometry":{"type":"MultiPolygon","coordinates":[[[[-2.742,51.581],[-2.979,51.539],[-3.293,51.39],[-3.562,51.414],[-3.891,51.592],[-4.235,51.569],[-4.091,51.66],[-4.276,51.683],[-4.386,51.741],[-4.601,51.738],[-4.902,51.626],[-5.125,51.706],[-5.168,51.741],[-5.201,51.861],[-5.262,51.88],[-5.088,51.996],[-4.383,52.197],[-4.149,52.326],[-3.98,52.542],[-4.048,52.558],[-4.079,52.608],[-4.039,52.704],[-4.118,52.82],[-4.101,52.915],[-4.356,52.897],[-4.683,52.806],[-4.638,52.891],[-4.405,53.014],[-4.269,53.145],[-4.111,53.219],[-3.764,53.308],[-3.646,53.298],[-3.326,53.347],[-3.098,53.26],[-3.166,53.395],[-3.065,53.427],[-2.919,53.305],[-2.75,53.31],[-2.913,53.35],[-3.065,53.513],[-3.059,53.586],[-2.925,53.733],[-3.032,53.774],[-3.045,53.844],[-3.027,53.906],[-2.9,53.961],[-2.846,54.135],[-2.868,54.177],[-3.166,54.128],[-3.322,54.229],[-3.569,54.468],[-3.592,54.564],[-3.465,54.773],[-3.268,54.907],[-3.036,54.953],[-3.55,54.947],[-3.958,54.781],[-4.133,54.779],[-4.253,54.847],[-4.517,54.758],[-4.818,54.846],[-4.89,54.772],[-4.911,54.689],[-5.135,54.858],[-5.173,54.986],[-5.117,55.012],[-5.056,54.988],[-4.965,55.149],[-4.677,55.501],[-4.724,55.598],[-4.892,55.699],[-4.872,55.874],[-4.826,55.93],[-4.584,55.939],[-4.844,56.051],[-4.8,56.158],[-4.927,56.028],[-5.093,55.987],[-5.215,55.889],[-5.246,55.929],[-5.223,56.066],[-4.997,56.233],[-5.383,56.019],[-5.419,55.975],[-5.373,55.828],[-5.386,55.77],[-5.556,55.39],[-5.647,55.327],[-5.768,55.363],[-5.681,55.624],[-5.504,55.802],[-5.623,55.813],[-5.61,56.055],[-5.555,56.135],[-5.535,56.251],[-5.392,56.515],[-5.329,56.556],[-5.313,56.619],[-5.188,56.758],[-5.652,56.532],[-5.865,56.562],[-5.937,56.606],[-5.969,56.69],[-6.133,56.718],[-6.035,56.764],[-5.878,56.78],[-5.731,56.853],[-5.861,56.903],[-5.736,56.961],[-5.591,57.102],[-5.562,57.233],[-5.656,57.334],[-5.795,57.379],[-5.802,57.468],[-5.582,57.547],[-5.679,57.572],[-5.745,57.668],[-5.608,57.881],[-5.349,57.878],[-5.29,57.905],[-5.157,57.881],[-5.413,58.07],[-5.351,58.144],[-5.338,58.239],[-5.008,58.263],[-5.09,58.385],[-5.067,58.52],[-4.976,58.58],[-4.81,58.573],[-4.715,58.51],[-4.492,58.568],[-4.433,58.513],[-3.259,58.65],[-3.053,58.635],[-3.11,58.515],[-3.113,58.409],[-3.212,58.321],[-3.99,57.959],[-4.036,57.852],[-3.857,57.819],[-4.078,57.677],[-4.135,57.578],[-3.295,57.71],[-3.036,57.672],[-2.074,57.702],[-1.962,57.677],[-1.867,57.612],[-1.781,57.474],[-2.02,57.259],[-2.09,57.103],[-2.26,56.863],[-2.501,56.637],[-2.681,56.514],[-3.047,56.449],[-3.31,56.363],[-2.885,56.398],[-2.653,56.318],[-2.674,56.253],[-2.768,56.202],[-2.98,56.194],[-3.178,56.08],[-3.362,56.028],[-3.789,56.095],[-3.608,56.016],[-3.049,55.952],[-2.837,56.026],[-2.599,56.027],[-2.147,55.903],[-1.655,55.57],[-1.423,55.026],[-1.232,54.704],[-1.154,54.654],[-0.671,54.504],[-0.37,54.279],[-0.084,54.118],[-0.206,54.022],[-0.169,53.942],[0.115,53.609],[-0.074,53.644],[-0.27,53.737],[-0.66,53.724],[-0.294,53.692],[0.128,53.468],[0.271,53.335],[0.356,53.16],[0.298,53.081],[0.046,52.906],[0.28,52.809],[0.382,52.825],[0.559,52.967],[1.056,52.959],[1.271,52.925],[1.657,52.754],[1.743,52.579],[1.747,52.469],[1.591,52.12],[1.413,51.995],[1.317,51.957],[1.232,51.971],[1.274,51.845],[1.101,51.785],[0.955,51.808],[0.752,51.73],[0.898,51.689],[0.927,51.647],[0.891,51.571],[0.425,51.466],[0.528,51.484],[0.6,51.468],[0.687,51.387],[0.889,51.36],[1.415,51.363],[1.398,51.182],[1.044,51.047],[0.96,50.926],[0.772,50.934],[0.684,50.886],[0.205,50.763],[-0.204,50.814],[-0.785,50.765],[-1.416,50.897],[-1.334,50.821],[-1.601,50.733],[-2.031,50.725],[-1.962,50.628],[-2.036,50.603],[-2.35,50.637],[-2.433,50.599],[-2.777,50.706],[-2.999,50.717],[-3.405,50.632],[-3.485,50.548],[-3.584,50.322],[-3.68,50.24],[-3.793,50.229],[-4.195,50.393],[-4.728,50.29],[-5.01,50.161],[-5.119,50.038],[-5.225,50.021],[-5.323,50.083],[-5.434,50.104],[-5.622,50.051],[-5.655,50.077],[-5.656,50.132],[-5.571,50.197],[-5.342,50.246],[-5.004,50.495],[-4.894,50.534],[-4.583,50.776],[-4.523,50.977],[-4.296,51.027],[-4.188,51.189],[-3.842,51.231],[-3.136,51.205],[-3.042,51.249],[-2.881,51.406],[-2.433,51.741],[-2.742,51.581]]],[[[-4.155,53.303],[-4.049,53.306],[-4.084,53.264],[-4.373,53.134],[-4.419,53.178],[-4.472,53.176],[-4.553,53.26],[-4.568,53.386],[-4.315,53.417],[-4.155,53.303]]],[[[-2.662,59.23],[-2.604,59.289],[-2.407,59.298],[-2.549,59.231],[-2.662,59.23]]],[[[-1.068,60.502],[-1.166,60.604],[-1.093,60.72],[-1.006,60.717],[-1.0,60.658],[-1.049,60.647],[-1.034,60.53],[-1.068,60.502]]],[[[-1.287,60.467],[-1.236,60.485],[-1.158,60.418],[-1.052,60.444],[-1.199,60.007],[-1.299,59.879],[-1.356,59.911],[-1.276,60.115],[-1.291,60.153],[-1.323,60.188],[-1.481,60.173],[-1.499,60.222],[-1.641,60.237],[-1.664,60.283],[-1.375,60.333],[-1.45,60.469],[-1.572,60.494],[-1.414,60.599],[-1.302,60.608],[-1.287,60.467]]],[[[-0.774,60.8],[-0.825,60.684],[-0.922,60.697],[-0.916,60.81],[-0.802,60.831],[-0.774,60.8]]],[[[-3.159,58.801],[-3.279,58.782],[-3.367,58.84],[-3.395,58.91],[-3.272,58.905],[-3.212,58.814],[-3.159,58.801]]],[[[-2.939,58.739],[-2.975,58.757],[-3.035,58.823],[-2.896,58.828],[-2.939,58.739]]],[[[-3.071,59.005],[-2.818,58.982],[-2.762,58.956],[-2.826,58.893],[-2.995,58.939],[-3.167,58.919],[-3.223,58.939],[-3.242,59.0],[-3.332,58.971],[-3.354,59.019],[-3.31,59.131],[-3.249,59.144],[-3.019,59.076],[-3.071,59.005]]],[[[-2.815,59.162],[-2.852,59.182],[-2.861,59.247],[-3.052,59.324],[-2.976,59.347],[-2.815,59.241],[-2.72,59.219],[-2.729,59.187],[-2.815,59.162]]],[[[-6.664,56.579],[-6.57,56.661],[-6.484,56.666],[-6.608,56.585],[-6.664,56.579]]],[[[-5.105,55.449],[-5.331,55.481],[-5.393,55.618],[-5.318,55.709],[-5.185,55.691],[-5.105,55.574],[-5.105,55.449]]],[[[-5.778,56.344],[-6.313,56.294],[-6.326,56.321],[-6.185,56.357],[-6.139,56.491],[-6.311,56.552],[-6.286,56.612],[-6.103,56.646],[-5.947,56.535],[-5.761,56.491],[-5.778,56.344]]],[[[-6.129,55.931],[-6.055,55.695],[-6.088,55.658],[-6.253,55.607],[-6.305,55.607],[-6.27,55.67],[-6.302,55.781],[-6.452,55.704],[-6.496,55.712],[-6.413,55.855],[-6.311,55.856],[-6.129,55.931]]],[[[-5.991,55.804],[-6.06,55.823],[-6.072,55.893],[-5.912,55.975],[-5.97,55.992],[-5.939,56.045],[-5.725,56.119],[-5.991,55.804]]],[[[-6.326,58.189],[-6.555,58.093],[-6.403,58.076],[-6.425,58.021],[-6.683,57.911],[-6.797,57.828],[-6.854,57.827],[-6.957,57.75],[-7.083,57.814],[-6.857,57.924],[-7.057,58.003],[-6.985,58.05],[-7.088,58.095],[-7.085,58.182],[-7.028,58.222],[-6.886,58.183],[-6.726,58.189],[-6.776,58.302],[-6.237,58.503],[-6.194,58.435],[-6.199,58.363],[-6.326,58.189]]],[[[-6.309,56.952],[-6.383,56.971],[-6.433,57.018],[-6.322,57.051],[-6.278,57.031],[-6.261,56.985],[-6.309,56.952]]],[[[-6.166,57.585],[-6.164,57.409],[-6.136,57.314],[-5.88,57.263],[-5.706,57.269],[-5.669,57.227],[-5.914,57.063],[-5.987,57.044],[-6.015,57.052],[-6.034,57.201],[-6.323,57.202],[-6.442,57.327],[-6.675,57.363],[-6.761,57.442],[-6.704,57.496],[-6.583,57.507],[-6.617,57.563],[-6.379,57.603],[-6.358,57.667],[-6.306,57.672],[-6.166,57.585]]],[[[-7.093,57.627],[-7.183,57.533],[-7.321,57.534],[-7.516,57.616],[-7.47,57.653],[-7.206,57.683],[-7.093,57.627]]],[[[-7.248,57.126],[-7.381,57.131],[-7.416,57.192],[-7.411,57.381],[-7.267,57.372],[-7.248,57.126]]],[[[-7.505,56.952],[-7.543,56.972],[-7.523,57.007],[-7.455,57.019],[-7.399,56.983],[-7.505,56.952]]],[[[-6.304,54.095],[-6.403,54.061],[-6.65,54.059],[-6.647,54.163],[-6.803,54.214],[-6.877,54.329],[-7.008,54.407],[-7.05,54.408],[-7.203,54.302],[-7.155,54.24],[-7.325,54.133],[-7.607,54.144],[-7.679,54.187],[-7.855,54.215],[-7.884,54.284],[-8.145,54.454],[-8.044,54.512],[-7.754,54.595],[-7.746,54.616],[-7.911,54.698],[-7.737,54.71],[-7.55,54.768],[-7.451,54.877],[-7.377,55.028],[-7.219,55.092],[-7.101,55.048],[-7.031,55.081],[-6.947,55.183],[-6.475,55.241],[-6.129,55.217],[-6.036,55.145],[-5.986,55.03],[-5.869,54.916],[-5.717,54.817],[-5.711,54.757],[-5.879,54.684],[-5.879,54.641],[-5.739,54.673],[-5.583,54.663],[-5.528,54.62],[-5.47,54.5],[-5.484,54.442],[-5.671,54.55],[-5.656,54.382],[-5.558,54.371],[-5.607,54.273],[-5.826,54.236],[-5.938,54.089],[-6.019,54.051],[-6.304,54.095]]],[[[-1.066,50.69],[-1.196,50.599],[-1.306,50.589],[-1.563,50.666],[-1.313,50.773],[-1.066,50.69]]]]}},{"type":"Feature","properties":{"name":"Tunisia"},"geometry":{"type":"MultiPolygon","coordinates":[[[[11.505,33.182],[11.454,32.643],[11.534,32.525],[11.505,32.414],[10.826,32.081],[10.609,31.93],[10.476,31.736],[10.275,31.685],[10.115,31.464],[10.257,30.941],[10.216,30.783],[9.895,30.387],[9.519,30.229],[9.044,32.072],[8.333,32.544],[8.211,32.927],[8.113,33.055],[7.731,33.269],[7.5,33.832],[7.514,34.081],[7.749,34.254],[7.838,34.41],[8.123,34.564],[8.246,34.734],[8.277,34.979],[8.394,35.204],[8.316,35.403],[8.318,35.655],[8.247,35.802],[8.349,36.368],[8.303,36.456],[8.208,36.519],[8.37,36.633],[8.444,36.761],[8.601,36.834],[8.577,36.937],[8.824,36.998],[9.142,37.195],[9.688,37.34],[9.838,37.309],[9.784,37.211],[9.83,37.135],[9.896,37.182],[9.876,37.254],[10.087,37.251],[10.196,37.206],[10.189,37.034],[10.334,36.865],[10.293,36.781],[10.412,36.732],[10.518,36.791],[10.571,36.879],[10.766,36.93],[10.951,37.059],[11.054,37.073],[11.127,36.874],[10.967,36.743],[10.798,36.493],[10.642,36.42],[10.526,36.323],[10.477,36.175],[10.506,36.032],[10.591,35.887],[10.689,35.8],[11.004,35.634],[11.043,35.335],[11.12,35.24],[10.691,34.678],[10.535,34.545],[10.118,34.28],[10.04,34.14],[10.049,34.056],[10.159,33.85],[10.305,33.728],[10.454,33.663],[10.713,33.689],[10.723,33.514],[10.898,33.534],[10.958,33.626],[11.085,33.563],[11.15,33.369],[11.257,33.309],[11.27,33.286],[11.203,33.249],[11.338,33.209],[11.401,33.225],[11.505,33.182]]],[[[11.124,34.682],[11.153,34.745],[11.255,34.82],[11.281,34.802],[11.278,34.754],[11.124,34.682]]],[[[11.038,33.785],[10.857,33.687],[10.722,33.739],[10.745,33.889],[10.922,33.893],[11.018,33.823],[11.038,33.785]]]]}},{"type":"Feature","properties":{"name":"Switzerland"},"geometry":{"type":"Polygon","coordinates":[[[9.183,47.671],[9.626,47.467],[9.484,47.173],[9.488,47.062],[9.845,47.007],[9.878,46.938],[10.133,46.852],[10.349,46.985],[10.415,46.964],[10.455,46.899],[10.398,46.665],[10.438,46.619],[10.431,46.55],[10.272,46.565],[10.196,46.621],[10.087,46.6],[10.038,46.483],[10.11,46.363],[10.128,46.238],[10.041,46.238],[9.939,46.362],[9.639,46.296],[9.529,46.306],[9.481,46.349],[9.428,46.482],[9.304,46.496],[9.26,46.475],[9.251,46.287],[9.003,46.015],[9.047,45.876],[8.954,45.83],[8.778,45.996],[8.819,46.077],[8.642,46.111],[8.458,46.246],[8.423,46.446],[8.371,46.445],[8.096,46.271],[8.125,46.161],[7.993,46.016],[7.788,45.922],[7.539,45.978],[7.129,45.88],[7.056,45.904],[6.772,46.165],[6.817,46.275],[6.758,46.416],[6.429,46.431],[6.235,46.333],[6.273,46.252],[6.199,46.193],[6.087,46.147],[5.971,46.151],[5.97,46.215],[6.096,46.279],[6.123,46.379],[6.06,46.428],[6.161,46.611],[6.41,46.755],[6.456,46.948],[6.667,47.027],[6.952,47.267],[7.001,47.339],[6.9,47.394],[7.053,47.489],[7.136,47.49],[7.203,47.433],[7.266,47.426],[7.42,47.455],[7.495,47.547],[7.616,47.593],[7.927,47.564],[8.198,47.607],[8.454,47.596],[8.559,47.624],[8.567,47.652],[8.452,47.652],[8.403,47.688],[8.436,47.731],[8.573,47.776],[8.728,47.7],[8.831,47.704],[8.881,47.656],[9.183,47.671]]]}},{"type":"Feature","properties":{"name":"Sweden"},"geometry":{"type":"MultiPolygon","coordinates":[[[[18.994,57.812],[18.945,57.742],[18.814,57.706],[18.791,57.483],[18.908,57.398],[18.785,57.361],[18.7,57.243],[18.477,57.163],[18.387,57.088],[18.34,56.978],[18.146,56.921],[18.285,57.083],[18.21,57.133],[18.105,57.272],[18.152,57.339],[18.137,57.557],[18.537,57.831],[18.722,57.864],[18.805,57.833],[18.841,57.9],[18.901,57.915],[19.076,57.836],[18.994,57.812]]],[[[16.477,56.24],[16.432,56.244],[16.401,56.311],[16.412,56.569],[16.63,56.877],[16.728,56.902],[16.996,57.318],[17.025,57.345],[17.118,57.32],[17.05,57.28],[17.054,57.208],[16.884,56.985],[16.838,56.841],[16.778,56.805],[16.529,56.291],[16.477,56.24]]],[[[11.471,58.91],[11.544,58.893],[11.643,58.926],[11.712,59.019],[11.798,59.29],[11.681,59.592],[11.834,59.697],[11.932,59.864],[12.169,59.913],[12.486,60.107],[12.516,60.305],[12.589,60.451],[12.554,60.546],[12.315,60.892],[12.294,61.003],[12.706,61.06],[12.828,61.222],[12.881,61.352],[12.596,61.541],[12.155,61.721],[12.304,62.286],[12.115,62.592],[12.14,62.721],[12.109,62.919],[12.218,63.001],[12.0,63.292],[12.212,63.492],[12.175,63.596],[12.69,63.957],[12.793,64.0],[20.872,64.0],[20.763,63.868],[20.678,63.826],[20.454,63.774],[20.205,63.662],[19.914,63.611],[19.782,63.538],[19.722,63.463],[19.502,63.509],[19.495,63.424],[19.354,63.477],[19.236,63.347],[19.034,63.238],[18.817,63.257],[18.792,63.238],[18.859,63.207],[18.606,63.178],[18.531,63.064],[18.344,63.032],[18.313,62.996],[18.502,62.989],[18.463,62.896],[18.248,62.849],[18.17,62.789],[18.074,62.791],[18.094,62.836],[17.951,62.834],[17.907,62.887],[17.88,62.873],[17.896,62.831],[17.974,62.721],[17.903,62.659],[18.037,62.601],[17.834,62.503],[17.718,62.501],[17.646,62.451],[17.41,62.508],[17.378,62.463],[17.429,62.335],[17.634,62.233],[17.51,62.166],[17.375,61.866],[17.465,61.684],[17.196,61.725],[17.216,61.656],[17.131,61.576],[17.164,61.458],[17.138,61.382],[17.2,61.312],[17.164,61.278],[17.203,60.952],[17.279,60.812],[17.251,60.701],[17.36,60.641],[17.593,60.628],[17.661,60.535],[17.956,60.59],[18.011,60.511],[18.163,60.408],[18.4,60.337],[18.558,60.254],[18.535,60.153],[18.787,60.079],[18.933,59.942],[18.99,59.828],[18.971,59.757],[18.719,59.657],[18.578,59.566],[18.276,59.438],[18.164,59.43],[17.964,59.359],[17.98,59.329],[18.133,59.316],[18.509,59.408],[18.618,59.327],[18.414,59.29],[18.373,59.18],[18.285,59.109],[17.457,58.858],[17.348,58.781],[16.978,58.654],[16.316,58.664],[16.214,58.637],[16.788,58.585],[16.924,58.493],[16.652,58.434],[16.77,58.214],[16.7,58.161],[16.695,57.918],[16.597,57.913],[16.555,57.812],[16.586,57.761],[16.604,57.568],[16.652,57.501],[16.631,57.43],[16.476,57.265],[16.528,57.068],[16.349,56.709],[16.217,56.59],[15.997,56.223],[15.92,56.167],[15.827,56.125],[15.627,56.186],[15.327,56.151],[14.782,56.162],[14.714,56.134],[14.755,56.033],[14.656,56.02],[14.559,56.049],[14.402,55.977],[14.215,55.833],[14.203,55.729],[14.342,55.528],[14.174,55.397],[13.806,55.429],[13.321,55.346],[12.886,55.411],[12.941,55.482],[12.974,55.748],[12.471,56.291],[12.706,56.235],[12.802,56.264],[12.656,56.441],[12.857,56.452],[12.92,56.516],[12.884,56.618],[12.718,56.663],[12.573,56.823],[12.421,56.906],[12.152,57.227],[12.053,57.447],[11.962,57.426],[11.879,57.679],[11.735,57.718],[11.703,57.973],[11.549,58.001],[11.449,58.118],[11.432,58.34],[11.33,58.38],[11.248,58.369],[11.272,58.476],[11.208,58.866],[11.147,58.989],[11.167,59.046],[11.196,59.078],[11.295,59.087],[11.388,59.037],[11.471,58.91]]],[[[19.138,57.86],[19.039,57.911],[19.135,57.981],[19.331,57.963],[19.156,57.923],[19.138,57.86]]],[[[18.486,59.105],[18.35,59.023],[18.398,59.089],[18.486,59.105]]],[[[18.57,59.437],[18.545,59.478],[18.572,59.526],[18.698,59.535],[18.57,59.437]]]]}},{"type":"Feature","properties":{"name":"Spain"},"geometry":{"type":"MultiPolygon","coordinates":[[[[1.571,38.659],[1.406,38.671],[1.402,38.711],[1.436,38.768],[1.497,38.712],[1.593,38.701],[1.571,38.659]]],[[[3.241,39.757],[3.396,39.777],[3.449,39.761],[3.462,39.698],[3.245,39.387],[3.073,39.301],[2.8,39.385],[2.746,39.51],[2.701,39.542],[2.634,39.556],[2.5,39.478],[2.37,39.572],[2.371,39.613],[2.785,39.855],[3.159,39.971],[3.198,39.961],[3.164,39.924],[3.199,39.89],[3.145,39.79],[3.241,39.757]]],[[[4.275,39.83],[3.867,39.959],[3.843,39.976],[3.853,40.063],[4.059,40.075],[4.226,40.032],[4.322,39.898],[4.275,39.83]]],[[[1.409,38.857],[1.223,38.904],[1.256,38.973],[1.3,38.982],[1.303,39.031],[1.349,39.081],[1.564,39.121],[1.613,39.087],[1.624,39.039],[1.445,38.919],[1.409,38.857]]],[[[-1.793,43.373],[-1.713,43.307],[-1.411,43.24],[-1.423,43.149],[-1.48,43.071],[-1.429,43.037],[-1.371,43.038],[-1.3,43.101],[-1.285,43.06],[-1.175,43.021],[-0.934,42.95],[-0.763,42.94],[-0.586,42.799],[-0.299,42.825],[-0.041,42.689],[0.201,42.719],[0.255,42.693],[0.632,42.69],[0.652,42.8],[0.697,42.845],[1.349,42.691],[1.428,42.596],[1.449,42.437],[1.706,42.503],[1.928,42.426],[1.987,42.358],[2.2,42.421],[2.652,42.34],[2.702,42.408],[2.891,42.456],[3.211,42.431],[3.307,42.289],[3.166,42.256],[3.15,42.162],[3.238,42.082],[3.248,41.944],[3.005,41.767],[2.311,41.467],[2.083,41.287],[1.033,41.062],[0.715,40.823],[0.796,40.804],[0.891,40.722],[0.721,40.63],[0.596,40.615],[0.364,40.319],[-0.075,39.876],[-0.327,39.52],[-0.329,39.417],[-0.205,39.063],[-0.034,38.891],[0.155,38.825],[0.202,38.759],[-0.053,38.586],[-0.381,38.436],[-0.521,38.317],[-0.551,38.203],[-0.647,38.152],[-0.683,37.992],[-0.815,37.77],[-0.823,37.712],[-0.722,37.631],[-0.822,37.581],[-1.328,37.561],[-1.641,37.387],[-1.798,37.233],[-1.939,36.946],[-2.112,36.777],[-2.188,36.745],[-2.306,36.82],[-2.453,36.831],[-2.596,36.806],[-2.671,36.748],[-2.788,36.715],[-3.149,36.758],[-3.431,36.708],[-3.828,36.756],[-4.367,36.718],[-4.435,36.7],[-4.674,36.506],[-4.935,36.502],[-5.171,36.424],[-5.33,36.236],[-5.361,36.135],[-5.444,36.151],[-5.463,36.074],[-5.625,36.026],[-5.808,36.088],[-5.961,36.182],[-6.041,36.188],[-6.226,36.426],[-6.269,36.597],[-6.384,36.637],[-6.412,36.729],[-6.328,36.848],[-6.217,36.914],[-6.321,36.908],[-6.396,36.832],[-6.492,36.955],[-6.885,37.194],[-6.864,37.279],[-6.975,37.198],[-7.406,37.179],[-7.504,37.585],[-7.444,37.728],[-7.185,38.006],[-7.023,38.045],[-6.958,38.188],[-7.106,38.181],[-7.343,38.457],[-7.282,38.715],[-7.046,38.907],[-6.998,39.056],[-7.043,39.107],[-7.172,39.135],[-7.306,39.338],[-7.335,39.465],[-7.445,39.536],[-7.536,39.662],[-7.118,39.682],[-7.037,39.714],[-6.975,39.798],[-6.896,40.022],[-7.033,40.168],[-7.015,40.208],[-6.81,40.343],[-6.852,40.443],[-6.818,40.654],[-6.836,40.777],[-6.928,41.009],[-6.776,41.108],[-6.69,41.215],[-6.403,41.375],[-6.213,41.532],[-6.243,41.602],[-6.308,41.642],[-6.542,41.673],[-6.558,41.874],[-6.618,41.942],[-7.03,41.951],[-7.147,41.981],[-7.195,41.955],[-7.21,41.895],[-7.404,41.834],[-7.693,41.888],[-7.921,41.884],[-8.152,41.812],[-8.225,41.896],[-8.13,42.018],[-8.213,42.134],[-8.266,42.137],[-8.59,42.053],[-8.852,41.927],[-8.878,41.947],[-8.887,42.105],[-8.691,42.274],[-8.816,42.285],[-8.81,42.334],[-8.73,42.412],[-8.812,42.47],[-8.812,42.64],[-9.033,42.594],[-9.035,42.662],[-8.927,42.799],[-9.042,42.814],[-9.235,42.977],[-9.178,43.174],[-8.874,43.334],[-8.666,43.317],[-8.355,43.397],[-8.249,43.439],[-8.289,43.54],[-8.257,43.58],[-8.005,43.694],[-7.853,43.707],[-7.698,43.765],[-7.595,43.727],[-7.504,43.74],[-7.262,43.595],[-7.061,43.554],[-6.901,43.586],[-6.08,43.595],[-5.847,43.645],[-5.666,43.582],[-5.316,43.553],[-4.523,43.416],[-4.313,43.415],[-3.889,43.499],[-3.774,43.478],[-3.605,43.519],[-3.046,43.372],[-2.875,43.454],[-2.607,43.413],[-2.337,43.328],[-1.991,43.345],[-1.794,43.407],[-1.793,43.373]]],[[[-16.418,28.151],[-16.543,28.032],[-16.658,28.007],[-16.795,28.149],[-16.905,28.34],[-16.843,28.376],[-16.557,28.4],[-16.319,28.558],[-16.124,28.576],[-16.119,28.528],[-16.334,28.38],[-16.418,28.151]]],[[[-13.784,28.845],[-13.86,28.869],[-13.824,29.013],[-13.65,29.119],[-13.535,29.144],[-13.464,29.237],[-13.423,29.198],[-13.478,29.007],[-13.716,28.911],[-13.784,28.845]]],[[[-14.333,28.056],[-14.492,28.101],[-14.356,28.13],[-14.232,28.216],[-14.003,28.707],[-13.954,28.741],[-13.857,28.738],[-13.827,28.691],[-13.828,28.585],[-13.928,28.253],[-14.197,28.169],[-14.333,28.056]]],[[[-15.415,28.159],[-15.389,27.875],[-15.437,27.811],[-15.559,27.747],[-15.71,27.784],[-15.807,27.888],[-15.809,27.994],[-15.721,28.064],[-15.683,28.154],[-15.453,28.137],[-15.415,28.159]]],[[[-17.225,28.014],[-17.325,28.118],[-17.259,28.203],[-17.13,28.156],[-17.104,28.111],[-17.101,28.083],[-17.225,28.014]]],[[[-17.985,27.646],[-18.161,27.761],[-18.043,27.768],[-17.925,27.85],[-17.888,27.81],[-17.985,27.646]]],[[[-17.859,28.486],[-18.001,28.758],[-17.929,28.845],[-17.798,28.847],[-17.727,28.724],[-17.744,28.616],[-17.758,28.569],[-17.859,28.486]]]]}},{"type":"Feature","properties":{"name":"Slovakia"},"geometry":{"type":"Polygon","coordinates":[[[21.767,48.338],[21.451,48.552],[21.067,48.506],[20.643,48.55],[20.49,48.527],[20.334,48.296],[19.899,48.131],[19.625,48.223],[19.564,48.213],[19.467,48.111],[18.914,48.051],[18.792,48.0],[18.75,47.939],[18.778,47.853],[18.724,47.787],[17.762,47.77],[17.635,47.81],[17.317,47.991],[17.147,48.006],[17.086,48.04],[16.865,48.387],[16.863,48.441],[16.943,48.551],[16.985,48.677],[17.136,48.841],[17.188,48.861],[17.483,48.828],[17.758,48.888],[17.913,48.999],[18.086,49.065],[18.161,49.257],[18.365,49.336],[18.596,49.491],[18.938,49.498],[18.968,49.396],[19.149,49.4],[19.25,49.511],[19.442,49.598],[19.63,49.407],[19.774,49.372],[19.788,49.27],[19.757,49.204],[19.802,49.192],[19.916,49.221],[20.058,49.181],[20.164,49.316],[20.423,49.392],[20.616,49.392],[20.8,49.329],[20.947,49.317],[21.079,49.418],[21.35,49.429],[21.64,49.412],[21.89,49.343],[22.0,49.249],[22.0,48.375],[21.767,48.338]]]}},{"type":"Feature","properties":{"name":"Slovenia"},"geometry":{"type":"Polygon","coordinates":[[[16.516,46.5],[16.321,46.535],[16.258,46.508],[16.237,46.484],[16.253,46.389],[16.227,46.373],[16.067,46.371],[15.933,46.278],[15.636,46.201],[15.593,46.14],[15.666,46.048],[15.652,45.862],[15.277,45.733],[15.354,45.66],[15.284,45.58],[15.339,45.467],[15.242,45.441],[14.955,45.5],[14.793,45.478],[14.569,45.657],[14.37,45.481],[14.086,45.478],[13.993,45.509],[13.879,45.428],[13.615,45.477],[13.578,45.517],[13.72,45.588],[13.875,45.615],[13.722,45.761],[13.583,45.812],[13.601,45.98],[13.488,45.987],[13.486,46.04],[13.617,46.133],[13.633,46.177],[13.421,46.212],[13.378,46.262],[13.4,46.318],[13.68,46.463],[13.7,46.52],[14.55,46.4],[14.757,46.499],[14.893,46.606],[15.217,46.643],[15.439,46.63],[15.633,46.698],[15.767,46.711],[15.958,46.678],[15.977,46.801],[16.093,46.863],[16.284,46.857],[16.335,46.722],[16.385,46.681],[16.381,46.639],[16.516,46.5]]]}},{"type":"Feature","properties":{"name":"Serbia"},"geometry":{"type":"Polygon","coordinates":[[[21.523,44.79],[21.636,44.71],[22.0,44.63],[22.0,42.315],[21.904,42.322],[21.618,42.242],[21.562,42.248],[21.519,42.328],[21.61,42.387],[21.753,42.67],[21.391,42.751],[21.403,42.832],[21.237,42.913],[21.223,42.956],[21.057,43.092],[20.844,43.173],[20.801,43.261],[20.623,43.199],[20.658,43.1],[20.624,43.034],[20.475,42.953],[20.469,42.858],[20.344,42.828],[20.34,42.893],[20.268,42.935],[19.944,43.082],[19.614,43.173],[19.415,43.343],[19.219,43.45],[19.194,43.533],[19.254,43.584],[19.36,43.593],[19.451,43.562],[19.495,43.643],[19.488,43.704],[19.245,43.965],[19.305,43.993],[19.55,43.987],[19.584,44.043],[19.339,44.226],[19.152,44.303],[19.118,44.36],[19.151,44.527],[19.292,44.697],[19.349,44.881],[19.237,44.914],[19.007,44.869],[18.996,44.904],[19.085,44.927],[19.063,45.137],[19.13,45.152],[19.137,45.196],[19.303,45.167],[19.388,45.173],[19.4,45.212],[19.33,45.268],[19.093,45.337],[19.005,45.4],[19.008,45.466],[19.064,45.515],[18.918,45.601],[18.947,45.656],[18.839,45.836],[18.894,45.866],[18.905,45.932],[19.016,45.96],[19.066,46.01],[19.208,45.984],[19.278,46.003],[19.421,46.064],[19.531,46.155],[19.934,46.161],[20.21,46.126],[20.359,45.975],[20.581,45.869],[20.709,45.735],[20.775,45.75],[20.794,45.468],[21.024,45.322],[21.431,45.193],[21.49,45.148],[21.421,45.033],[21.353,45.009],[21.532,44.901],[21.358,44.862],[21.36,44.827],[21.523,44.79]]]}},{"type":"Feature","properties":{"name":"Russia"},"geometry":{"type":"Polygon","coordinates":[[[20.958,55.279],[20.595,54.982],[20.887,54.909],[21.189,54.935],[21.236,55.264],[21.389,55.276],[21.555,55.195],[22.0,55.077],[22.0,54.365],[19.604,54.459],[19.859,54.634],[19.944,54.75],[19.975,54.921],[20.108,54.956],[20.397,54.951],[20.52,54.995],[20.9,55.287],[20.958,55.279]]]}},{"type":"Feature","properties":{"name":"Romania"},"geometry":{"type":"Polygon","coordinates":[[[22.0,44.63],[21.636,44.71],[21.523,44.79],[21.36,44.827],[21.358,44.862],[21.532,44.901],[21.353,45.009],[21.421,45.033],[21.49,45.148],[21.431,45.193],[21.024,45.322],[20.794,45.468],[20.775,45.75],[20.709,45.735],[20.581,45.869],[20.359,45.975],[20.242,46.109],[20.508,46.167],[20.614,46.133],[20.707,46.173],[20.76,46.246],[21.04,46.242],[21.152,46.304],[21.192,46.392],[21.265,46.412],[21.252,46.486],[21.32,46.608],[21.497,46.704],[21.494,46.79],[21.653,46.964],[21.661,47.044],[21.785,47.138],[21.869,47.305],[21.995,47.396],[22.0,47.505],[22.0,44.63]]]}},{"type":"Feature","properties":{"name":"Portugal"},"geometry":{"type":"MultiPolygon","coordinates":[[[[-17.054,32.816],[-16.929,32.841],[-16.693,32.758],[-16.837,32.648],[-17.018,32.663],[-17.171,32.722],[-17.241,32.807],[-17.191,32.869],[-17.054,32.816]]],[[[-8.683,42.008],[-8.538,42.069],[-8.213,42.134],[-8.13,42.018],[-8.225,41.896],[-8.152,41.812],[-7.921,41.884],[-7.693,41.888],[-7.404,41.834],[-7.21,41.895],[-7.195,41.955],[-7.147,41.981],[-7.03,41.951],[-6.618,41.942],[-6.558,41.874],[-6.542,41.673],[-6.308,41.642],[-6.243,41.602],[-6.213,41.532],[-6.403,41.375],[-6.69,41.215],[-6.776,41.108],[-6.928,41.009],[-6.836,40.777],[-6.818,40.654],[-6.852,40.443],[-6.81,40.343],[-7.015,40.208],[-7.033,40.168],[-6.896,40.022],[-6.975,39.798],[-7.037,39.714],[-7.118,39.682],[-7.536,39.662],[-7.445,39.536],[-7.335,39.465],[-7.306,39.338],[-7.172,39.135],[-7.043,39.107],[-6.998,39.056],[-7.046,38.907],[-7.282,38.715],[-7.343,38.457],[-7.106,38.181],[-6.958,38.188],[-7.023,38.045],[-7.185,38.006],[-7.444,37.728],[-7.504,37.585],[-7.406,37.179],[-7.494,37.168],[-7.834,37.006],[-7.94,37.005],[-8.137,37.077],[-8.598,37.121],[-8.739,37.075],[-8.848,37.076],[-8.935,37.016],[-8.998,37.032],[-8.814,37.431],[-8.792,37.733],[-8.823,37.872],[-8.879,37.959],[-8.802,38.184],[-8.811,38.3],[-8.881,38.447],[-8.668,38.424],[-8.799,38.518],[-9.213,38.448],[-9.203,38.539],[-9.25,38.657],[-9.093,38.697],[-9.021,38.747],[-8.977,38.803],[-9.0,38.903],[-8.938,38.998],[-8.792,39.078],[-8.954,39.016],[-9.136,38.743],[-9.357,38.698],[-9.474,38.731],[-9.414,39.112],[-9.353,39.248],[-9.375,39.338],[-9.148,39.543],[-8.838,40.116],[-8.887,40.179],[-8.873,40.259],[-8.772,40.606],[-8.685,40.753],[-8.656,41.029],[-8.806,41.56],[-8.811,41.652],[-8.755,41.698],[-8.846,41.705],[-8.888,41.765],[-8.878,41.832],[-8.683,42.008]]],[[[-25.032,36.942],[-25.16,36.943],[-25.198,36.997],[-25.083,37.024],[-25.044,37.0],[-25.032,36.942]]],[[[-31.181,39.359],[-31.283,39.394],[-31.261,39.497],[-31.2,39.521],[-31.139,39.479],[-31.137,39.407],[-31.181,39.359]]],[[[-27.095,38.634],[-27.303,38.661],[-27.362,38.698],[-27.386,38.766],[-27.26,38.803],[-27.127,38.79],[-27.042,38.741],[-27.042,38.679],[-27.095,38.634]]],[[[-27.826,38.544],[-28.187,38.655],[-28.311,38.744],[-27.778,38.556],[-27.826,38.544]]],[[[-28.744,38.522],[-28.842,38.598],[-28.698,38.638],[-28.606,38.551],[-28.744,38.522]]],[[[-28.065,38.413],[-28.231,38.385],[-28.454,38.409],[-28.531,38.463],[-28.549,38.519],[-28.51,38.553],[-28.402,38.553],[-28.065,38.413]]],[[[-25.585,37.834],[-25.267,37.849],[-25.182,37.838],[-25.191,37.764],[-25.251,37.735],[-25.439,37.715],[-25.734,37.763],[-25.834,37.826],[-25.846,37.894],[-25.784,37.911],[-25.585,37.834]]]]}},{"type":"Feature","properties":{"name":"Poland"},"geometry":{"type":"Polygon","coordinates":[[[21.968,49.299],[21.64,49.412],[21.079,49.418],[21.001,49.34],[20.868,49.315],[20.616,49.392],[20.423,49.392],[20.164,49.316],[20.058,49.181],[19.916,49.221],[19.802,49.192],[19.757,49.204],[19.788,49.27],[19.774,49.372],[19.63,49.407],[19.442,49.598],[19.25,49.511],[19.149,49.4],[18.968,49.396],[18.938,49.498],[18.832,49.511],[18.807,49.614],[18.595,49.758],[18.562,49.879],[18.348,49.93],[18.305,49.914],[18.028,50.035],[17.984,49.999],[17.831,49.983],[17.596,50.14],[17.735,50.231],[17.702,50.307],[17.415,50.255],[17.152,50.378],[16.88,50.427],[16.99,50.237],[16.639,50.102],[16.334,50.367],[16.21,50.424],[16.357,50.5],[16.42,50.574],[16.282,50.656],[16.007,50.612],[15.949,50.67],[15.731,50.74],[15.354,50.812],[15.277,50.883],[15.259,50.959],[14.994,51.014],[14.983,50.887],[14.809,50.859],[14.964,51.095],[15.017,51.253],[14.906,51.463],[14.725,51.524],[14.725,51.662],[14.602,51.832],[14.675,51.905],[14.753,52.082],[14.705,52.11],[14.68,52.25],[14.616,52.278],[14.555,52.36],[14.619,52.529],[14.514,52.646],[14.129,52.878],[14.139,52.933],[14.369,53.106],[14.411,53.199],[14.415,53.283],[14.259,53.73],[14.583,53.639],[14.552,53.707],[14.558,53.823],[14.214,53.871],[14.211,53.95],[14.384,53.925],[15.288,54.14],[16.186,54.29],[16.56,54.554],[16.885,54.596],[17.262,54.73],[18.086,54.836],[18.323,54.838],[18.759,54.685],[18.8,54.633],[18.436,54.745],[18.67,54.431],[18.976,54.349],[19.407,54.386],[19.604,54.459],[22.0,54.365],[22.0,49.249],[21.968,49.299]]]}},{"type":"Feature","properties":{"name":"Norway"},"geometry":{"type":"MultiPolygon","coordinates":[[[[12.69,63.957],[12.175,63.596],[12.212,63.492],[12.0,63.292],[12.218,63.001],[12.109,62.919],[12.14,62.721],[12.115,62.592],[12.304,62.286],[12.155,61.721],[12.596,61.541],[12.881,61.352],[12.828,61.222],[12.706,61.06],[12.294,61.003],[12.315,60.892],[12.554,60.546],[12.589,60.451],[12.516,60.305],[12.486,60.107],[12.169,59.913],[11.932,59.864],[11.834,59.697],[11.681,59.592],[11.798,59.29],[11.712,59.019],[11.643,58.926],[11.544,58.893],[11.471,58.91],[11.366,59.105],[10.834,59.184],[10.645,59.389],[10.595,59.765],[10.534,59.696],[10.57,59.587],[10.398,59.519],[10.407,59.456],[10.446,59.444],[10.431,59.28],[10.179,59.009],[10.083,59.029],[9.96,58.968],[9.843,58.958],[9.8,59.027],[9.635,59.118],[9.557,59.113],[9.696,59.01],[9.657,58.971],[9.31,58.857],[9.396,58.806],[8.928,58.57],[8.521,58.301],[8.166,58.145],[8.037,58.147],[7.876,58.08],[7.466,58.021],[7.194,58.048],[7.005,58.024],[6.903,58.071],[6.912,58.143],[6.877,58.151],[6.803,58.155],[6.731,58.068],[6.591,58.097],[6.555,58.123],[6.692,58.224],[6.66,58.263],[6.389,58.268],[6.055,58.375],[5.977,58.432],[5.707,58.524],[5.586,58.62],[5.517,58.727],[5.556,58.975],[5.612,59.013],[6.099,58.87],[6.363,59.001],[6.321,59.016],[6.099,58.952],[5.889,59.06],[5.889,59.098],[5.969,59.186],[5.937,59.234],[5.952,59.299],[6.404,59.561],[5.845,59.353],[5.564,59.291],[5.468,59.204],[5.362,59.166],[5.173,59.163],[5.132,59.226],[5.185,59.454],[5.305,59.643],[5.404,59.656],[5.472,59.713],[5.772,59.661],[5.867,59.734],[6.217,59.818],[5.834,59.795],[5.763,59.808],[5.73,59.863],[6.07,60.083],[6.141,60.233],[6.349,60.353],[6.518,60.408],[6.574,60.361],[6.527,60.153],[6.72,60.418],[6.996,60.512],[6.347,60.419],[6.153,60.346],[5.904,60.151],[5.877,60.07],[5.699,60.01],[5.495,59.826],[5.146,59.639],[5.111,59.668],[5.105,59.732],[5.119,59.834],[5.22,59.979],[5.174,60.046],[5.206,60.088],[5.495,60.07],[5.689,60.123],[5.658,60.154],[5.417,60.154],[5.286,60.206],[5.184,60.308],[5.137,60.446],[5.168,60.485],[5.648,60.688],[5.589,60.694],[5.447,60.617],[5.244,60.57],[5.116,60.636],[5.049,60.708],[5.009,61.038],[5.095,61.071],[5.505,61.056],[5.984,61.117],[6.418,61.084],[6.61,61.137],[6.778,61.142],[6.972,61.056],[6.981,60.994],[7.039,60.953],[7.078,60.966],[7.04,61.091],[7.545,61.177],[7.604,61.211],[7.404,61.222],[7.347,61.301],[7.443,61.435],[7.331,61.372],[7.276,61.284],[7.298,61.214],[7.276,61.181],[7.174,61.166],[6.943,61.161],[6.657,61.207],[6.61,61.229],[6.626,61.279],[6.6,61.29],[6.493,61.155],[6.383,61.134],[6.083,61.167],[5.647,61.148],[5.451,61.102],[5.325,61.108],[5.107,61.188],[5.022,61.251],[5.003,61.434],[5.339,61.485],[5.168,61.543],[5.099,61.62],[4.997,61.645],[4.928,61.711],[4.93,61.878],[4.985,61.9],[5.465,61.897],[6.016,61.788],[6.467,61.807],[6.731,61.87],[6.131,61.852],[5.473,61.946],[5.267,61.936],[5.16,61.957],[5.096,62.027],[5.143,62.16],[5.241,62.189],[5.358,62.152],[5.484,62.239],[5.533,62.311],[5.718,62.379],[5.908,62.416],[6.083,62.35],[6.209,62.353],[6.58,62.407],[6.692,62.468],[6.136,62.407],[6.118,62.447],[6.237,62.52],[6.273,62.584],[6.353,62.611],[6.961,62.627],[7.57,62.548],[7.691,62.586],[7.527,62.61],[7.538,62.672],[7.805,62.721],[8.096,62.732],[8.046,62.771],[7.408,62.712],[7.242,62.752],[6.78,62.701],[6.735,62.721],[6.94,62.93],[7.389,63.023],[7.572,63.1],[8.101,63.091],[8.211,62.996],[8.623,62.846],[8.609,62.881],[8.235,63.082],[8.158,63.162],[8.184,63.237],[8.271,63.287],[8.58,63.313],[8.636,63.342],[8.641,63.392],[8.594,63.426],[8.387,63.445],[8.361,63.499],[8.576,63.601],[8.842,63.646],[9.136,63.594],[9.158,63.566],[9.076,63.5],[9.084,63.463],[9.156,63.459],[9.324,63.57],[9.697,63.625],[9.936,63.479],[9.979,63.395],[10.021,63.391],[10.081,63.433],[10.34,63.469],[10.76,63.461],[10.674,63.558],[10.725,63.625],[11.371,63.805],[11.308,63.876],[11.176,63.899],[11.449,64.0],[12.793,64.0],[12.69,63.957]]],[[[11.114,64.0],[10.914,63.921],[11.047,63.845],[10.935,63.77],[10.339,63.571],[10.055,63.513],[9.924,63.522],[9.767,63.7],[9.595,63.679],[9.567,63.706],[9.615,63.795],[9.708,63.865],[9.864,63.918],[9.952,64.0],[11.114,64.0]]],[[[4.959,61.085],[4.799,61.083],[4.824,61.178],[4.915,61.199],[4.973,61.148],[4.959,61.085]]],[[[5.089,60.189],[4.997,60.198],[4.956,60.243],[4.93,60.412],[4.957,60.447],[4.991,60.452],[5.05,60.389],[5.089,60.189]]],[[[8.356,63.665],[8.287,63.687],[8.709,63.774],[8.733,63.801],[8.809,63.771],[8.787,63.703],[8.356,63.665]]],[[[8.103,63.338],[7.888,63.352],[7.804,63.414],[8.074,63.471],[8.136,63.431],[8.141,63.366],[8.103,63.338]]]]}},{"type":"Feature","properties":{"name":"Niger"},"geometry":{"type":"Polygon","coordinates":[[[9.393,22.0],[11.968,23.518],[13.481,23.18],[13.599,23.12],[14.216,22.62],[14.979,22.996],[15.159,22.0],[9.393,22.0]]]}},{"type":"Feature","properties":{"name":"Netherlands"},"geometry":{"type":"MultiPolygon","coordinates":[[[[5.994,50.75],[5.694,50.775],[5.639,50.844],[5.75,50.95],[5.818,51.086],[5.827,51.126],[5.796,51.153],[5.609,51.198],[5.477,51.285],[5.311,51.26],[5.214,51.279],[5.1,51.346],[5.031,51.469],[4.944,51.408],[4.848,51.403],[4.756,51.491],[4.634,51.422],[4.503,51.475],[4.385,51.428],[4.404,51.367],[4.374,51.356],[4.007,51.443],[3.822,51.409],[3.587,51.454],[3.449,51.541],[3.549,51.589],[3.744,51.596],[3.886,51.574],[4.141,51.456],[4.274,51.472],[4.005,51.596],[4.183,51.61],[3.947,51.811],[4.085,51.994],[4.209,52.059],[4.483,52.309],[4.562,52.443],[4.678,52.81],[4.769,52.941],[4.888,52.908],[5.061,52.961],[5.358,53.096],[5.446,53.214],[5.532,53.269],[6.062,53.407],[6.816,53.441],[6.968,53.327],[7.197,53.282],[7.19,53.0],[7.051,52.745],[7.033,52.651],[6.711,52.618],[6.692,52.53],[6.749,52.464],[6.968,52.444],[7.035,52.38],[7.02,52.266],[6.977,52.206],[6.725,52.08],[6.716,52.036],[6.8,51.967],[6.742,51.911],[6.518,51.854],[6.425,51.858],[6.356,51.825],[6.167,51.881],[5.949,51.803],[5.949,51.762],[6.089,51.638],[6.199,51.45],[6.076,51.224],[6.082,51.18],[6.13,51.147],[5.939,51.041],[5.858,51.03],[6.048,50.905],[5.994,50.75]]],[[[4.226,51.386],[4.173,51.307],[3.902,51.208],[3.58,51.286],[3.433,51.246],[3.38,51.291],[3.35,51.378],[3.589,51.399],[3.883,51.354],[4.011,51.396],[4.112,51.361],[4.226,51.386]]],[[[6.193,53.477],[6.159,53.484],[6.333,53.511],[6.193,53.477]]],[[[5.732,53.443],[5.654,53.467],[5.929,53.459],[5.732,53.443]]],[[[4.924,53.235],[5.027,53.31],[5.109,53.308],[4.924,53.235]]],[[[5.326,53.386],[5.19,53.392],[5.583,53.438],[5.326,53.386]]],[[[4.787,53.0],[4.709,53.036],[4.74,53.091],[4.886,53.183],[4.886,53.071],[4.787,53.0]]],[[[3.949,51.739],[4.075,51.649],[3.951,51.627],[3.819,51.694],[3.732,51.678],[3.699,51.73],[3.949,51.739]]],[[[6.642,53.579],[6.669,53.606],[6.801,53.625],[6.735,53.583],[6.642,53.579]]]]}},{"type":"Feature","properties":{"name":"Morocco"},"geometry":{"type":"Polygon","coordinates":[[[-2.191,35.03],[-1.796,34.752],[-1.85,34.607],[-1.733,34.467],[-1.792,34.368],[-1.707,34.176],[-1.714,33.782],[-1.631,33.567],[-1.679,33.319],[-1.551,33.074],[-1.51,32.878],[-1.45,32.785],[-1.111,32.552],[-1.066,32.468],[-1.24,32.338],[-1.262,32.271],[-1.226,32.107],[-2.448,32.13],[-2.863,32.075],[-2.931,32.043],[-3.017,31.834],[-3.44,31.705],[-3.768,31.69],[-3.847,31.62],[-3.789,31.362],[-3.833,31.198],[-3.625,31.066],[-3.627,31.001],[-3.667,30.964],[-3.985,30.914],[-4.323,30.699],[-4.968,30.465],[-5.18,30.166],[-5.449,29.957],[-6.004,29.831],[-6.48,29.82],[-6.521,29.66],[-6.635,29.569],[-7.142,29.62],[-7.486,29.392],[-7.685,29.35],[-8.265,28.981],[-8.678,28.689],[-8.683,27.656],[-8.818,27.656],[-8.774,27.461],[-8.797,27.308],[-8.754,27.191],[-8.754,27.151],[-8.795,27.121],[-9.413,27.088],[-9.735,26.861],[-9.818,26.85],[-9.9,26.85],[-10.033,26.911],[-10.251,26.861],[-10.551,26.991],[-10.758,27.02],[-10.923,27.01],[-11.393,26.883],[-11.317,26.745],[-11.338,26.633],[-11.512,26.47],[-11.685,26.213],[-11.718,26.104],[-12.031,26.031],[-12.061,25.991],[-12.311,25.111],[-12.431,24.831],[-12.991,24.47],[-13.061,24.401],[-13.311,23.981],[-13.771,23.791],[-13.891,23.691],[-14.021,23.411],[-14.101,23.1],[-14.221,22.31],[-14.51,22.0],[-16.878,22.0],[-16.793,22.16],[-16.684,22.274],[-16.514,22.333],[-16.359,22.595],[-16.304,22.835],[-16.202,22.945],[-16.17,23.032],[-16.21,23.098],[-15.789,23.793],[-15.802,23.842],[-15.981,23.67],[-15.899,23.844],[-15.586,24.073],[-15.189,24.479],[-15.039,24.549],[-14.904,24.72],[-14.856,24.872],[-14.843,25.22],[-14.795,25.404],[-14.523,25.925],[-14.471,26.163],[-14.414,26.254],[-14.168,26.415],[-13.952,26.489],[-13.576,26.735],[-13.176,27.656],[-13.041,27.77],[-12.949,27.914],[-12.794,27.978],[-12.469,28.009],[-11.986,28.129],[-11.553,28.31],[-11.43,28.382],[-11.081,28.714],[-10.486,29.065],[-10.201,29.38],[-9.743,29.958],[-9.667,30.109],[-9.624,30.353],[-9.653,30.448],[-9.773,30.603],[-9.854,30.645],[-9.875,30.718],[-9.832,30.847],[-9.809,31.425],[-9.675,31.711],[-9.347,32.086],[-9.287,32.241],[-9.246,32.572],[-8.836,32.92],[-8.513,33.252],[-8.301,33.374],[-7.562,33.64],[-6.901,33.969],[-6.756,34.133],[-6.353,34.776],[-5.925,35.786],[-5.623,35.829],[-5.397,35.93],[-5.278,35.903],[-5.338,35.857],[-5.338,35.745],[-5.253,35.615],[-5.105,35.468],[-4.837,35.281],[-4.628,35.206],[-4.33,35.161],[-3.693,35.28],[-3.591,35.228],[-3.395,35.212],[-3.206,35.239],[-3.063,35.317],[-2.972,35.407],[-2.954,35.315],[-2.84,35.128],[-2.22,35.104],[-2.191,35.03]]]}},{"type":"Feature","properties":{"name":"W. Sahara"},"geometry":{"type":"Polygon","coordinates":[[[-8.818,27.656],[-8.683,27.656],[-8.682,25.996],[-12.016,25.995],[-12.023,23.468],[-12.373,23.318],[-12.62,23.271],[-13.031,23.0],[-13.121,22.884],[-13.167,22.753],[-13.094,22.496],[-13.061,22.0],[-14.51,22.0],[-14.221,22.31],[-14.101,23.1],[-14.021,23.411],[-13.891,23.691],[-13.771,23.791],[-13.311,23.981],[-13.061,24.401],[-12.991,24.47],[-12.431,24.831],[-12.311,25.111],[-12.061,25.991],[-12.031,26.031],[-11.718,26.104],[-11.685,26.213],[-11.512,26.47],[-11.338,26.633],[-11.317,26.745],[-11.393,26.883],[-10.923,27.01],[-10.758,27.02],[-10.551,26.991],[-10.251,26.861],[-10.033,26.911],[-9.9,26.85],[-9.818,26.85],[-9.735,26.861],[-9.413,27.088],[-8.795,27.121],[-8.754,27.151],[-8.754,27.191],[-8.797,27.308],[-8.774,27.461],[-8.818,27.656]]]}},{"type":"Feature","properties":{"name":"Montenegro"},"geometry":{"type":"Polygon","coordinates":[[[19.192,43.521],[19.219,43.45],[19.415,43.343],[19.614,43.173],[19.944,43.082],[20.268,42.935],[20.34,42.893],[20.348,42.853],[20.344,42.828],[20.215,42.799],[20.193,42.755],[20.054,42.76],[20.029,42.732],[20.089,42.632],[20.07,42.557],[19.939,42.507],[19.788,42.476],[19.738,42.525],[19.728,42.635],[19.654,42.629],[19.281,42.173],[19.361,42.069],[19.342,41.869],[19.186,41.949],[19.122,42.06],[18.894,42.249],[18.633,42.378],[18.646,42.443],[18.517,42.433],[18.438,42.523],[18.436,42.56],[18.546,42.642],[18.466,42.777],[18.46,42.998],[18.624,43.028],[18.622,43.125],[18.674,43.231],[18.851,43.346],[18.935,43.339],[18.979,43.285],[19.027,43.292],[19.037,43.357],[18.94,43.497],[18.951,43.527],[19.192,43.521]]]}},{"type":"Feature","properties":{"name":"Mexico"},"geometry":{"type":"Polygon","coordinates":[[[-98.0,26.058],[-97.587,25.984],[-97.376,25.872],[-97.282,25.942],[-97.146,25.961],[-97.164,25.755],[-97.507,25.015],[-97.668,24.39],[-97.743,23.761],[-97.766,23.306],[-97.745,22.942],[-97.858,22.625],[-97.763,22.106],[-97.7,22.0],[-97.754,22.027],[-97.746,22.0],[-98.0,22.0],[-98.0,26.058]]]}},{"type":"Feature","properties":{"name":"Mauritania"},"geometry":{"type":"Polygon","coordinates":[[[-13.061,22.0],[-13.094,22.496],[-13.167,22.753],[-13.121,22.884],[-13.031,23.0],[-12.62,23.271],[-12.373,23.318],[-12.023,23.468],[-12.016,25.995],[-8.682,25.996],[-8.683,27.286],[-4.823,24.996],[-6.594,24.995],[-6.251,22.0],[-13.061,22.0]]]}},{"type":"Feature","properties":{"name":"Malta"},"geometry":{"type":"MultiPolygon","coordinates":[[[[14.533,35.82],[14.436,35.822],[14.352,35.872],[14.351,35.978],[14.448,35.957],[14.537,35.886],[14.566,35.853],[14.533,35.82]]],[[[14.254,36.012],[14.194,36.042],[14.18,36.06],[14.263,36.076],[14.321,36.036],[14.254,36.012]]]]}},{"type":"Feature","properties":{"name":"Mali"},"geometry":{"type":"Polygon","coordinates":[[[-6.251,22.0],[-6.594,24.995],[-4.823,24.996],[-0.228,22.0],[-6.251,22.0]]]}},{"type":"Feature","properties":{"name":"North Macedonia"},"geometry":{"type":"Polygon","coordinates":[[[21.618,42.242],[21.904,42.322],[22.0,42.315],[22.0,41.131],[21.929,41.107],[21.779,40.95],[21.576,40.869],[21.404,40.907],[21.324,40.867],[20.964,40.85],[20.933,40.903],[20.741,40.905],[20.489,41.273],[20.492,41.391],[20.449,41.521],[20.516,41.575],[20.505,41.706],[20.553,41.862],[20.725,41.874],[20.778,42.071],[21.06,42.171],[21.142,42.175],[21.287,42.1],[21.332,42.187],[21.39,42.22],[21.618,42.242]]]}},{"type":"Feature","properties":{"name":"Luxembourg"},"geometry":{"type":"Polygon","coordinates":[[[6.089,50.155],[6.138,49.974],[6.256,49.872],[6.487,49.798],[6.485,49.708],[6.378,49.6],[6.344,49.453],[6.181,49.499],[6.011,49.445],[5.79,49.538],[5.88,49.645],[5.725,49.808],[5.744,49.92],[5.867,50.083],[5.976,50.167],[6.089,50.155]]]}},{"type":"Feature","properties":{"name":"Lithuania"},"geometry":{"type":"MultiPolygon","coordinates":[[[[20.9,55.287],[21.014,55.402],[21.115,55.617],[21.104,55.488],[21.032,55.35],[20.958,55.279],[20.9,55.287]]],[[[22.0,55.077],[21.389,55.276],[21.236,55.264],[21.201,55.344],[21.238,55.455],[21.062,55.813],[21.046,56.07],[21.654,56.315],[22.0,56.391],[22.0,55.077]]]]}},{"type":"Feature","properties":{"name":"Liechtenstein"},"geometry":{"type":"Polygon","coordinates":[[[9.502,47.063],[9.484,47.173],[9.528,47.271],[9.611,47.107],[9.58,47.057],[9.502,47.063]]]}},{"type":"Feature","properties":{"name":"Libya"},"geometry":{"type":"Polygon","coordinates":[[[9.31,30.115],[9.895,30.387],[10.256,30.865],[10.243,31.032],[10.115,31.464],[10.275,31.685],[10.476,31.736],[10.609,31.93],[10.826,32.081],[11.505,32.414],[11.534,32.525],[11.454,32.643],[11.505,33.182],[11.813,33.094],[12.28,32.859],[12.754,32.801],[13.283,32.915],[13.536,32.824],[13.835,32.792],[14.156,32.71],[14.513,32.511],[15.177,32.391],[15.267,32.312],[15.359,32.16],[15.363,31.971],[15.496,31.657],[15.706,31.426],[16.123,31.264],[16.782,31.215],[17.349,31.081],[17.83,30.928],[17.949,30.852],[18.19,30.777],[18.67,30.416],[18.936,30.29],[19.124,30.266],[19.292,30.288],[19.713,30.488],[20.013,30.801],[20.112,30.964],[20.151,31.079],[20.141,31.196],[19.961,31.556],[19.926,31.818],[19.973,31.999],[20.121,32.219],[20.371,32.431],[20.621,32.58],[21.062,32.776],[21.425,32.799],[21.636,32.937],[22.0,32.913],[22.0,22.0],[18.911,22.0],[15.984,23.445],[14.216,22.62],[13.599,23.12],[13.481,23.18],[11.968,23.518],[11.508,24.314],[10.686,24.551],[10.439,24.48],[10.326,24.53],[10.12,24.79],[10.028,25.051],[10.001,25.332],[9.448,26.067],[9.422,26.147],[9.491,26.334],[9.859,26.552],[9.883,26.631],[9.894,26.848],[9.837,26.916],[9.795,27.045],[9.748,27.331],[9.916,27.786],[9.858,28.043],[9.816,28.56],[9.843,28.967],[9.821,29.115],[9.64,29.636],[9.31,30.115]]]}},{"type":"Feature","properties":{"name":"Latvia"},"geometry":{"type":"Polygon","coordinates":[[[21.731,56.326],[21.046,56.07],[21.015,56.259],[21.031,56.637],[21.071,56.824],[21.351,57.018],[21.459,57.322],[21.729,57.571],[22.0,57.612],[22.0,56.391],[21.731,56.326]]]}},{"type":"Feature","properties":{"name":"Kosovo"},"geometry":{"type":"Polygon","coordinates":[[[20.469,42.858],[20.475,42.953],[20.649,43.071],[20.623,43.199],[20.801,43.261],[20.844,43.173],[21.057,43.092],[21.223,42.956],[21.237,42.913],[21.403,42.832],[21.391,42.751],[21.724,42.682],[21.752,42.652],[21.61,42.387],[21.519,42.328],[21.562,42.248],[21.39,42.22],[21.332,42.187],[21.287,42.1],[21.142,42.175],[21.06,42.171],[20.778,42.071],[20.725,41.874],[20.579,41.866],[20.575,42.013],[20.523,42.171],[20.408,42.275],[20.241,42.339],[20.064,42.547],[20.089,42.632],[20.029,42.732],[20.054,42.76],[20.193,42.755],[20.215,42.799],[20.469,42.858]]]}},{"type":"Feature","properties":{"name":"Italy"},"geometry":{"type":"MultiPolygon","coordinates":[[[[7.021,45.926],[7.129,45.88],[7.539,45.978],[7.788,45.922],[7.993,46.016],[8.125,46.161],[8.096,46.271],[8.371,46.445],[8.423,46.446],[8.458,46.246],[8.642,46.111],[8.819,46.077],[8.778,45.996],[8.954,45.83],[9.024,45.846],[9.047,45.876],[9.003,46.015],[9.251,46.287],[9.26,46.475],[9.304,46.496],[9.428,46.482],[9.481,46.349],[9.529,46.306],[9.639,46.296],[9.939,46.362],[10.081,46.228],[10.145,46.254],[10.038,46.483],[10.087,46.6],[10.196,46.621],[10.272,46.565],[10.431,46.55],[10.438,46.619],[10.398,46.665],[10.453,46.865],[10.689,46.846],[10.829,46.775],[10.993,46.777],[11.134,46.936],[11.244,46.976],[11.776,46.986],[12.169,47.082],[12.201,47.061],[12.131,46.985],[12.154,46.935],[12.388,46.703],[13.169,46.573],[13.7,46.52],[13.68,46.463],[13.4,46.318],[13.378,46.262],[13.421,46.212],[13.633,46.177],[13.617,46.133],[13.486,46.04],[13.488,45.987],[13.601,45.98],[13.583,45.812],[13.722,45.761],[13.875,45.615],[13.72,45.588],[13.783,45.627],[13.628,45.771],[13.558,45.771],[13.465,45.71],[13.206,45.771],[13.03,45.638],[12.498,45.462],[12.432,45.468],[12.536,45.545],[12.492,45.546],[12.274,45.446],[12.226,45.242],[12.286,45.208],[12.392,45.04],[12.523,44.968],[12.464,44.845],[12.384,44.798],[12.279,44.832],[12.248,44.723],[12.305,44.429],[12.396,44.224],[12.691,43.995],[12.907,43.921],[13.295,43.686],[13.564,43.571],[13.805,43.18],[14.01,42.69],[14.183,42.506],[14.541,42.244],[14.866,42.053],[15.169,41.934],[15.405,41.913],[15.964,41.939],[16.165,41.896],[16.189,41.814],[16.151,41.758],[15.914,41.621],[15.9,41.512],[16.013,41.435],[16.552,41.232],[17.103,41.062],[17.474,40.841],[17.955,40.655],[18.036,40.565],[18.328,40.371],[18.461,40.221],[18.486,40.105],[18.393,39.904],[18.344,39.821],[18.219,39.853],[18.078,39.937],[17.865,40.28],[17.396,40.34],[17.258,40.399],[17.18,40.503],[17.031,40.513],[16.928,40.458],[16.67,40.137],[16.53,39.86],[16.522,39.748],[16.598,39.639],[16.824,39.578],[17.115,39.381],[17.123,39.137],[17.175,38.998],[17.099,38.919],[16.951,38.94],[16.755,38.89],[16.617,38.8],[16.559,38.715],[16.574,38.494],[16.546,38.409],[16.282,38.25],[16.057,37.942],[15.725,37.939],[15.646,38.034],[15.643,38.175],[15.7,38.262],[15.822,38.303],[15.905,38.483],[15.879,38.614],[15.927,38.672],[15.972,38.713],[16.197,38.759],[16.21,38.941],[16.107,39.024],[16.024,39.354],[15.854,39.627],[15.693,39.99],[15.585,40.053],[15.295,40.07],[14.951,40.239],[14.929,40.31],[14.986,40.377],[14.948,40.469],[14.84,40.63],[14.766,40.668],[14.34,40.599],[14.461,40.729],[14.309,40.813],[14.044,40.812],[14.048,40.87],[13.86,41.13],[13.733,41.236],[13.67,41.254],[13.555,41.232],[13.247,41.289],[13.089,41.244],[12.849,41.409],[12.631,41.47],[12.075,41.941],[11.807,42.082],[11.637,42.288],[11.296,42.423],[11.141,42.39],[11.103,42.417],[11.185,42.457],[11.168,42.535],[10.938,42.739],[10.803,42.804],[10.708,42.936],[10.515,42.968],[10.521,43.204],[10.448,43.371],[10.321,43.513],[10.246,43.852],[10.188,43.948],[10.048,44.02],[9.731,44.101],[9.289,44.319],[8.766,44.422],[8.552,44.346],[8.005,43.877],[7.493,43.767],[7.482,43.865],[7.677,44.083],[7.637,44.165],[7.319,44.138],[6.967,44.28],[6.9,44.336],[6.875,44.392],[6.894,44.428],[6.843,44.511],[6.96,44.677],[7.031,44.717],[6.993,44.827],[6.738,44.921],[6.691,45.023],[6.635,45.068],[6.628,45.118],[6.692,45.144],[6.842,45.136],[7.078,45.24],[7.153,45.401],[7.014,45.5],[6.881,45.67],[6.806,45.71],[6.789,45.78],[6.804,45.815],[7.021,45.926]],[[12.439,41.898],[12.431,41.905],[12.428,41.901],[12.439,41.898]],[[12.485,43.901],[12.504,43.99],[12.441,43.982],[12.397,43.935],[12.426,43.894],[12.485,43.901]]],[[[10.428,42.819],[10.419,42.713],[10.336,42.761],[10.131,42.742],[10.11,42.785],[10.128,42.81],[10.359,42.822],[10.395,42.858],[10.428,42.819]]],[[[13.894,40.697],[13.854,40.724],[13.871,40.762],[13.962,40.739],[13.894,40.697]]],[[[12.003,36.746],[11.941,36.78],[11.948,36.843],[12.024,36.821],[12.051,36.757],[12.003,36.746]]],[[[15.635,38.268],[15.234,37.785],[15.1,37.459],[15.117,37.335],[15.23,37.244],[15.174,37.209],[15.289,37.097],[15.296,37.055],[15.295,37.013],[15.185,36.935],[15.116,36.839],[15.113,36.688],[14.89,36.724],[14.776,36.71],[14.502,36.799],[14.367,36.973],[14.259,37.046],[14.143,37.104],[13.905,37.101],[13.801,37.136],[13.361,37.349],[13.17,37.479],[12.924,37.571],[12.64,37.594],[12.527,37.67],[12.436,37.82],[12.548,38.053],[12.664,38.108],[12.734,38.183],[12.903,38.035],[13.049,38.084],[13.057,38.131],[13.16,38.19],[13.291,38.191],[13.682,38.001],[13.789,37.981],[14.05,38.041],[14.288,38.017],[14.506,38.046],[14.79,38.167],[15.119,38.153],[15.499,38.291],[15.635,38.268]]],[[[9.682,40.818],[9.805,40.5],[9.643,40.268],[9.707,40.017],[9.617,39.354],[9.562,39.166],[9.486,39.14],[9.264,39.217],[9.149,39.197],[9.056,39.239],[9.023,39.043],[8.967,38.964],[8.881,38.913],[8.649,38.927],[8.418,39.206],[8.399,39.482],[8.447,39.563],[8.451,39.722],[8.471,39.748],[8.541,39.732],[8.548,39.839],[8.496,39.897],[8.408,39.917],[8.409,40.038],[8.471,40.131],[8.471,40.293],[8.409,40.352],[8.353,40.501],[8.19,40.652],[8.181,40.771],[8.224,40.913],[8.363,40.846],[8.572,40.85],[8.821,40.95],[8.998,41.11],[9.107,41.143],[9.182,41.242],[9.228,41.257],[9.283,41.202],[9.455,41.15],[9.539,41.054],[9.615,41.017],[9.554,40.932],[9.682,40.818]]],[[[8.421,38.969],[8.361,39.039],[8.367,39.116],[8.479,39.068],[8.421,38.969]]],[[[8.253,40.994],[8.206,40.997],[8.267,41.099],[8.32,41.122],[8.344,41.102],[8.253,40.994]]]]}},{"type":"Feature","properties":{"name":"Ireland"},"geometry":{"type":"MultiPolygon","coordinates":[[[[-9.952,53.885],[-10.062,53.96],[-10.266,53.978],[-10.181,54.017],[-9.996,54.004],[-9.956,53.987],[-9.952,53.885]]],[[[-7.377,55.028],[-7.451,54.877],[-7.55,54.768],[-7.737,54.71],[-7.911,54.698],[-7.746,54.616],[-7.754,54.595],[-8.044,54.512],[-8.145,54.454],[-7.884,54.284],[-7.855,54.215],[-7.679,54.187],[-7.607,54.144],[-7.325,54.133],[-7.155,54.24],[-7.203,54.302],[-7.05,54.408],[-7.008,54.407],[-6.877,54.329],[-6.803,54.214],[-6.647,54.163],[-6.65,54.059],[-6.403,54.061],[-6.304,54.095],[-6.218,54.089],[-6.176,54.054],[-6.157,54.017],[-6.308,54.011],[-6.345,53.987],[-6.348,53.941],[-6.142,53.578],[-6.129,53.391],[-6.152,53.366],[-6.045,53.091],[-6.027,52.927],[-6.169,52.738],[-6.217,52.543],[-6.345,52.402],[-6.463,52.345],[-6.325,52.247],[-6.561,52.189],[-6.782,52.21],[-6.89,52.159],[-6.966,52.25],[-7.003,52.166],[-7.527,52.099],[-7.625,51.993],[-7.872,51.935],[-8.058,51.826],[-8.145,51.814],[-8.29,51.891],[-8.409,51.889],[-8.347,51.848],[-8.336,51.793],[-8.349,51.739],[-8.408,51.712],[-8.734,51.636],[-8.813,51.585],[-9.296,51.498],[-9.463,51.529],[-9.737,51.474],[-9.835,51.483],[-9.71,51.604],[-9.525,51.681],[-9.58,51.689],[-10.121,51.601],[-10.069,51.656],[-9.75,51.824],[-9.599,51.874],[-10.084,51.771],[-10.212,51.784],[-10.242,51.812],[-10.341,51.799],[-10.379,51.869],[-10.232,51.975],[-9.946,52.08],[-9.91,52.123],[-10.39,52.135],[-10.357,52.207],[-10.132,52.282],[-9.937,52.238],[-9.772,52.25],[-9.841,52.291],[-9.853,52.375],[-9.906,52.404],[-9.632,52.547],[-8.783,52.68],[-8.99,52.755],[-9.175,52.635],[-9.394,52.617],[-9.561,52.654],[-9.764,52.58],[-9.917,52.57],[-9.465,52.823],[-9.394,52.896],[-9.462,52.947],[-9.299,53.098],[-8.997,53.162],[-8.93,53.207],[-9.14,53.25],[-9.514,53.238],[-9.626,53.334],[-9.825,53.32],[-9.876,53.343],[-9.795,53.395],[-10.091,53.413],[-10.054,53.478],[-10.117,53.549],[-9.721,53.604],[-9.91,53.658],[-9.902,53.727],[-9.578,53.805],[-9.579,53.88],[-9.914,53.864],[-9.856,54.004],[-9.856,54.095],[-9.934,54.075],[-9.977,54.187],[-10.093,54.156],[-10.056,54.258],[-9.562,54.309],[-9.316,54.299],[-9.146,54.21],[-9.002,54.288],[-8.546,54.241],[-8.623,54.347],[-8.471,54.442],[-8.23,54.507],[-8.133,54.641],[-8.457,54.609],[-8.764,54.681],[-8.715,54.732],[-8.538,54.783],[-8.377,54.889],[-8.412,54.965],[-8.393,55.02],[-8.326,55.056],[-8.275,55.146],[-8.006,55.195],[-7.751,55.186],[-7.763,55.248],[-7.667,55.256],[-7.57,55.171],[-7.557,55.122],[-7.634,55.055],[-7.59,55.025],[-7.659,54.971],[-7.478,55.047],[-7.531,55.194],[-7.518,55.248],[-7.302,55.299],[-7.366,55.36],[-7.247,55.353],[-6.962,55.238],[-7.377,55.028]]]]}},{"type":"Feature","properties":{"name":"Iceland"},"geometry":{"type":"Polygon","coordinates":[[[-16.307,64.0],[-16.64,63.865],[-17.816,63.713],[-17.915,63.636],[-17.88,63.59],[-17.947,63.536],[-18.08,63.496],[-18.252,63.53],[-18.222,63.473],[-18.654,63.407],[-19.25,63.442],[-19.778,63.537],[-20.198,63.556],[-20.494,63.687],[-20.47,63.748],[-20.363,63.765],[-20.414,63.805],[-20.651,63.737],[-20.727,63.766],[-20.73,63.793],[-20.879,63.804],[-21.137,63.888],[-21.156,63.907],[-21.106,63.94],[-21.246,63.935],[-21.449,63.858],[-22.652,63.828],[-22.739,64.0],[-16.307,64.0]]]}},{"type":"Feature","properties":{"name":"Hungary"},"geometry":{"type":"Polygon","coordinates":[[[22.0,48.375],[21.995,47.396],[21.869,47.305],[21.785,47.138],[21.661,47.044],[21.653,46.964],[21.494,46.79],[21.497,46.704],[21.32,46.608],[21.252,46.486],[21.265,46.412],[21.192,46.392],[21.152,46.304],[21.04,46.242],[20.837,46.26],[20.76,46.246],[20.707,46.173],[20.614,46.133],[20.508,46.167],[20.242,46.109],[19.934,46.161],[19.531,46.155],[19.421,46.064],[19.278,46.003],[19.146,45.987],[19.087,46.016],[18.928,45.931],[18.666,45.907],[18.534,45.796],[18.358,45.753],[17.807,45.79],[17.64,45.868],[17.607,45.914],[17.311,45.996],[17.242,46.077],[16.94,46.254],[16.871,46.339],[16.516,46.5],[16.381,46.639],[16.385,46.681],[16.335,46.722],[16.284,46.857],[16.093,46.863],[16.253,46.972],[16.453,47.007],[16.493,47.123],[16.438,47.146],[16.417,47.223],[16.463,47.273],[16.443,47.4],[16.623,47.448],[16.677,47.536],[16.64,47.609],[16.421,47.674],[16.591,47.751],[16.786,47.679],[17.067,47.708],[17.03,47.837],[17.089,47.964],[17.147,48.006],[17.317,47.991],[17.635,47.81],[17.762,47.77],[18.724,47.787],[18.778,47.853],[18.75,47.939],[18.792,48.0],[18.914,48.051],[19.467,48.111],[19.564,48.213],[19.625,48.223],[19.899,48.131],[20.334,48.296],[20.49,48.527],[20.643,48.55],[21.067,48.506],[21.451,48.552],[21.563,48.496],[21.721,48.347],[22.0,48.375]]]}},{"type":"Feature","properties":{"name":"Greece"},"geometry":{"type":"MultiPolygon","coordinates":[[[[20.625,38.268],[20.695,38.246],[20.789,38.142],[20.761,38.071],[20.606,38.12],[20.524,38.107],[20.452,38.234],[20.353,38.18],[20.409,38.337],[20.435,38.356],[20.481,38.318],[20.52,38.332],[20.563,38.475],[20.612,38.383],[20.625,38.268]]],[[[20.994,37.708],[20.909,37.732],[20.819,37.665],[20.704,37.743],[20.62,37.855],[20.692,37.93],[20.759,37.853],[20.84,37.841],[20.994,37.708]]],[[[20.715,38.638],[20.555,38.583],[20.558,38.662],[20.635,38.818],[20.694,38.844],[20.72,38.799],[20.715,38.638]]],[[[20.709,38.319],[20.646,38.414],[20.624,38.48],[20.701,38.451],[20.759,38.329],[20.709,38.319]]],[[[20.1,39.377],[19.884,39.462],[19.809,39.585],[19.649,39.726],[19.646,39.767],[19.839,39.82],[19.926,39.774],[19.937,39.747],[19.847,39.668],[19.904,39.619],[19.955,39.47],[20.078,39.433],[20.1,39.377]]],[[[21.956,36.99],[21.934,36.804],[21.892,36.737],[21.738,36.863],[21.583,37.081],[21.579,37.2],[21.692,37.309],[21.679,37.387],[21.571,37.541],[21.329,37.669],[21.288,37.775],[21.138,37.854],[21.125,37.892],[21.308,38.027],[21.404,38.197],[21.658,38.175],[21.825,38.328],[22.0,38.3],[22.0,37.011],[21.956,36.99]]],[[[22.0,38.405],[21.473,38.321],[21.331,38.487],[21.303,38.374],[21.183,38.346],[21.113,38.385],[20.992,38.654],[20.873,38.776],[20.777,38.808],[20.769,38.874],[20.777,38.928],[20.893,38.941],[21.112,38.896],[21.152,38.922],[21.118,39.03],[20.78,39.009],[20.713,39.035],[20.468,39.255],[20.301,39.327],[20.191,39.546],[20.001,39.709],[20.131,39.662],[20.248,39.678],[20.306,39.797],[20.382,39.803],[20.311,39.979],[20.408,40.049],[20.606,40.083],[20.657,40.117],[20.806,40.445],[20.95,40.494],[21.031,40.622],[20.956,40.775],[20.964,40.85],[21.324,40.867],[21.404,40.907],[21.576,40.869],[21.779,40.95],[21.929,41.107],[22.0,41.131],[22.0,38.405]]]]}},{"type":"Feature","properties":{"name":"Germany"},"geometry":{"type":"MultiPolygon","coordinates":[[[[9.524,47.524],[9.183,47.671],[8.881,47.656],[8.831,47.704],[8.728,47.7],[8.573,47.776],[8.436,47.731],[8.403,47.688],[8.413,47.663],[8.571,47.638],[8.43,47.592],[8.198,47.607],[7.927,47.564],[7.698,47.57],[7.565,47.607],[7.529,47.674],[7.539,47.774],[7.593,47.906],[7.608,48.003],[7.584,48.064],[7.617,48.157],[7.706,48.28],[7.838,48.636],[8.14,48.886],[8.135,48.974],[7.611,49.062],[7.525,49.086],[7.451,49.152],[7.037,49.113],[7.001,49.18],[6.891,49.208],[6.735,49.161],[6.534,49.395],[6.458,49.443],[6.344,49.453],[6.378,49.6],[6.485,49.708],[6.487,49.798],[6.256,49.872],[6.11,50.034],[6.121,50.139],[6.175,50.233],[6.364,50.316],[6.341,50.452],[6.179,50.523],[6.168,50.545],[6.236,50.597],[5.994,50.75],[6.048,50.905],[5.858,51.03],[5.939,51.041],[6.13,51.147],[6.082,51.18],[6.076,51.224],[6.199,51.45],[6.089,51.638],[5.949,51.762],[5.949,51.803],[6.167,51.881],[6.356,51.825],[6.742,51.911],[6.802,51.98],[6.716,52.036],[6.725,52.08],[6.977,52.206],[7.02,52.266],[7.035,52.38],[7.002,52.419],[6.749,52.464],[6.692,52.53],[6.711,52.618],[6.748,52.634],[7.013,52.634],[7.117,52.887],[7.179,52.966],[7.197,53.282],[7.053,53.376],[7.107,53.557],[7.206,53.655],[7.285,53.681],[8.009,53.691],[8.167,53.543],[8.108,53.468],[8.245,53.445],[8.334,53.606],[8.493,53.514],[8.495,53.394],[8.538,53.557],[8.506,53.671],[8.528,53.781],[8.619,53.875],[8.898,53.836],[9.206,53.856],[9.322,53.813],[9.585,53.6],[9.784,53.555],[9.631,53.6],[9.312,53.859],[8.978,53.926],[8.904,54.0],[8.907,54.261],[8.78,54.313],[8.645,54.295],[8.626,54.354],[8.648,54.398],[8.952,54.468],[8.957,54.538],[8.682,54.792],[8.67,54.903],[8.903,54.897],[9.255,54.808],[9.616,54.855],[9.892,54.781],[10.022,54.674],[10.029,54.581],[9.869,54.472],[10.143,54.488],[10.212,54.409],[10.36,54.438],[10.732,54.316],[11.013,54.379],[11.064,54.281],[11.009,54.181],[10.811,54.075],[10.855,54.01],[10.918,53.995],[11.104,54.009],[11.4,53.945],[11.796,54.145],[12.111,54.168],[12.575,54.467],[13.029,54.411],[13.147,54.283],[13.448,54.141],[13.724,54.153],[13.822,54.019],[13.866,53.853],[14.025,53.767],[14.259,53.73],[14.415,53.283],[14.411,53.199],[14.369,53.106],[14.139,52.933],[14.129,52.878],[14.514,52.646],[14.619,52.529],[14.555,52.36],[14.616,52.278],[14.68,52.25],[14.705,52.11],[14.753,52.082],[14.675,51.905],[14.602,51.832],[14.725,51.662],[14.725,51.524],[14.936,51.435],[15.017,51.253],[14.964,51.095],[14.767,50.818],[14.614,50.856],[14.624,50.915],[14.546,50.994],[14.32,51.038],[14.256,51.002],[14.369,50.899],[13.899,50.761],[13.557,50.705],[13.436,50.601],[13.375,50.622],[13.238,50.577],[13.181,50.51],[13.016,50.49],[12.943,50.406],[12.765,50.431],[12.549,50.393],[12.453,50.35],[12.277,50.181],[12.135,50.311],[12.099,50.311],[12.09,50.269],[12.208,50.098],[12.512,49.896],[12.391,49.74],[12.632,49.461],[12.813,49.329],[12.917,49.33],[13.141,49.158],[13.289,49.097],[13.401,48.978],[13.548,48.96],[13.77,48.816],[13.815,48.767],[13.785,48.587],[13.675,48.523],[13.487,48.582],[13.375,48.361],[12.897,48.204],[12.76,48.107],[12.76,48.076],[12.954,47.891],[12.954,47.808],[12.898,47.722],[13.034,47.699],[13.054,47.655],[13.014,47.478],[12.809,47.542],[12.771,47.639],[12.686,47.669],[12.483,47.637],[12.209,47.718],[12.186,47.62],[11.717,47.583],[11.393,47.487],[11.298,47.425],[11.042,47.393],[10.981,47.398],[10.873,47.52],[10.439,47.552],[10.369,47.366],[10.313,47.313],[10.183,47.279],[10.2,47.363],[10.066,47.393],[10.06,47.449],[9.972,47.505],[9.749,47.576],[9.651,47.526],[9.524,47.524]]],[[[13.734,54.315],[13.707,54.281],[13.595,54.338],[13.482,54.337],[13.415,54.25],[13.364,54.246],[13.162,54.365],[13.177,54.544],[13.231,54.583],[13.24,54.638],[13.337,54.697],[13.423,54.699],[13.491,54.615],[13.658,54.56],[13.671,54.535],[13.58,54.464],[13.602,54.425],[13.709,54.383],[13.734,54.315]]],[[[14.211,53.95],[14.214,53.871],[13.926,53.879],[13.902,53.939],[13.922,53.997],[13.827,54.06],[13.828,54.127],[14.211,53.95]]],[[[11.129,54.416],[11.012,54.466],[11.043,54.515],[11.085,54.533],[11.234,54.501],[11.283,54.418],[11.129,54.416]]],[[[8.285,54.767],[8.296,54.908],[8.405,55.059],[8.451,55.055],[8.39,54.986],[8.38,54.9],[8.63,54.892],[8.601,54.865],[8.347,54.848],[8.285,54.767]]],[[[8.588,54.713],[8.454,54.691],[8.4,54.714],[8.468,54.757],[8.573,54.749],[8.588,54.713]]]]}},{"type":"Feature","properties":{"name":"France"},"geometry":{"type":"MultiPolygon","coordinates":[[[[9.454,42.659],[9.526,42.553],[9.551,42.13],[9.401,41.926],[9.374,41.679],[9.186,41.385],[8.895,41.516],[8.808,41.588],[8.887,41.701],[8.718,41.761],[8.759,41.87],[8.74,41.925],[8.622,41.931],[8.615,41.959],[8.703,42.043],[8.701,42.096],[8.588,42.161],[8.566,42.219],[8.675,42.284],[8.626,42.343],[8.566,42.358],[8.713,42.55],[8.815,42.608],[9.044,42.662],[9.138,42.733],[9.288,42.695],[9.313,42.713],[9.363,43.017],[9.415,43.021],[9.463,42.981],[9.48,42.805],[9.454,42.659]]],[[[7.495,47.547],[7.42,47.455],[7.343,47.433],[7.203,47.433],[7.136,47.49],[7.053,47.489],[6.9,47.394],[7.001,47.323],[6.667,47.027],[6.456,46.948],[6.41,46.755],[6.161,46.611],[6.068,46.459],[6.06,46.428],[6.123,46.379],[6.096,46.279],[5.97,46.215],[5.971,46.151],[6.007,46.142],[6.199,46.193],[6.273,46.252],[6.235,46.333],[6.429,46.431],[6.776,46.407],[6.817,46.275],[6.772,46.165],[7.021,45.926],[6.804,45.815],[6.791,45.741],[7.014,45.5],[7.153,45.401],[7.078,45.24],[6.842,45.136],[6.692,45.144],[6.628,45.118],[6.635,45.068],[6.691,45.023],[6.738,44.921],[6.993,44.827],[7.031,44.717],[6.96,44.677],[6.843,44.511],[6.894,44.428],[6.875,44.392],[6.9,44.336],[6.967,44.28],[7.319,44.138],[7.637,44.165],[7.677,44.083],[7.482,43.865],[7.493,43.767],[7.395,43.765],[7.378,43.732],[7.181,43.659],[6.865,43.438],[6.717,43.374],[6.657,43.262],[6.57,43.199],[6.116,43.072],[6.031,43.101],[5.809,43.098],[5.672,43.178],[5.407,43.229],[5.32,43.345],[5.073,43.367],[5.06,43.445],[4.712,43.373],[4.224,43.48],[4.053,43.593],[3.911,43.563],[3.785,43.462],[3.259,43.193],[3.052,42.915],[3.091,42.591],[3.211,42.431],[2.891,42.456],[2.702,42.408],[2.652,42.34],[2.2,42.421],[2.033,42.354],[1.987,42.358],[1.928,42.426],[1.706,42.503],[1.74,42.557],[1.71,42.604],[1.501,42.643],[1.428,42.596],[1.349,42.691],[0.764,42.838],[0.67,42.836],[0.632,42.69],[0.255,42.693],[0.201,42.719],[-0.041,42.689],[-0.299,42.825],[-0.586,42.799],[-0.763,42.94],[-0.934,42.95],[-1.175,43.021],[-1.285,43.06],[-1.3,43.101],[-1.371,43.038],[-1.461,43.052],[-1.48,43.071],[-1.423,43.149],[-1.411,43.24],[-1.713,43.307],[-1.793,43.373],[-1.794,43.407],[-1.631,43.438],[-1.485,43.564],[-1.346,44.02],[-1.246,44.56],[-1.171,44.662],[-1.077,44.69],[-1.153,44.764],[-1.245,44.667],[-1.189,45.161],[-1.081,45.532],[-0.826,45.381],[-0.767,45.314],[-0.691,45.093],[-0.548,45.001],[-0.641,45.09],[-0.733,45.385],[-0.791,45.468],[-1.196,45.714],[-1.21,45.771],[-1.032,45.741],[-1.104,45.925],[-1.146,46.311],[-1.392,46.35],[-1.787,46.515],[-2.059,46.81],[-2.09,46.921],[-2.019,47.038],[-2.082,47.112],[-2.197,47.163],[-2.108,47.263],[-2.028,47.274],[-1.743,47.216],[-1.975,47.311],[-2.353,47.279],[-2.503,47.312],[-2.53,47.382],[-2.428,47.471],[-2.554,47.527],[-2.77,47.514],[-2.797,47.537],[-2.733,47.602],[-2.787,47.626],[-2.964,47.601],[-3.064,47.621],[-3.159,47.695],[-3.444,47.711],[-3.508,47.753],[-3.901,47.838],[-4.312,47.823],[-4.428,47.969],[-4.679,48.04],[-4.629,48.086],[-4.378,48.129],[-4.329,48.17],[-4.512,48.23],[-4.577,48.29],[-4.241,48.304],[-4.393,48.368],[-4.719,48.363],[-4.763,48.45],[-4.721,48.54],[-4.531,48.62],[-4.059,48.708],[-3.715,48.71],[-3.471,48.813],[-3.231,48.841],[-3.003,48.791],[-2.692,48.537],[-2.446,48.648],[-2.079,48.645],[-2.004,48.582],[-1.906,48.697],[-1.825,48.631],[-1.376,48.653],[-1.48,48.698],[-1.565,48.806],[-1.583,49.202],[-1.813,49.49],[-1.87,49.595],[-1.856,49.684],[-1.588,49.668],[-1.366,49.707],[-1.259,49.68],[-1.232,49.495],[-1.139,49.388],[-0.521,49.355],[-0.163,49.297],[0.136,49.402],[0.417,49.448],[0.439,49.473],[0.278,49.463],[0.129,49.508],[0.109,49.558],[0.187,49.703],[0.616,49.863],[1.246,49.998],[1.407,50.089],[1.593,50.252],[1.552,50.294],[1.579,50.739],[1.672,50.885],[1.913,50.991],[2.525,51.097],[2.601,50.955],[2.597,50.876],[2.759,50.751],[2.84,50.712],[3.107,50.779],[3.235,50.663],[3.273,50.532],[3.595,50.477],[3.689,50.306],[3.748,50.344],[3.95,50.336],[4.044,50.321],[4.175,50.246],[4.135,50.144],[4.192,50.094],[4.137,50.0],[4.176,49.96],[4.545,49.96],[4.656,50.002],[4.707,50.097],[4.819,50.153],[4.861,50.136],[4.79,49.96],[4.842,49.915],[4.868,49.788],[5.007,49.778],[5.279,49.678],[5.507,49.511],[5.79,49.538],[6.011,49.445],[6.242,49.494],[6.458,49.443],[6.534,49.395],[6.735,49.161],[6.891,49.208],[7.001,49.18],[7.037,49.113],[7.451,49.152],[7.525,49.086],[7.611,49.062],[8.135,48.974],[8.14,48.886],[7.838,48.636],[7.706,48.28],[7.617,48.157],[7.584,48.064],[7.608,48.003],[7.593,47.906],[7.529,47.674],[7.565,47.607],[7.616,47.593],[7.495,47.547]]],[[[-1.214,45.817],[-1.369,45.968],[-1.389,46.05],[-1.285,46.003],[-1.178,45.904],[-1.214,45.817]]]]}},{"type":"Feature","properties":{"name":"St. Pierre and Miquelon"},"geometry":{"type":"MultiPolygon","coordinates":[[[[-56.172,46.753],[-56.243,46.767],[-56.153,46.811],[-56.139,46.779],[-56.172,46.753]]],[[[-56.354,46.795],[-56.385,46.819],[-56.333,46.916],[-56.387,47.068],[-56.365,47.099],[-56.287,47.071],[-56.315,46.954],[-56.255,46.861],[-56.354,46.795]]]]}},{"type":"Feature","properties":{"name":"\u00c5land"},"geometry":{"type":"MultiPolygon","coordinates":[[[[19.945,60.358],[20.087,60.353],[20.259,60.261],[20.195,60.194],[20.043,60.181],[20.034,60.094],[19.746,60.099],[19.672,60.233],[19.687,60.268],[19.779,60.286],[19.785,60.213],[19.848,60.221],[19.872,60.302],[19.788,60.354],[19.823,60.39],[19.888,60.406],[19.945,60.358]]],[[[19.667,60.165],[19.58,60.135],[19.519,60.185],[19.551,60.244],[19.629,60.246],[19.667,60.165]]],[[[20.603,60.017],[20.522,60.012],[20.398,60.041],[20.569,60.07],[20.603,60.017]]]]}},{"type":"Feature","properties":{"name":"Finland"},"geometry":{"type":"MultiPolygon","coordinates":[[[[22.0,60.48],[21.854,60.505],[21.805,60.594],[21.613,60.531],[21.436,60.596],[21.411,60.637],[21.361,60.967],[21.378,61.059],[21.479,61.171],[21.513,61.281],[21.507,61.484],[21.565,61.484],[21.498,61.552],[21.606,61.592],[21.385,61.915],[21.256,61.99],[21.354,62.224],[21.343,62.277],[21.323,62.343],[21.166,62.414],[21.104,62.623],[21.144,62.74],[21.458,62.95],[21.474,63.033],[21.651,63.039],[21.569,63.114],[21.545,63.204],[21.8,63.238],[21.896,63.21],[22.0,63.226],[22.0,60.48]]],[[[21.921,60.332],[21.819,60.382],[21.806,60.401],[21.846,60.412],[21.827,60.47],[21.907,60.438],[21.95,60.402],[21.908,60.393],[21.994,60.337],[21.921,60.332]]],[[[21.229,63.223],[21.366,63.262],[21.422,63.246],[21.416,63.197],[21.367,63.207],[21.253,63.152],[21.149,63.199],[21.084,63.278],[21.236,63.278],[21.229,63.223]]],[[[21.437,60.483],[21.3,60.48],[21.215,60.604],[21.268,60.638],[21.451,60.53],[21.437,60.483]]],[[[21.833,60.141],[21.695,60.114],[21.705,60.172],[21.864,60.202],[21.833,60.141]]],[[[21.541,60.098],[21.486,60.127],[21.568,60.172],[21.634,60.169],[21.628,60.108],[21.541,60.098]]]]}},{"type":"Feature","properties":{"name":"Estonia"},"geometry":{"type":"MultiPolygon","coordinates":[[[[22.0,57.932],[21.978,57.963],[22.0,58.006],[22.0,57.932]]],[[[21.882,58.262],[21.854,58.302],[21.924,58.316],[21.984,58.387],[21.862,58.497],[22.0,58.51],[22.0,58.224],[21.882,58.262]]]]}},{"type":"Feature","properties":{"name":"Greenland"},"geometry":{"type":"MultiPolygon","coordinates":[[[[-40.652,63.928],[-40.55,63.725],[-40.772,63.626],[-40.775,63.534],[-41.049,63.514],[-41.056,63.412],[-41.152,63.349],[-41.108,63.274],[-41.388,63.062],[-41.844,63.07],[-42.175,63.209],[-42.094,63.117],[-41.634,62.972],[-41.644,62.916],[-41.723,62.891],[-41.909,62.737],[-42.058,62.694],[-42.942,62.72],[-42.674,62.638],[-42.153,62.568],[-42.164,62.512],[-42.243,62.466],[-42.198,62.397],[-42.321,62.153],[-42.236,62.059],[-42.143,62.014],[-42.154,61.953],[-42.11,61.857],[-42.25,61.771],[-42.53,61.755],[-42.585,61.717],[-42.324,61.682],[-42.646,61.064],[-42.717,60.767],[-43.044,60.524],[-43.348,60.52],[-43.598,60.576],[-43.923,60.595],[-43.94,60.567],[-43.831,60.522],[-43.296,60.445],[-43.213,60.391],[-43.156,60.333],[-43.123,60.061],[-43.32,59.928],[-43.617,59.937],[-43.955,60.025],[-43.658,59.859],[-43.907,59.815],[-44.117,59.832],[-44.065,59.925],[-44.269,59.893],[-44.413,59.923],[-44.453,60.015],[-44.231,60.18],[-44.176,60.244],[-44.224,60.274],[-44.348,60.205],[-44.533,60.029],[-44.613,60.017],[-45.379,60.203],[-45.368,60.373],[-45.202,60.383],[-44.975,60.457],[-44.854,60.532],[-44.757,60.665],[-45.083,60.507],[-45.381,60.445],[-46.047,60.616],[-46.142,60.777],[-46.019,60.972],[-45.88,61.094],[-45.849,61.181],[-45.87,61.218],[-45.942,61.206],[-46.012,61.097],[-46.582,60.962],[-46.874,60.816],[-47.224,60.783],[-47.465,60.843],[-47.796,60.829],[-47.73,60.729],[-47.828,60.725],[-48.014,60.722],[-48.181,60.769],[-48.242,60.807],[-48.205,60.856],[-47.77,60.998],[-48.386,61.005],[-48.378,61.138],[-48.428,61.187],[-48.597,61.247],[-48.922,61.277],[-49.049,61.524],[-49.289,61.59],[-49.193,61.686],[-49.311,61.748],[-49.38,61.89],[-49.04,62.039],[-48.829,62.08],[-49.12,62.113],[-49.202,62.099],[-49.349,62.01],[-49.624,61.999],[-49.664,62.017],[-49.668,62.151],[-49.553,62.233],[-49.943,62.324],[-50.319,62.473],[-50.259,62.578],[-50.256,62.68],[-50.299,62.722],[-50.076,62.904],[-49.793,63.045],[-50.092,62.977],[-50.39,62.822],[-50.502,62.945],[-50.804,63.091],[-51.188,63.436],[-51.469,63.642],[-51.538,63.758],[-51.451,63.905],[-51.542,64.0],[-40.64,64.0],[-40.652,63.928]]],[[[-46.382,60.66],[-46.496,60.687],[-46.553,60.741],[-46.788,60.758],[-46.79,60.78],[-46.205,60.944],[-46.267,60.781],[-46.382,60.66]]]]}},{"type":"Feature","properties":{"name":"Faeroe Is."},"geometry":{"type":"MultiPolygon","coordinates":[[[[-6.643,61.768],[-6.839,61.841],[-6.885,61.899],[-6.662,61.862],[-6.626,61.827],[-6.643,61.768]]],[[[-6.68,61.414],[-6.888,61.535],[-6.935,61.634],[-6.741,61.571],[-6.68,61.414]]],[[[-7.235,62.151],[-7.065,62.073],[-7.117,62.047],[-7.255,62.046],[-7.379,62.075],[-7.423,62.14],[-7.235,62.151]]],[[[-6.656,62.094],[-6.823,62.139],[-6.838,62.095],[-6.714,61.964],[-6.81,61.977],[-7.014,62.094],[-7.172,62.286],[-6.959,62.316],[-6.631,62.228],[-6.656,62.094]]],[[[-6.454,62.187],[-6.559,62.225],[-6.555,62.356],[-6.406,62.259],[-6.454,62.187]]]]}},{"type":"Feature","properties":{"name":"Denmark"},"geometry":{"type":"MultiPolygon","coordinates":[[[[12.571,55.685],[12.243,55.538],[12.215,55.467],[12.275,55.414],[12.385,55.386],[12.413,55.286],[12.322,55.237],[12.09,55.188],[12.05,54.815],[11.862,54.773],[11.741,54.915],[11.654,55.187],[11.286,55.204],[11.171,55.329],[11.19,55.466],[11.128,55.535],[11.121,55.601],[11.009,55.644],[10.979,55.722],[11.322,55.753],[11.464,55.879],[11.475,55.943],[11.628,55.957],[11.696,55.908],[11.691,55.729],[11.82,55.698],[11.922,55.828],[11.935,55.896],[11.866,55.968],[12.219,56.119],[12.323,56.122],[12.526,56.083],[12.608,56.033],[12.525,55.918],[12.571,55.685]]],[[[9.725,54.826],[9.616,54.855],[9.255,54.808],[8.903,54.897],[8.67,54.903],[8.638,55.046],[8.573,55.134],[8.67,55.156],[8.616,55.418],[8.132,55.6],[8.202,55.982],[8.121,56.14],[8.164,56.607],[8.281,56.617],[8.553,56.56],[8.672,56.496],[8.718,56.544],[8.736,56.627],[8.888,56.735],[9.067,56.794],[9.196,56.702],[9.255,57.012],[9.11,57.044],[8.993,57.016],[8.772,56.725],[8.468,56.665],[8.268,56.754],[8.266,56.815],[8.427,56.984],[8.619,57.111],[9.434,57.174],[9.554,57.232],[9.962,57.581],[10.259,57.617],[10.533,57.735],[10.61,57.737],[10.481,57.649],[10.445,57.562],[10.537,57.449],[10.524,57.243],[10.296,56.999],[10.283,56.621],[10.49,56.521],[10.846,56.522],[10.926,56.443],[10.856,56.296],[10.753,56.242],[10.539,56.2],[10.427,56.276],[10.319,56.213],[10.183,55.865],[10.017,55.876],[9.904,55.843],[10.024,55.761],[9.591,55.493],[9.671,55.266],[9.643,55.205],[9.505,55.116],[9.454,55.04],[9.645,55.023],[9.732,54.968],[9.705,54.928],[9.725,54.826]]],[[[10.687,55.558],[10.819,55.322],[10.785,55.27],[10.808,55.203],[10.785,55.133],[10.624,55.052],[10.443,55.049],[9.989,55.163],[9.859,55.357],[9.861,55.515],[10.286,55.611],[10.505,55.558],[10.623,55.613],[10.687,55.558]]],[[[11.538,54.83],[11.74,54.807],[11.766,54.679],[11.457,54.629],[11.036,54.773],[11.059,54.941],[11.258,54.952],[11.538,54.83]]],[[[10.69,54.745],[10.622,54.851],[10.951,55.156],[10.765,54.8],[10.734,54.751],[10.69,54.745]]],[[[12.549,54.966],[12.358,54.962],[12.184,54.892],[12.119,54.914],[12.162,54.975],[12.259,55.021],[12.274,55.064],[12.513,54.997],[12.549,54.966]]],[[[12.572,55.554],[12.52,55.615],[12.62,55.679],[12.666,55.597],[12.572,55.554]]],[[[10.417,54.837],[10.341,54.859],[10.2,54.963],[10.505,54.861],[10.417,54.837]]],[[[9.957,54.872],[9.806,54.906],[9.771,55.06],[9.999,54.986],[10.061,54.886],[9.957,54.872]]],[[[10.59,55.765],[10.527,55.784],[10.544,55.907],[10.516,55.959],[10.547,55.992],[10.662,55.878],[10.59,55.765]]],[[[11.011,57.229],[10.874,57.262],[10.935,57.309],[11.175,57.323],[11.011,57.229]]],[[[15.051,55.005],[14.684,55.102],[14.714,55.238],[14.765,55.297],[15.133,55.145],[15.137,55.087],[15.051,55.005]]]]}},{"type":"Feature","properties":{"name":"Czechia"},"geometry":{"type":"Polygon","coordinates":[[[18.832,49.511],[18.596,49.491],[18.365,49.336],[18.161,49.257],[18.086,49.065],[17.913,48.999],[17.758,48.888],[17.483,48.828],[17.188,48.861],[17.136,48.841],[17.063,48.781],[16.953,48.599],[16.884,48.704],[16.544,48.796],[16.478,48.8],[16.367,48.739],[16.057,48.755],[15.825,48.864],[15.701,48.86],[15.311,48.974],[15.162,48.946],[14.993,49.001],[14.923,48.771],[14.822,48.774],[14.786,48.747],[14.707,48.672],[14.691,48.599],[14.489,48.626],[14.368,48.576],[14.19,48.579],[14.049,48.602],[13.989,48.692],[13.815,48.767],[13.548,48.96],[13.441,48.956],[13.289,49.097],[13.141,49.158],[12.917,49.33],[12.813,49.329],[12.681,49.415],[12.391,49.74],[12.512,49.896],[12.208,50.098],[12.09,50.302],[12.175,50.288],[12.277,50.181],[12.453,50.35],[12.549,50.393],[12.765,50.431],[12.943,50.406],[13.016,50.49],[13.181,50.51],[13.238,50.577],[13.375,50.622],[13.436,50.601],[13.557,50.705],[13.899,50.761],[14.369,50.899],[14.256,51.002],[14.283,51.029],[14.546,50.994],[14.624,50.915],[14.614,50.856],[14.723,50.815],[14.983,50.887],[14.994,51.014],[15.259,50.959],[15.277,50.883],[15.354,50.812],[15.731,50.74],[15.949,50.67],[16.007,50.612],[16.282,50.656],[16.36,50.621],[16.42,50.574],[16.379,50.517],[16.21,50.424],[16.334,50.367],[16.639,50.102],[16.99,50.237],[16.88,50.427],[17.152,50.378],[17.415,50.255],[17.702,50.307],[17.735,50.231],[17.709,50.194],[17.589,50.157],[17.627,50.116],[17.831,49.983],[17.984,49.999],[18.028,50.035],[18.305,49.914],[18.348,49.93],[18.562,49.879],[18.595,49.758],[18.807,49.614],[18.832,49.511]]]}},{"type":"Feature","properties":{"name":"Cuba"},"geometry":{"type":"MultiPolygon","coordinates":[[[[-81.575,23.117],[-81.262,23.157],[-81.272,23.129],[-81.145,23.055],[-81.008,23.09],[-80.65,23.103],[-80.55,23.017],[-80.365,22.943],[-80.075,22.942],[-79.96,22.877],[-79.82,22.887],[-79.851,22.827],[-79.677,22.743],[-79.549,22.578],[-79.276,22.408],[-78.686,22.367],[-78.143,22.109],[-78.006,22.0],[-80.365,22.0],[-80.485,22.123],[-80.499,22.064],[-81.036,22.074],[-81.117,22.134],[-81.185,22.268],[-81.222,22.143],[-81.355,22.104],[-81.441,22.184],[-81.816,22.2],[-82.078,22.388],[-81.71,22.497],[-81.683,22.535],[-81.703,22.592],[-81.79,22.657],[-82.738,22.689],[-83.38,22.223],[-83.486,22.187],[-83.602,22.209],[-83.901,22.17],[-83.992,22.0],[-84.611,22.0],[-84.494,22.042],[-84.373,22.036],[-84.326,22.074],[-84.383,22.256],[-84.361,22.379],[-84.122,22.619],[-83.258,22.968],[-82.666,23.044],[-82.351,23.154],[-82.101,23.19],[-81.575,23.117]]],[[[-77.842,22.0],[-77.919,22.088],[-77.634,22.054],[-77.645,22.0],[-77.842,22.0]]],[[[-78.048,22.269],[-78.18,22.322],[-78.274,22.424],[-78.151,22.431],[-78.027,22.285],[-78.048,22.269]]],[[[-78.696,22.534],[-78.351,22.539],[-78.284,22.455],[-78.548,22.464],[-78.696,22.534]]],[[[-77.912,22.125],[-78.042,22.201],[-77.999,22.299],[-77.97,22.241],[-77.894,22.215],[-77.842,22.149],[-77.912,22.125]]],[[[-79.348,22.638],[-79.523,22.711],[-79.628,22.805],[-79.579,22.807],[-79.35,22.664],[-79.348,22.638]]]]}},{"type":"Feature","properties":{"name":"Croatia"},"geometry":{"type":"MultiPolygon","coordinates":[[[[13.615,45.477],[13.879,45.428],[13.993,45.509],[14.086,45.478],[14.37,45.481],[14.569,45.657],[14.793,45.478],[14.955,45.5],[15.242,45.441],[15.339,45.467],[15.284,45.58],[15.354,45.66],[15.277,45.733],[15.652,45.862],[15.676,45.984],[15.666,46.048],[15.597,46.109],[15.609,46.172],[16.001,46.305],[16.067,46.371],[16.227,46.373],[16.253,46.389],[16.237,46.484],[16.321,46.535],[16.748,46.416],[17.033,46.187],[17.242,46.077],[17.311,45.996],[17.607,45.914],[17.64,45.868],[17.807,45.79],[18.358,45.753],[18.534,45.796],[18.666,45.907],[18.905,45.932],[18.894,45.866],[18.839,45.836],[18.947,45.656],[18.918,45.601],[19.064,45.515],[19.008,45.466],[19.005,45.4],[19.093,45.337],[19.33,45.268],[19.401,45.189],[19.206,45.168],[19.137,45.196],[19.13,45.152],[19.063,45.137],[19.085,44.927],[19.01,44.919],[19.007,44.869],[18.941,44.865],[18.788,44.915],[18.746,45.027],[18.663,45.077],[18.285,45.134],[17.996,45.142],[17.874,45.077],[17.813,45.078],[17.654,45.163],[17.503,45.12],[17.125,45.172],[16.919,45.277],[16.791,45.197],[16.531,45.217],[16.293,45.009],[16.157,45.072],[16.028,45.19],[15.888,45.216],[15.788,45.179],[15.737,44.766],[16.103,44.521],[16.214,44.215],[16.3,44.125],[16.591,43.913],[16.713,43.779],[17.085,43.517],[17.274,43.446],[17.293,43.306],[17.65,43.007],[17.643,42.96],[17.585,42.938],[17.33,43.115],[17.129,43.211],[16.903,43.392],[16.394,43.543],[16.131,43.506],[15.986,43.52],[15.943,43.569],[15.942,43.657],[15.499,43.909],[15.186,44.172],[15.123,44.257],[15.284,44.289],[15.471,44.272],[15.27,44.383],[14.981,44.603],[14.895,44.707],[14.907,44.971],[14.855,45.081],[14.55,45.298],[14.313,45.338],[14.236,45.16],[13.966,44.836],[13.861,44.837],[13.629,45.108],[13.517,45.482],[13.578,45.517],[13.615,45.477]]],[[[16.651,42.997],[17.094,42.964],[17.188,42.917],[16.978,42.928],[16.851,42.896],[16.696,42.934],[16.651,42.997]]],[[[17.194,43.126],[16.679,43.123],[16.376,43.214],[16.521,43.229],[16.656,43.214],[16.697,43.175],[17.194,43.126]]],[[[16.627,43.268],[16.423,43.317],[16.449,43.387],[16.834,43.351],[16.891,43.315],[16.785,43.271],[16.627,43.268]]],[[[15.247,44.027],[15.122,44.093],[15.066,44.158],[15.231,44.062],[15.247,44.027]]],[[[14.687,44.956],[14.613,45.025],[14.512,45.035],[14.438,45.099],[14.525,45.147],[14.571,45.225],[14.81,44.977],[14.687,44.956]]],[[[14.857,44.715],[14.678,44.77],[14.672,44.824],[14.754,44.845],[14.857,44.715]]],[[[15.163,44.309],[14.913,44.486],[14.742,44.697],[15.24,44.35],[15.163,44.309]]],[[[15.203,43.908],[15.136,43.907],[14.865,44.168],[14.953,44.117],[15.203,43.908]]],[[[15.437,43.9],[15.374,43.915],[15.27,44.011],[15.371,43.974],[15.437,43.9]]],[[[14.48,44.621],[14.42,44.67],[14.312,44.9],[14.34,45.02],[14.286,45.145],[14.331,45.165],[14.358,45.167],[14.394,45.031],[14.467,44.97],[14.48,44.621]]],[[[17.744,42.7],[17.344,42.79],[17.608,42.769],[17.744,42.7]]],[[[18.436,42.56],[18.517,42.433],[17.824,42.797],[17.585,42.837],[17.258,42.968],[17.045,43.015],[17.22,43.026],[17.724,42.851],[17.668,42.897],[17.802,42.902],[17.841,42.845],[18.124,42.691],[18.436,42.56]]]]}},{"type":"Feature","properties":{"name":"Chad"},"geometry":{"type":"Polygon","coordinates":[[[15.159,22.0],[14.979,22.996],[15.984,23.445],[18.911,22.0],[15.159,22.0]]]}},{"type":"Feature","properties":{"name":"Canada"},"geometry":{"type":"MultiPolygon","coordinates":[[[[-88.818,63.992],[-88.878,64.0],[-88.743,64.0],[-88.818,63.992]]],[[[-89.123,64.0],[-89.132,63.969],[-89.268,64.0],[-89.123,64.0]]],[[[-89.88,64.0],[-89.856,63.957],[-89.922,63.944],[-90.168,63.979],[-90.013,63.804],[-90.245,63.642],[-90.369,63.624],[-90.596,63.661],[-90.707,63.597],[-90.812,63.581],[-91.108,63.618],[-91.539,63.726],[-91.926,63.757],[-91.956,63.772],[-91.929,63.812],[-91.982,63.822],[-92.095,63.784],[-92.338,63.788],[-93.284,64.0],[-89.88,64.0]]],[[[-93.612,64.0],[-93.664,63.941],[-93.56,63.865],[-93.416,63.838],[-93.27,63.841],[-93.38,63.9],[-93.406,63.941],[-93.379,63.948],[-92.157,63.692],[-92.465,63.555],[-92.29,63.563],[-91.842,63.698],[-91.686,63.66],[-91.33,63.507],[-90.97,63.443],[-90.747,63.352],[-90.711,63.304],[-90.691,63.111],[-90.778,62.972],[-91.115,62.922],[-91.349,62.819],[-91.449,62.804],[-92.034,62.863],[-92.361,62.819],[-92.378,62.772],[-92.305,62.712],[-91.956,62.645],[-91.936,62.592],[-92.008,62.541],[-92.27,62.587],[-92.551,62.547],[-92.595,62.47],[-92.768,62.38],[-92.766,62.35],[-92.627,62.279],[-92.528,62.168],[-92.866,62.306],[-93.205,62.365],[-92.988,62.286],[-92.906,62.215],[-93.066,62.15],[-93.016,62.093],[-93.073,62.061],[-93.35,62.03],[-93.366,62.015],[-93.273,61.961],[-93.333,61.933],[-93.582,61.942],[-93.494,61.847],[-93.312,61.767],[-93.71,61.603],[-93.913,61.481],[-93.941,61.444],[-93.889,61.344],[-93.942,61.308],[-94.083,61.304],[-94.05,61.211],[-94.068,61.139],[-94.509,60.605],[-94.569,60.542],[-94.679,60.538],[-94.762,60.498],[-94.647,60.416],[-94.786,59.953],[-94.788,59.268],[-94.87,59.088],[-94.957,59.069],[-94.776,59.021],[-94.673,58.87],[-94.579,58.868],[-94.419,58.746],[-94.287,58.716],[-94.332,58.297],[-94.272,58.378],[-94.209,58.626],[-94.123,58.737],[-93.78,58.773],[-93.278,58.756],[-93.179,58.726],[-93.1,58.49],[-92.842,58.076],[-92.702,57.778],[-92.49,57.469],[-92.433,57.32],[-92.478,57.205],[-92.614,57.039],[-92.798,56.922],[-92.456,57.037],[-92.303,57.046],[-92.356,56.971],[-91.111,57.241],[-90.897,57.257],[-90.592,57.224],[-89.791,56.981],[-88.826,56.814],[-88.447,56.609],[-88.075,56.467],[-87.482,56.021],[-86.919,55.915],[-85.677,55.601],[-85.218,55.349],[-85.212,55.297],[-85.365,55.079],[-85.214,55.224],[-85.061,55.286],[-84.518,55.259],[-83.911,55.315],[-83.214,55.215],[-82.986,55.231],[-82.868,55.161],[-82.577,55.149],[-82.393,55.068],[-82.308,54.998],[-82.219,54.813],[-82.418,54.356],[-82.424,54.245],[-82.394,54.18],[-82.24,54.045],[-82.141,53.818],[-82.191,53.611],[-82.146,53.365],[-82.159,53.264],[-82.26,53.16],[-82.292,53.031],[-82.26,52.961],[-82.02,52.812],[-81.599,52.433],[-81.572,52.367],[-81.612,52.324],[-81.828,52.224],[-81.55,52.237],[-81.466,52.204],[-81.285,52.089],[-80.969,51.972],[-80.706,51.798],[-80.588,51.667],[-80.443,51.389],[-80.673,51.265],[-80.851,51.125],[-80.478,51.307],[-80.368,51.33],[-80.104,51.283],[-79.836,51.173],[-79.348,50.763],[-79.453,50.917],[-79.714,51.118],[-79.737,51.186],[-79.643,51.414],[-79.498,51.57],[-79.339,51.628],[-79.297,51.623],[-79.264,51.552],[-79.041,51.464],[-78.903,51.2],[-78.858,51.384],[-78.731,51.497],[-78.978,51.734],[-78.982,51.775],[-78.928,51.799],[-78.828,51.963],[-78.702,52.033],[-78.537,52.213],[-78.448,52.261],[-78.526,52.311],[-78.557,52.492],[-78.744,52.655],[-78.766,52.76],[-78.722,52.856],[-78.898,53.043],[-78.992,53.41],[-79.1,53.657],[-79.113,53.717],[-79.04,53.818],[-78.946,53.832],[-79.075,53.932],[-78.996,54.002],[-79.067,54.052],[-79.242,54.099],[-79.139,54.157],[-79.356,54.263],[-79.476,54.395],[-79.598,54.602],[-79.712,54.672],[-78.475,55.011],[-77.775,55.291],[-77.165,55.664],[-76.762,55.996],[-76.65,56.107],[-76.546,56.359],[-76.52,56.707],[-76.573,57.181],[-76.655,57.381],[-76.891,57.758],[-77.157,58.019],[-77.552,58.24],[-78.014,58.399],[-78.352,58.581],[-78.463,58.602],[-78.515,58.682],[-78.483,58.829],[-78.431,58.902],[-78.068,59.2],[-77.843,59.305],[-77.761,59.38],[-77.859,59.476],[-77.733,59.581],[-77.726,59.676],[-77.59,59.681],[-77.397,59.569],[-77.349,59.579],[-77.485,59.685],[-77.332,59.797],[-77.373,59.925],[-77.289,60.022],[-77.586,60.088],[-77.453,60.146],[-77.681,60.427],[-77.598,60.507],[-77.504,60.543],[-77.715,60.578],[-77.791,60.64],[-77.661,60.79],[-77.59,60.809],[-77.872,60.786],[-78.181,60.819],[-77.765,61.158],[-77.727,61.231],[-77.736,61.437],[-77.514,61.556],[-77.89,61.729],[-78.021,61.832],[-78.137,62.107],[-78.133,62.282],[-78.068,62.355],[-77.9,62.427],[-77.604,62.531],[-77.372,62.573],[-76.879,62.525],[-75.817,62.316],[-75.676,62.25],[-75.809,62.193],[-75.79,62.18],[-75.341,62.312],[-75.023,62.264],[-74.633,62.116],[-74.613,62.125],[-74.69,62.183],[-74.646,62.211],[-73.705,62.473],[-73.299,62.325],[-72.882,62.125],[-72.687,62.125],[-72.632,62.027],[-72.772,61.84],[-72.506,61.923],[-72.226,61.832],[-72.04,61.68],[-72.082,61.641],[-72.247,61.602],[-72.216,61.587],[-72.023,61.612],[-71.866,61.689],[-71.638,61.617],[-71.605,61.592],[-71.619,61.573],[-71.756,61.527],[-71.854,61.44],[-71.645,61.413],[-71.732,61.372],[-71.743,61.337],[-71.423,61.159],[-71.175,61.147],[-70.723,61.055],[-70.279,61.069],[-70.158,61.021],[-70.146,60.922],[-70.095,60.88],[-69.992,60.856],[-69.708,60.915],[-69.624,61.05],[-69.503,61.04],[-69.414,60.922],[-69.405,60.847],[-69.64,60.69],[-69.751,60.487],[-69.741,60.332],[-69.629,60.199],[-69.63,60.122],[-69.674,60.076],[-69.796,60.03],[-69.963,60.018],[-70.655,60.026],[-70.62,59.984],[-69.806,59.945],[-69.734,59.918],[-69.63,59.822],[-69.579,59.675],[-69.692,59.488],[-69.711,59.393],[-69.682,59.342],[-69.4,59.338],[-69.344,59.303],[-69.45,59.18],[-69.414,59.087],[-69.532,58.869],[-69.648,58.821],[-69.784,58.956],[-69.868,58.856],[-70.16,58.789],[-70.154,58.761],[-69.79,58.689],[-69.271,58.884],[-68.698,58.905],[-68.475,58.823],[-68.381,58.744],[-68.326,58.595],[-68.253,58.557],[-68.229,58.485],[-68.234,58.399],[-68.357,58.163],[-68.468,58.076],[-68.945,57.969],[-69.041,57.902],[-68.781,57.976],[-68.495,58.012],[-68.414,58.052],[-68.289,58.178],[-68.176,58.403],[-68.111,58.473],[-68.021,58.485],[-67.888,58.296],[-68.064,58.139],[-67.856,58.273],[-67.756,58.405],[-67.69,58.244],[-67.678,57.991],[-67.57,58.213],[-67.019,58.433],[-66.722,58.491],[-66.608,58.549],[-66.48,58.731],[-66.362,58.791],[-66.237,58.772],[-66.091,58.659],[-66.03,58.567],[-66.002,58.431],[-65.923,58.572],[-66.043,58.821],[-65.855,58.847],[-65.836,58.86],[-65.921,58.915],[-65.841,58.977],[-65.704,58.971],[-65.721,59.024],[-65.544,59.012],[-65.384,59.06],[-65.606,59.111],[-65.7,59.213],[-65.607,59.213],[-65.513,59.35],[-65.412,59.315],[-65.489,59.448],[-65.475,59.47],[-65.35,59.479],[-65.038,59.388],[-65.407,59.539],[-65.486,59.649],[-65.433,59.777],[-65.289,59.818],[-65.054,59.753],[-65.028,59.771],[-65.159,59.83],[-65.172,59.908],[-64.931,60.252],[-64.817,60.331],[-64.706,60.336],[-64.499,60.268],[-64.436,60.228],[-64.42,60.171],[-64.528,60.095],[-64.768,60.012],[-64.283,60.064],[-64.183,59.973],[-64.169,59.847],[-64.226,59.741],[-64.056,59.823],[-63.979,59.754],[-63.929,59.645],[-63.75,59.513],[-63.971,59.409],[-63.945,59.38],[-63.781,59.349],[-63.759,59.319],[-63.776,59.277],[-63.638,59.341],[-63.54,59.333],[-63.415,59.194],[-63.506,59.115],[-63.646,59.079],[-63.971,59.054],[-63.941,59.027],[-63.794,59.027],[-63.399,59.08],[-63.248,59.068],[-63.223,59.057],[-63.31,59.026],[-63.216,58.928],[-63.282,58.867],[-63.05,58.878],[-62.926,58.765],[-62.874,58.672],[-63.102,58.546],[-63.39,58.453],[-63.537,58.33],[-63.474,58.331],[-63.21,58.467],[-63.12,58.442],[-63.132,58.411],[-62.737,58.492],[-62.608,58.496],[-62.594,58.474],[-62.674,58.319],[-62.812,58.2],[-63.063,58.127],[-63.262,58.015],[-63.22,58.002],[-62.818,58.129],[-62.486,58.154],[-62.306,57.972],[-62.117,57.964],[-61.959,57.912],[-61.899,57.861],[-61.995,57.769],[-61.931,57.669],[-61.968,57.612],[-62.339,57.485],[-62.496,57.489],[-62.396,57.448],[-62.088,57.453],[-61.921,57.421],[-61.85,57.37],[-61.977,57.248],[-61.861,57.198],[-61.629,57.183],[-61.334,57.011],[-61.39,56.853],[-61.372,56.681],[-61.532,56.655],[-62.062,56.699],[-62.382,56.788],[-62.296,56.833],[-62.497,56.802],[-62.396,56.73],[-62.117,56.667],[-61.992,56.591],[-61.855,56.584],[-61.738,56.526],[-61.899,56.505],[-62.01,56.454],[-61.94,56.424],[-61.425,56.361],[-61.707,56.289],[-61.713,56.231],[-61.365,56.216],[-61.301,56.047],[-61.449,56.022],[-61.45,55.996],[-61.188,55.955],[-61.089,55.866],[-60.996,55.862],[-60.832,55.958],[-60.743,55.941],[-60.737,55.887],[-60.593,55.815],[-60.562,55.727],[-60.476,55.805],[-60.341,55.785],[-60.408,55.65],[-60.192,55.481],[-60.361,55.366],[-60.45,55.2],[-60.617,55.06],[-60.213,55.236],[-59.93,55.259],[-59.759,55.31],[-59.696,55.269],[-59.689,55.196],[-59.438,55.176],[-59.742,54.943],[-59.838,54.814],[-59.429,55.056],[-59.26,55.2],[-58.997,55.149],[-58.886,54.952],[-58.78,54.838],[-58.398,54.774],[-58.223,54.813],[-58.195,54.866],[-57.962,54.876],[-57.929,54.773],[-57.827,54.719],[-57.627,54.65],[-57.483,54.64],[-57.404,54.591],[-57.563,54.44],[-57.699,54.387],[-58.151,54.35],[-58.22,54.286],[-58.435,54.228],[-58.633,54.05],[-58.92,54.033],[-59.039,53.964],[-59.497,53.834],[-59.823,53.834],[-60.057,53.733],[-60.145,53.596],[-60.395,53.653],[-60.37,53.607],[-60.1,53.487],[-60.29,53.391],[-60.306,53.36],[-60.251,53.344],[-60.346,53.289],[-60.329,53.266],[-60.148,53.307],[-59.829,53.505],[-59.621,53.537],[-59.322,53.644],[-58.92,53.875],[-58.652,53.978],[-57.928,54.104],[-58.177,54.131],[-58.317,54.114],[-58.361,54.154],[-58.31,54.202],[-58.192,54.228],[-57.416,54.163],[-57.199,53.924],[-57.135,53.792],[-57.244,53.715],[-57.524,53.611],[-57.386,53.561],[-57.332,53.469],[-57.012,53.673],[-56.841,53.739],[-56.524,53.766],[-56.465,53.765],[-56.354,53.624],[-56.11,53.588],[-55.966,53.471],[-55.859,53.344],[-55.855,53.286],[-55.798,53.212],[-55.808,53.135],[-55.892,53.0],[-55.83,52.878],[-55.873,52.736],[-55.803,52.643],[-56.292,52.574],[-56.325,52.545],[-56.053,52.537],[-55.746,52.475],[-55.706,52.428],[-55.716,52.392],[-55.777,52.364],[-56.012,52.394],[-55.691,52.242],[-55.673,52.19],[-55.695,52.138],[-56.017,51.929],[-56.976,51.458],[-57.462,51.469],[-57.77,51.426],[-58.089,51.311],[-58.51,51.295],[-58.593,51.257],[-58.638,51.172],[-59.165,50.78],[-59.378,50.675],[-59.612,50.492],[-59.815,50.418],[-59.886,50.316],[-60.08,50.255],[-60.608,50.221],[-60.807,50.25],[-60.956,50.205],[-61.29,50.202],[-61.725,50.104],[-61.92,50.233],[-62.715,50.302],[-63.136,50.294],[-63.239,50.243],[-63.587,50.258],[-63.854,50.314],[-64.17,50.269],[-64.509,50.309],[-64.868,50.275],[-65.269,50.32],[-65.762,50.259],[-65.955,50.294],[-66.126,50.201],[-66.496,50.212],[-66.741,50.066],[-66.941,49.994],[-67.234,49.602],[-67.262,49.451],[-67.372,49.348],[-68.056,49.257],[-68.282,49.197],[-68.221,49.15],[-68.544,49.056],[-68.628,49.007],[-68.669,48.94],[-68.929,48.829],[-69.231,48.574],[-69.375,48.386],[-69.55,48.251],[-69.674,48.199],[-69.852,48.207],[-70.384,48.367],[-71.018,48.456],[-70.839,48.367],[-70.501,48.354],[-69.971,48.206],[-69.866,48.172],[-69.775,48.098],[-69.906,47.832],[-69.994,47.74],[-70.448,47.423],[-70.706,47.14],[-71.116,46.925],[-71.268,46.796],[-71.757,46.674],[-71.88,46.687],[-72.205,46.559],[-72.257,46.485],[-72.68,46.287],[-72.981,46.21],[-73.022,46.12],[-73.145,46.066],[-73.284,45.9],[-73.477,45.738],[-73.712,45.711],[-73.897,45.564],[-74.038,45.502],[-74.315,45.531],[-74.0,45.433],[-73.974,45.345],[-74.098,45.324],[-74.358,45.206],[-74.709,45.004],[-74.996,44.97],[-75.401,44.772],[-75.876,44.417],[-76.151,44.304],[-76.186,44.242],[-76.465,44.058],[-76.82,43.629],[-78.458,43.631],[-78.72,43.625],[-78.846,43.583],[-79.172,43.467],[-79.059,43.278],[-79.066,43.106],[-79.026,43.017],[-78.915,42.909],[-79.037,42.802],[-80.248,42.366],[-81.278,42.209],[-82.439,41.675],[-82.69,41.675],[-83.03,41.833],[-83.142,41.976],[-83.15,42.142],[-83.073,42.3],[-82.868,42.385],[-82.545,42.625],[-82.488,42.74],[-82.408,43.073],[-82.138,43.571],[-82.551,45.347],[-83.593,45.817],[-83.469,45.995],[-83.616,46.117],[-83.978,46.085],[-84.088,46.227],[-84.15,46.445],[-84.125,46.527],[-84.149,46.543],[-84.402,46.516],[-84.562,46.457],[-84.779,46.637],[-84.876,46.9],[-88.378,48.303],[-88.612,48.264],[-89.273,48.02],[-89.456,47.996],[-89.901,47.995],[-89.994,48.015],[-90.092,48.118],[-90.744,48.105],[-90.84,48.201],[-90.916,48.209],[-91.043,48.194],[-91.387,48.059],[-91.518,48.058],[-91.858,48.198],[-92.005,48.302],[-92.172,48.338],[-92.299,48.329],[-92.348,48.277],[-92.415,48.277],[-92.501,48.435],[-92.996,48.612],[-93.378,48.617],[-93.464,48.561],[-93.708,48.525],[-93.804,48.549],[-93.852,48.607],[-94.055,48.659],[-94.621,48.743],[-94.705,48.808],[-94.803,49.003],[-94.854,49.305],[-94.939,49.349],[-95.155,49.37],[-95.162,48.992],[-98.0,48.993],[-98.0,64.0],[-93.612,64.0]]],[[[-80.654,64.0],[-80.579,63.909],[-80.668,63.901],[-80.261,63.802],[-80.504,63.674],[-81.046,63.462],[-81.963,63.664],[-82.378,63.707],[-82.412,63.737],[-82.467,63.927],[-82.926,64.0],[-80.654,64.0]]],[[[-83.638,63.918],[-83.728,63.813],[-84.022,63.66],[-84.308,63.586],[-84.506,63.39],[-84.633,63.309],[-84.962,63.197],[-85.393,63.12],[-85.496,63.139],[-85.714,63.658],[-85.769,63.7],[-86.576,63.662],[-86.915,63.569],[-87.152,63.586],[-87.194,63.633],[-87.154,63.715],[-86.932,63.902],[-86.609,64.0],[-83.62,64.0],[-83.638,63.918]]],[[[-61.105,45.945],[-60.865,45.983],[-60.868,45.949],[-61.038,45.882],[-60.972,45.838],[-61.092,45.748],[-61.059,45.703],[-60.93,45.748],[-60.738,45.751],[-60.461,45.969],[-60.705,45.933],[-60.733,45.957],[-60.573,46.061],[-60.586,46.117],[-60.505,46.204],[-60.298,46.311],[-60.244,46.27],[-60.226,46.196],[-60.092,46.206],[-59.865,46.16],[-59.849,46.113],[-59.934,46.019],[-59.828,45.965],[-59.842,45.942],[-60.016,45.88],[-60.386,45.655],[-60.673,45.591],[-60.872,45.611],[-61.284,45.574],[-61.45,45.716],[-61.495,45.941],[-61.481,46.06],[-61.409,46.17],[-61.241,46.303],[-60.87,46.797],[-60.571,46.999],[-60.408,47.004],[-60.425,46.923],[-60.333,46.737],[-60.482,46.414],[-60.495,46.27],[-60.577,46.172],[-61.105,45.945]]],[[[-67.084,45.144],[-67.25,45.201],[-67.315,45.154],[-67.473,45.276],[-67.428,45.378],[-67.494,45.474],[-67.424,45.53],[-67.433,45.603],[-67.596,45.621],[-67.802,45.728],[-67.767,45.927],[-67.807,47.083],[-68.235,47.346],[-68.358,47.345],[-68.377,47.316],[-68.829,47.203],[-68.937,47.211],[-69.049,47.274],[-69.05,47.427],[-69.243,47.463],[-70.008,46.709],[-70.067,46.441],[-70.248,46.251],[-70.304,46.057],[-70.296,45.906],[-70.408,45.802],[-70.421,45.738],[-70.702,45.551],[-70.69,45.428],[-70.799,45.405],[-70.865,45.271],[-70.898,45.262],[-70.96,45.333],[-71.0,45.337],[-71.135,45.263],[-71.327,45.29],[-71.419,45.2],[-71.518,45.008],[-74.709,45.004],[-74.566,45.042],[-74.269,45.188],[-74.05,45.241],[-73.765,45.395],[-73.558,45.425],[-73.519,45.459],[-73.465,45.632],[-73.16,46.01],[-72.99,46.104],[-72.733,46.182],[-72.496,46.353],[-72.24,46.442],[-72.109,46.551],[-71.901,46.632],[-71.671,46.654],[-71.261,46.756],[-71.152,46.819],[-70.519,47.033],[-70.388,47.117],[-70.218,47.29],[-70.07,47.378],[-70.017,47.471],[-69.581,47.824],[-69.471,47.967],[-68.816,48.366],[-68.552,48.457],[-68.238,48.626],[-67.561,48.856],[-66.598,49.126],[-66.178,49.213],[-65.523,49.266],[-64.836,49.192],[-64.568,49.105],[-64.216,48.874],[-64.209,48.806],[-64.514,48.841],[-64.246,48.691],[-64.254,48.55],[-64.349,48.423],[-64.633,48.36],[-64.822,48.196],[-65.259,48.021],[-65.476,48.031],[-65.927,48.189],[-66.083,48.103],[-66.449,48.12],[-66.704,48.022],[-66.36,48.061],[-66.21,47.989],[-65.849,47.911],[-65.756,47.86],[-65.666,47.696],[-65.607,47.67],[-65.483,47.687],[-65.228,47.811],[-65.002,47.847],[-65.046,47.793],[-64.874,47.797],[-64.703,47.725],[-64.852,47.57],[-64.912,47.369],[-65.319,47.101],[-65.192,47.05],[-65.042,47.089],[-64.831,47.061],[-64.906,46.888],[-64.817,46.699],[-64.726,46.671],[-64.641,46.426],[-64.648,46.356],[-64.557,46.311],[-64.542,46.24],[-63.916,46.166],[-63.832,46.107],[-64.056,46.021],[-63.703,45.858],[-63.509,45.875],[-63.293,45.752],[-63.108,45.782],[-62.701,45.741],[-62.75,45.648],[-62.586,45.661],[-62.483,45.622],[-61.956,45.868],[-61.924,45.851],[-61.877,45.714],[-61.777,45.656],[-61.657,45.642],[-61.492,45.687],[-61.35,45.574],[-61.277,45.476],[-61.282,45.441],[-61.461,45.367],[-61.107,45.349],[-61.032,45.292],[-61.101,45.233],[-61.165,45.256],[-61.284,45.235],[-62.514,44.844],[-63.032,44.715],[-63.156,44.711],[-63.306,44.643],[-63.457,44.64],[-63.604,44.683],[-63.545,44.544],[-63.61,44.48],[-63.821,44.511],[-64.0,44.645],[-64.101,44.487],[-64.167,44.587],[-64.286,44.55],[-64.339,44.445],[-64.276,44.334],[-64.335,44.292],[-64.378,44.304],[-64.469,44.185],[-64.578,44.142],[-64.862,43.868],[-65.087,43.727],[-65.235,43.727],[-65.33,43.668],[-65.344,43.55],[-65.429,43.561],[-65.482,43.518],[-65.564,43.553],[-65.662,43.534],[-65.738,43.561],[-65.887,43.795],[-65.978,43.815],[-66.038,43.742],[-66.126,43.814],[-66.193,44.144],[-66.1,44.367],[-65.868,44.569],[-65.942,44.576],[-66.146,44.436],[-66.091,44.505],[-65.917,44.615],[-65.616,44.68],[-65.502,44.76],[-65.728,44.697],[-65.657,44.76],[-64.903,45.121],[-64.449,45.256],[-64.407,45.306],[-64.448,45.337],[-64.331,45.309],[-64.354,45.138],[-64.235,45.114],[-64.135,45.023],[-64.183,45.147],[-64.093,45.217],[-63.748,45.311],[-63.46,45.321],[-63.368,45.365],[-63.614,45.394],[-63.906,45.378],[-64.087,45.411],[-64.336,45.39],[-64.6,45.41],[-64.747,45.324],[-64.873,45.355],[-64.913,45.375],[-64.827,45.476],[-64.56,45.625],[-64.315,45.836],[-64.482,45.806],[-64.633,45.947],[-64.594,45.814],[-64.779,45.638],[-64.898,45.626],[-65.545,45.337],[-65.884,45.223],[-65.956,45.222],[-66.11,45.317],[-66.027,45.418],[-66.183,45.335],[-66.107,45.257],[-66.144,45.228],[-66.44,45.096],[-66.511,45.143],[-66.872,45.067],[-66.919,45.146],[-67.084,45.144]]],[[[-55.532,51.437],[-55.631,51.373],[-56.031,51.328],[-56.044,51.262],[-56.0,51.199],[-55.815,51.191],[-55.785,51.131],[-55.8,51.033],[-55.871,50.907],[-56.107,50.759],[-56.136,50.651],[-56.196,50.585],[-56.454,50.38],[-56.484,50.271],[-56.732,50.008],[-56.754,49.883],[-56.849,49.765],[-56.809,49.71],[-56.822,49.613],[-56.501,49.87],[-56.376,49.934],[-56.247,50.09],[-56.179,50.115],[-56.122,50.063],[-56.161,49.94],[-55.927,50.018],[-55.765,49.96],[-55.503,49.983],[-55.584,49.892],[-56.04,49.705],[-56.14,49.619],[-55.979,49.678],[-55.87,49.67],[-55.892,49.58],[-56.087,49.452],[-55.815,49.515],[-55.678,49.435],[-55.376,49.49],[-55.344,49.373],[-55.28,49.413],[-55.283,49.514],[-55.23,49.508],[-55.2,49.408],[-55.259,49.267],[-55.342,49.168],[-55.353,49.079],[-55.252,49.121],[-55.245,49.2],[-55.176,49.244],[-55.026,49.305],[-55.016,49.26],[-54.983,49.268],[-54.502,49.527],[-54.469,49.53],[-54.448,49.329],[-54.317,49.424],[-53.958,49.442],[-53.619,49.322],[-53.57,49.264],[-53.573,49.141],[-53.758,49.035],[-53.903,48.889],[-54.161,48.788],[-53.853,48.811],[-53.962,48.739],[-53.966,48.707],[-53.698,48.68],[-53.706,48.656],[-53.795,48.526],[-54.114,48.394],[-53.799,48.449],[-53.739,48.496],[-53.644,48.511],[-53.552,48.482],[-53.411,48.562],[-53.22,48.578],[-53.057,48.659],[-53.028,48.635],[-53.037,48.516],[-53.136,48.402],[-53.334,48.356],[-53.406,48.294],[-53.61,48.208],[-53.56,48.174],[-53.542,48.108],[-53.569,48.088],[-53.87,48.02],[-53.638,48.015],[-53.695,47.921],[-53.864,47.787],[-53.765,47.65],[-53.672,47.648],[-53.604,47.662],[-53.504,47.744],[-53.283,47.998],[-52.921,48.147],[-52.866,48.113],[-52.998,47.976],[-53.154,47.735],[-53.17,47.512],[-53.122,47.455],[-52.945,47.553],[-52.782,47.769],[-52.711,47.745],[-52.654,47.549],[-52.684,47.426],[-52.912,47.103],[-52.882,47.011],[-52.962,46.819],[-53.115,46.656],[-53.214,46.66],[-53.323,46.718],[-53.536,46.633],[-53.59,46.639],[-53.616,46.68],[-53.581,46.957],[-53.612,47.01],[-53.58,47.099],[-53.597,47.146],[-54.01,46.84],[-54.102,46.825],[-54.174,46.88],[-54.093,47.086],[-53.85,47.44],[-53.989,47.756],[-54.192,47.86],[-54.488,47.404],[-54.563,47.375],[-54.474,47.547],[-54.651,47.408],[-54.857,47.385],[-55.09,47.174],[-55.14,47.046],[-55.316,46.906],[-55.531,46.914],[-55.789,46.867],[-55.95,46.928],[-55.919,47.017],[-55.838,47.072],[-55.492,47.161],[-55.191,47.449],[-54.87,47.571],[-54.785,47.665],[-54.946,47.621],[-55.075,47.658],[-55.366,47.661],[-55.435,47.501],[-55.576,47.465],[-55.862,47.53],[-56.127,47.503],[-55.867,47.592],[-55.858,47.819],[-56.02,47.764],[-56.121,47.789],[-56.263,47.658],[-56.774,47.565],[-57.66,47.625],[-57.926,47.675],[-58.333,47.677],[-58.337,47.731],[-58.613,47.626],[-59.117,47.571],[-59.26,47.634],[-59.321,47.737],[-59.362,47.889],[-59.272,47.996],[-58.961,48.159],[-58.605,48.411],[-58.33,48.522],[-59.167,48.522],[-59.168,48.558],[-58.842,48.746],[-58.819,48.747],[-58.906,48.65],[-58.843,48.605],[-58.716,48.598],[-58.494,49.003],[-58.404,49.084],[-58.186,49.062],[-58.05,48.988],[-57.991,48.988],[-58.099,49.077],[-58.049,49.18],[-57.98,49.23],[-58.191,49.259],[-58.213,49.387],[-58.107,49.5],[-58.016,49.542],[-57.856,49.474],[-57.791,49.49],[-57.897,49.6],[-57.926,49.701],[-57.433,50.506],[-57.331,50.605],[-57.18,50.615],[-57.264,50.649],[-57.298,50.699],[-57.053,50.857],[-57.006,50.94],[-57.036,51.011],[-56.825,51.126],[-56.75,51.275],[-56.682,51.333],[-56.026,51.568],[-55.902,51.564],[-55.866,51.508],[-55.69,51.471],[-55.66,51.511],[-55.701,51.559],[-55.496,51.59],[-55.459,51.537],[-55.532,51.437]]],[[[-64.686,63.961],[-64.798,63.916],[-64.576,63.897],[-64.411,63.706],[-64.562,63.68],[-64.499,63.463],[-64.514,63.264],[-64.665,63.245],[-64.933,63.599],[-65.192,63.764],[-65.089,63.606],[-65.005,63.333],[-65.069,63.263],[-64.672,62.922],[-64.869,62.88],[-65.133,62.952],[-65.163,62.933],[-65.047,62.701],[-65.05,62.646],[-65.108,62.626],[-65.572,62.869],[-65.74,62.932],[-65.834,62.909],[-66.224,63.107],[-66.249,63.108],[-66.201,63.006],[-66.229,62.991],[-66.414,63.027],[-66.655,63.265],[-66.636,63.08],[-66.697,63.07],[-66.773,63.162],[-66.975,63.256],[-67.018,63.317],[-67.18,63.305],[-67.261,63.341],[-67.893,63.734],[-67.723,63.423],[-68.494,63.725],[-68.859,63.752],[-68.911,63.703],[-68.141,63.172],[-67.915,63.114],[-67.676,63.094],[-67.665,63.073],[-67.737,63.01],[-67.367,62.914],[-66.98,62.701],[-66.645,62.602],[-66.281,62.303],[-65.98,62.209],[-66.027,62.137],[-66.133,62.102],[-66.056,61.967],[-66.059,61.914],[-66.257,61.868],[-67.44,62.151],[-68.634,62.281],[-69.126,62.424],[-69.605,62.768],[-69.8,62.79],[-70.236,62.763],[-71.106,63.002],[-70.946,63.121],[-71.254,63.043],[-71.347,63.066],[-71.617,63.187],[-71.992,63.416],[-71.614,63.444],[-71.456,63.512],[-71.381,63.58],[-71.513,63.587],[-71.725,63.706],[-71.838,63.725],[-72.29,63.728],[-72.159,63.89],[-72.498,63.823],[-72.653,64.0],[-64.673,64.0],[-64.686,63.961]]],[[[-62.22,49.079],[-63.042,49.225],[-63.566,49.399],[-63.676,49.534],[-63.777,49.602],[-64.44,49.828],[-64.485,49.887],[-64.373,49.926],[-64.131,49.942],[-63.089,49.773],[-62.043,49.39],[-61.817,49.284],[-61.696,49.139],[-61.801,49.094],[-62.22,49.079]]],[[[-63.784,46.455],[-63.681,46.562],[-63.369,46.508],[-63.129,46.422],[-62.164,46.487],[-62.024,46.422],[-62.526,46.203],[-62.552,46.166],[-62.543,46.029],[-62.478,46.0],[-62.805,45.973],[-62.878,46.001],[-62.904,46.068],[-63.022,46.067],[-62.895,46.124],[-62.953,46.195],[-63.015,46.19],[-63.056,46.224],[-63.053,46.27],[-62.978,46.316],[-63.271,46.2],[-63.153,46.188],[-63.213,46.16],[-63.569,46.209],[-63.732,46.289],[-63.801,46.367],[-63.759,46.398],[-64.111,46.425],[-64.107,46.562],[-64.136,46.6],[-64.388,46.641],[-64.403,46.692],[-64.223,46.901],[-63.994,47.062],[-63.981,46.913],[-64.088,46.775],[-63.879,46.609],[-63.864,46.572],[-63.906,46.509],[-63.784,46.455]]],[[[-81.961,62.926],[-81.99,62.776],[-82.114,62.652],[-82.568,62.403],[-83.016,62.21],[-83.377,62.238],[-83.699,62.16],[-83.761,62.304],[-83.912,62.426],[-83.899,62.476],[-83.739,62.569],[-83.376,62.905],[-83.289,62.922],[-82.966,62.874],[-82.706,62.945],[-82.46,62.936],[-82.235,62.977],[-82.048,62.971],[-81.961,62.926]]],[[[-79.545,62.412],[-79.286,62.248],[-79.272,62.186],[-79.324,62.026],[-79.669,61.644],[-79.816,61.595],[-80.265,61.818],[-80.26,62.109],[-80.022,62.343],[-79.868,62.404],[-79.545,62.412]]],[[[-80.802,52.734],[-81.839,52.958],[-82.005,53.01],[-82.039,53.05],[-81.847,53.186],[-81.335,53.224],[-81.136,53.206],[-80.765,52.923],[-80.71,52.787],[-80.732,52.747],[-80.802,52.734]]],[[[-78.761,56.175],[-78.914,56.133],[-78.907,56.166],[-78.799,56.383],[-78.725,56.439],[-78.669,56.439],[-78.673,56.26],[-78.761,56.175]]],[[[-78.907,56.32],[-79.175,55.885],[-79.228,55.879],[-79.274,55.922],[-79.142,56.136],[-79.142,56.181],[-79.182,56.212],[-79.407,55.935],[-79.495,55.875],[-79.606,55.876],[-79.765,55.807],[-79.497,56.093],[-79.545,56.128],[-79.905,55.871],[-80.008,55.911],[-79.515,56.327],[-79.459,56.54],[-79.432,56.447],[-79.554,56.192],[-79.458,56.211],[-79.339,56.376],[-79.272,56.6],[-79.124,56.52],[-79.078,56.454],[-78.963,56.422],[-78.907,56.32]]],[[[-80.029,56.199],[-80.089,56.214],[-80.057,56.287],[-79.749,56.377],[-79.58,56.466],[-79.688,56.327],[-80.029,56.199]]],[[[-59.788,43.94],[-60.038,43.907],[-60.117,43.953],[-59.866,43.947],[-59.727,44.003],[-59.788,43.94]]],[[[-61.003,45.482],[-61.082,45.558],[-60.912,45.567],[-60.962,45.49],[-61.003,45.482]]],[[[-61.914,47.285],[-61.773,47.26],[-61.834,47.223],[-62.008,47.234],[-61.925,47.425],[-61.548,47.632],[-61.396,47.638],[-61.476,47.564],[-61.582,47.56],[-61.831,47.392],[-61.914,47.285]]],[[[-64.534,47.814],[-64.621,47.752],[-64.685,47.754],[-64.663,47.863],[-64.509,47.887],[-64.534,47.814]]],[[[-64.591,47.907],[-64.52,48.005],[-64.481,48.007],[-64.476,47.959],[-64.591,47.907]]],[[[-66.324,44.257],[-66.25,44.379],[-66.21,44.392],[-66.274,44.292],[-66.324,44.257]]],[[[-66.897,44.629],[-66.845,44.764],[-66.802,44.805],[-66.745,44.791],[-66.763,44.682],[-66.897,44.629]]],[[[-73.644,45.449],[-73.775,45.468],[-73.961,45.441],[-73.853,45.516],[-73.687,45.561],[-73.522,45.701],[-73.476,45.705],[-73.552,45.49],[-73.644,45.449]]],[[[-73.695,45.585],[-73.858,45.574],[-73.725,45.672],[-73.572,45.694],[-73.695,45.585]]],[[[-71.117,46.865],[-70.971,46.961],[-70.826,46.995],[-70.913,46.92],[-71.117,46.865]]],[[[-55.57,50.709],[-55.629,50.721],[-55.604,50.781],[-55.469,50.796],[-55.57,50.709]]],[[[-54.538,49.62],[-54.787,49.496],[-54.864,49.576],[-54.813,49.599],[-54.733,49.562],[-54.619,49.622],[-54.538,49.62]]],[[[-55.409,51.889],[-55.346,51.983],[-55.274,51.995],[-55.294,51.93],[-55.409,51.889]]],[[[-54.094,49.744],[-53.981,49.662],[-54.286,49.595],[-54.259,49.719],[-54.199,49.689],[-54.138,49.751],[-54.094,49.744]]],[[[-54.227,47.441],[-54.326,47.408],[-54.32,47.439],[-54.215,47.585],[-54.128,47.647],[-54.227,47.441]]],[[[-64.824,62.559],[-64.515,62.552],[-64.418,62.487],[-64.478,62.418],[-64.657,62.384],[-64.901,62.421],[-64.956,62.458],[-64.827,62.505],[-64.849,62.543],[-64.824,62.559]]],[[[-68.324,60.233],[-68.365,60.254],[-68.338,60.361],[-68.088,60.588],[-67.914,60.54],[-67.819,60.45],[-67.844,60.392],[-67.922,60.34],[-68.324,60.233]]],[[[-70.406,62.545],[-70.766,62.597],[-70.838,62.648],[-70.851,62.704],[-70.986,62.788],[-71.137,62.816],[-71.22,62.874],[-70.835,62.84],[-70.443,62.734],[-70.269,62.578],[-70.406,62.545]]],[[[-64.857,61.354],[-65.394,61.563],[-65.432,61.65],[-65.13,61.686],[-64.79,61.662],[-64.67,61.593],[-64.696,61.471],[-64.857,61.354]]],[[[-65.126,61.942],[-64.961,61.872],[-64.847,61.762],[-64.928,61.733],[-65.166,61.798],[-65.235,61.898],[-65.126,61.942]]],[[[-69.221,58.968],[-69.353,58.961],[-69.303,59.145],[-69.195,59.146],[-69.194,59.093],[-69.155,59.064],[-69.221,58.968]]],[[[-64.442,60.298],[-64.809,60.41],[-64.836,60.501],[-64.646,60.515],[-64.407,60.367],[-64.442,60.298]]],[[[-60.983,56.015],[-61.137,56.033],[-61.196,56.064],[-61.158,56.118],[-61.087,56.141],[-60.966,56.099],[-60.983,56.015]]],[[[-61.66,57.525],[-61.638,57.416],[-61.795,57.422],[-61.975,57.495],[-62.011,57.548],[-61.848,57.579],[-61.66,57.525]]],[[[-79.894,56.757],[-79.944,56.777],[-79.946,56.827],[-79.861,56.864],[-79.827,56.843],[-79.835,56.816],[-79.894,56.757]]],[[[-79.732,57.508],[-79.775,57.514],[-79.808,57.442],[-79.838,57.483],[-79.811,57.559],[-79.743,57.608],[-79.713,57.555],[-79.732,57.508]]],[[[-79.497,56.667],[-79.577,56.645],[-79.551,56.733],[-79.584,56.781],[-79.553,56.799],[-79.482,56.714],[-79.497,56.667]]],[[[-79.939,53.274],[-80.039,53.297],[-80.074,53.344],[-79.975,53.352],[-79.939,53.274]]],[[[-79.352,51.968],[-79.521,51.953],[-79.644,52.01],[-79.335,52.098],[-79.271,52.087],[-79.352,51.968]]],[[[-77.792,63.428],[-77.704,63.431],[-77.655,63.396],[-77.538,63.287],[-77.533,63.234],[-77.658,63.165],[-77.942,63.114],[-78.256,63.24],[-78.537,63.424],[-78.507,63.451],[-78.235,63.49],[-77.934,63.479],[-77.792,63.428]]],[[[-80.317,59.621],[-80.299,59.674],[-80.21,59.725],[-80.167,59.709],[-80.317,59.621]]],[[[-80.167,59.764],[-80.041,59.87],[-79.899,59.853],[-80.064,59.771],[-80.167,59.764]]],[[[-74.054,62.61],[-74.254,62.622],[-74.626,62.713],[-74.564,62.733],[-74.109,62.68],[-73.988,62.636],[-74.054,62.61]]],[[[-78.669,60.717],[-78.612,60.772],[-78.242,60.819],[-78.372,60.756],[-78.669,60.717]]],[[[-76.783,63.384],[-77.057,63.45],[-77.365,63.588],[-77.134,63.682],[-76.764,63.574],[-76.652,63.504],[-76.678,63.394],[-76.783,63.384]]],[[[-77.714,63.946],[-77.929,63.962],[-77.966,63.993],[-77.621,64.0],[-77.714,63.946]]],[[[-93.085,61.842],[-93.177,61.893],[-93.197,61.919],[-93.076,61.935],[-92.993,61.89],[-93.085,61.842]]]]}},{"type":"Feature","properties":{"name":"Bosnia and Herz."},"geometry":{"type":"Polygon","coordinates":[[[19.357,44.859],[19.292,44.697],[19.151,44.527],[19.118,44.36],[19.152,44.303],[19.339,44.226],[19.584,44.043],[19.55,43.987],[19.305,43.993],[19.245,43.965],[19.488,43.704],[19.48,43.595],[19.451,43.562],[19.301,43.592],[19.194,43.533],[18.951,43.527],[18.94,43.497],[19.037,43.357],[19.027,43.292],[18.979,43.285],[18.935,43.339],[18.851,43.346],[18.674,43.231],[18.622,43.125],[18.624,43.028],[18.488,43.012],[18.444,42.968],[18.466,42.777],[18.546,42.642],[18.436,42.56],[18.124,42.691],[17.841,42.845],[17.802,42.902],[17.668,42.897],[17.585,42.938],[17.643,42.96],[17.65,43.007],[17.293,43.306],[17.274,43.446],[17.085,43.517],[16.713,43.779],[16.591,43.913],[16.3,44.125],[16.214,44.215],[16.103,44.521],[15.737,44.766],[15.788,45.179],[15.823,45.203],[16.028,45.19],[16.157,45.072],[16.293,45.009],[16.531,45.217],[16.791,45.197],[16.919,45.277],[17.125,45.172],[17.503,45.12],[17.654,45.163],[17.813,45.078],[17.874,45.077],[17.996,45.142],[18.285,45.134],[18.663,45.077],[18.746,45.027],[18.788,44.915],[18.836,44.883],[19.042,44.871],[19.237,44.914],[19.357,44.859]]]}},{"type":"Feature","properties":{"name":"Belgium"},"geometry":{"type":"Polygon","coordinates":[[[4.226,51.386],[4.404,51.367],[4.385,51.428],[4.503,51.475],[4.634,51.422],[4.756,51.491],[4.848,51.403],[4.944,51.408],[5.031,51.469],[5.1,51.346],[5.214,51.279],[5.311,51.26],[5.477,51.285],[5.609,51.198],[5.827,51.126],[5.75,50.95],[5.639,50.844],[5.694,50.775],[5.747,50.76],[5.994,50.75],[6.236,50.597],[6.168,50.545],[6.179,50.523],[6.341,50.452],[6.364,50.316],[6.175,50.233],[6.117,50.121],[6.089,50.155],[5.976,50.167],[5.867,50.083],[5.744,49.92],[5.725,49.808],[5.88,49.645],[5.815,49.554],[5.507,49.511],[5.279,49.678],[5.007,49.778],[4.868,49.788],[4.842,49.915],[4.79,49.96],[4.861,50.136],[4.819,50.153],[4.707,50.097],[4.656,50.002],[4.545,49.96],[4.369,49.945],[4.149,49.972],[4.137,50.0],[4.192,50.094],[4.135,50.144],[4.175,50.246],[4.044,50.321],[3.95,50.336],[3.748,50.344],[3.689,50.306],[3.595,50.477],[3.273,50.532],[3.235,50.663],[3.107,50.779],[2.84,50.712],[2.759,50.751],[2.597,50.876],[2.601,50.955],[2.525,51.097],[3.35,51.378],[3.38,51.291],[3.433,51.246],[3.58,51.286],[3.902,51.208],[4.173,51.307],[4.226,51.386]]]}},{"type":"Feature","properties":{"name":"Bahamas"},"geometry":{"type":"MultiPolygon","coordinates":[[[[-77.656,24.227],[-77.755,24.163],[-77.683,24.118],[-77.615,24.216],[-77.562,24.137],[-77.519,23.869],[-77.574,23.739],[-77.771,23.753],[-77.776,23.862],[-77.852,24.04],[-78.0,24.22],[-77.95,24.253],[-77.884,24.242],[-77.701,24.288],[-77.656,24.227]]],[[[-77.246,25.895],[-77.333,25.996],[-77.403,26.025],[-77.247,26.156],[-77.206,26.489],[-77.239,26.561],[-77.33,26.618],[-77.511,26.846],[-77.944,26.904],[-77.863,26.94],[-77.534,26.903],[-77.266,26.689],[-77.257,26.639],[-77.066,26.53],[-77.038,26.333],[-77.167,26.24],[-77.191,25.955],[-77.246,25.895]]],[[[-77.744,24.707],[-77.745,24.463],[-78.045,24.287],[-78.076,24.365],[-78.136,24.412],[-78.146,24.493],[-78.192,24.466],[-78.258,24.483],[-78.367,24.544],[-78.435,24.628],[-78.339,24.642],[-78.319,24.59],[-78.243,24.654],[-78.299,24.754],[-78.184,24.917],[-78.159,25.022],[-78.211,25.191],[-78.163,25.202],[-77.975,25.085],[-77.973,25.005],[-77.84,24.794],[-77.744,24.707]]],[[[-78.372,26.698],[-77.944,26.744],[-77.922,26.691],[-77.926,26.663],[-78.234,26.637],[-78.744,26.501],[-78.986,26.69],[-78.798,26.582],[-78.713,26.599],[-78.633,26.659],[-78.597,26.798],[-78.493,26.729],[-78.372,26.698]]],[[[-77.46,24.993],[-77.562,25.03],[-77.451,25.081],[-77.329,25.083],[-77.269,25.044],[-77.46,24.993]]],[[[-74.035,22.706],[-74.099,22.665],[-74.275,22.712],[-74.307,22.84],[-74.035,22.706]]],[[[-74.509,23.96],[-74.551,23.969],[-74.527,24.105],[-74.45,24.125],[-74.429,24.068],[-74.509,23.96]]],[[[-74.277,22.184],[-74.261,22.236],[-73.936,22.478],[-73.906,22.527],[-73.976,22.635],[-73.975,22.682],[-73.954,22.716],[-73.85,22.731],[-73.877,22.681],[-73.837,22.538],[-73.975,22.361],[-74.277,22.184]]],[[[-76.484,25.375],[-76.344,25.332],[-76.127,25.141],[-76.17,24.649],[-76.32,24.818],[-76.214,24.822],[-76.204,24.936],[-76.153,25.026],[-76.16,25.119],[-76.369,25.313],[-76.5,25.342],[-76.621,25.432],[-76.781,25.427],[-76.711,25.565],[-76.484,25.375]]],[[[-75.706,23.444],[-75.956,23.592],[-76.037,23.603],[-76.01,23.671],[-75.665,23.45],[-75.706,23.444]]],[[[-74.847,22.869],[-74.973,23.069],[-75.223,23.165],[-75.141,23.205],[-75.131,23.268],[-75.31,23.59],[-75.316,23.668],[-75.217,23.547],[-75.109,23.333],[-75.064,23.15],[-74.937,23.088],[-74.846,23.0],[-74.847,22.869]]],[[[-75.302,24.149],[-75.503,24.139],[-75.412,24.221],[-75.409,24.266],[-75.494,24.33],[-75.661,24.59],[-75.744,24.655],[-75.727,24.689],[-75.654,24.681],[-75.518,24.427],[-75.308,24.2],[-75.302,24.149]]],[[[-73.127,22.455],[-72.831,22.386],[-72.747,22.327],[-72.784,22.291],[-72.889,22.36],[-73.162,22.381],[-73.127,22.455]]]]}},{"type":"Feature","properties":{"name":"Austria"},"geometry":{"type":"Polygon","coordinates":[[[9.528,47.271],[9.626,47.467],[9.524,47.524],[9.651,47.526],[9.749,47.576],[10.034,47.474],[10.074,47.429],[10.066,47.393],[10.2,47.363],[10.183,47.279],[10.241,47.284],[10.369,47.366],[10.439,47.552],[10.873,47.52],[10.981,47.398],[11.042,47.393],[11.298,47.425],[11.393,47.487],[11.717,47.583],[12.186,47.62],[12.209,47.718],[12.483,47.637],[12.686,47.669],[12.771,47.639],[12.809,47.542],[13.014,47.478],[13.054,47.655],[13.034,47.699],[12.898,47.722],[12.954,47.808],[12.954,47.891],[12.76,48.076],[12.814,48.161],[13.375,48.361],[13.487,48.582],[13.675,48.523],[13.724,48.542],[13.785,48.587],[13.815,48.767],[13.989,48.692],[14.049,48.602],[14.368,48.576],[14.489,48.626],[14.691,48.599],[14.707,48.672],[14.786,48.747],[14.822,48.774],[14.923,48.771],[14.993,49.001],[15.162,48.946],[15.311,48.974],[15.701,48.86],[15.825,48.864],[16.057,48.755],[16.367,48.739],[16.478,48.8],[16.544,48.796],[16.884,48.704],[16.953,48.599],[16.863,48.441],[16.865,48.387],[17.086,48.04],[17.147,48.006],[17.089,47.964],[17.03,47.837],[17.067,47.708],[16.786,47.679],[16.591,47.751],[16.421,47.674],[16.64,47.609],[16.677,47.536],[16.623,47.448],[16.443,47.4],[16.463,47.273],[16.417,47.223],[16.438,47.146],[16.493,47.123],[16.461,47.022],[16.253,46.972],[16.037,46.845],[15.977,46.801],[15.958,46.678],[15.767,46.711],[15.633,46.698],[15.439,46.63],[15.217,46.643],[14.893,46.606],[14.757,46.499],[14.55,46.4],[12.479,46.673],[12.388,46.703],[12.154,46.935],[12.131,46.985],[12.201,47.061],[12.169,47.082],[11.776,46.986],[11.244,46.976],[11.134,46.936],[11.025,46.797],[10.927,46.769],[10.76,46.793],[10.689,46.846],[10.453,46.865],[10.415,46.964],[10.349,46.985],[10.133,46.852],[9.878,46.938],[9.845,47.007],[9.58,47.057],[9.611,47.107],[9.528,47.271]]]}},{"type":"Feature","properties":{"name":"Andorra"},"geometry":{"type":"Polygon","coordinates":[[[1.679,42.497],[1.449,42.437],[1.428,42.596],[1.501,42.643],[1.71,42.604],[1.74,42.557],[1.679,42.497]]]}},{"type":"Feature","properties":{"name":"Algeria"},"geometry":{"type":"Polygon","coordinates":[[[8.577,36.937],[8.601,36.834],[8.444,36.761],[8.37,36.633],[8.208,36.519],[8.303,36.456],[8.349,36.368],[8.247,35.802],[8.318,35.655],[8.316,35.403],[8.394,35.204],[8.277,34.979],[8.246,34.734],[8.123,34.564],[7.838,34.41],[7.749,34.254],[7.514,34.081],[7.5,33.832],[7.731,33.269],[8.113,33.055],[8.211,32.927],[8.333,32.544],[9.044,32.072],[9.519,30.229],[9.31,30.115],[9.64,29.636],[9.805,29.177],[9.843,28.967],[9.816,28.56],[9.858,28.043],[9.916,27.786],[9.748,27.331],[9.795,27.045],[9.837,26.916],[9.894,26.848],[9.883,26.631],[9.859,26.552],[9.491,26.334],[9.422,26.147],[9.448,26.067],[10.001,25.332],[10.028,25.051],[10.12,24.79],[10.256,24.591],[10.396,24.486],[10.686,24.551],[11.508,24.314],[11.968,23.518],[9.393,22.0],[-0.228,22.0],[-4.823,24.996],[-8.683,27.286],[-8.678,28.689],[-8.265,28.981],[-7.685,29.35],[-7.486,29.392],[-7.142,29.62],[-6.635,29.569],[-6.521,29.66],[-6.48,29.82],[-6.004,29.831],[-5.449,29.957],[-5.18,30.166],[-4.968,30.465],[-4.323,30.699],[-3.985,30.914],[-3.667,30.964],[-3.627,31.001],[-3.625,31.066],[-3.833,31.198],[-3.789,31.362],[-3.847,31.62],[-3.768,31.69],[-3.44,31.705],[-3.017,31.834],[-2.931,32.043],[-2.863,32.075],[-2.448,32.13],[-1.226,32.107],[-1.262,32.271],[-1.24,32.338],[-1.066,32.468],[-1.111,32.552],[-1.45,32.785],[-1.51,32.878],[-1.551,33.074],[-1.679,33.319],[-1.631,33.567],[-1.714,33.782],[-1.707,34.176],[-1.792,34.368],[-1.733,34.467],[-1.85,34.607],[-1.796,34.752],[-2.132,34.971],[-2.22,35.104],[-1.913,35.094],[-1.674,35.183],[-1.336,35.364],[-1.088,35.579],[-0.426,35.862],[-0.189,35.819],[-0.048,35.833],[0.048,35.901],[0.152,36.063],[0.312,36.162],[0.972,36.444],[1.257,36.52],[2.343,36.61],[2.593,36.601],[2.973,36.784],[3.521,36.795],[3.779,36.896],[4.758,36.896],[5.295,36.648],[5.725,36.8],[6.065,36.864],[6.249,36.938],[6.328,37.046],[6.487,37.086],[6.576,37.003],[6.928,36.919],[7.238,36.969],[7.204,37.092],[7.432,37.059],[7.608,37.0],[7.792,36.88],[7.91,36.856],[8.127,36.91],[8.577,36.937]]]}},{"type":"Feature","properties":{"name":"Albania"},"geometry":{"type":"Polygon","coordinates":[[[19.342,41.869],[19.361,42.069],[19.281,42.173],[19.597,42.565],[19.703,42.648],[19.741,42.607],[19.738,42.525],[19.788,42.476],[20.064,42.547],[20.241,42.339],[20.408,42.275],[20.523,42.171],[20.581,41.917],[20.505,41.706],[20.516,41.575],[20.449,41.521],[20.492,41.391],[20.489,41.273],[20.568,41.128],[20.656,41.062],[20.709,40.928],[20.933,40.903],[20.964,40.85],[20.956,40.775],[21.031,40.622],[20.95,40.494],[20.806,40.445],[20.657,40.117],[20.606,40.083],[20.408,40.049],[20.311,39.979],[20.382,39.803],[20.306,39.797],[20.272,39.701],[20.207,39.654],[20.001,39.709],[19.965,39.872],[19.852,40.044],[19.485,40.21],[19.322,40.407],[19.441,40.376],[19.459,40.405],[19.337,40.664],[19.461,40.933],[19.48,41.236],[19.441,41.425],[19.497,41.563],[19.576,41.64],[19.578,41.788],[19.468,41.856],[19.342,41.869]]]}}]}