No.,Year,Date,Type,Title,Location,Details,date_start,date_end,date_likely,date_precision,date_certain,date_note,categories,type_inferred,cancelled,subject_groups,subjects,lat,lon,geo_precision
1,1854,[Fall],Lectures,"English Literature, Physical Science, Natural Philosophy, Mathematics",Manchester,Manchester Ladies’ College (GMW 216-18).,1854-09-01,1854-11-30,,season,FALSE,,lecture,FALSE,FALSE,Survey lectures|Science & mathematics|Science & mathematics|Science & mathematics,English literature|Physical science|Natural philosophy|Mathematics,53.4424618,-2.2324547,town
2,1854,November 10,Lecture,Elizabethan Literature,Manchester,"3 Camp Terrace, Lower Broughton, MacDonald’s residence; first of twelve lectures for women (Manchester Times, November 4, 1854, 1, 4: BNA).",1854-11-10,1854-11-10,,day,TRUE,,lecture,FALSE,FALSE,Survey lectures,Elizabethan literature,53.4424618,-2.2324547,town
3,1855,January-March,Lectures,Natural Philosophy,Manchester,"Ladies’ College; course of lectures during Lent Term (Manchester Courier and Lancashire General Advertiser, December 23, 1854, 1; Manchester Times, December 23, 1854, 8: both BNA).",1855-01-01,1855-03-31,,month_range,FALSE,,lecture,FALSE,FALSE,Science & mathematics,Natural philosophy,53.4424618,-2.2324547,town
4,1855,February,Lectures,unknown,Manchester,"MacDonald’s residence; “two courses of lectures—one for ladies in morning, the other for anyone in evening” (Expression 83-84).",1855-02-01,1855-02-28,,month,FALSE,,lecture,FALSE,FALSE,Unknown,(unknown),53.4424618,-2.2324547,town
5,1855,March 16,Lecture,Shakespeare,Manchester,"3 Camp Terrace, Lower Broughton, MacDonald’s residence; first in a twelve-lecture course on Shakespeare (Manchester Times, March 10, 1855, 1, 5: BNA).",1855-03-16,1855-03-16,,day,TRUE,,lecture,FALSE,FALSE,Shakespeare,(unspecified),53.4424618,-2.2324547,town
6,1855,March [21],Lecture,Contemporary Poets,Manchester,"3 Camp Terrace, Lower Broughton, MacDonald’s residence; first in a twelve-lecture course for women on “Poets of the Present Century” (Manchester Times, March 10, 1855, 1: BNA).",1855-03-21,1855-03-21,,day,FALSE,,lecture,FALSE,FALSE,Survey lectures,Contemporary poets,53.4424618,-2.2324547,town
7,1855,[Spring],Lecture,William Wordsworth,Manchester,May be part of “Poets of the Present Century” lecture course; attended by Hannah Pipe (Pipe 48-49).,1855-03-01,1855-05-31,,season,FALSE,,lecture,FALSE,FALSE,Wordsworth,(unspecified),53.4424618,-2.2324547,town
8,1855,[August],Lectures,unknown,Manchester,[Ladies’ College]; MacDonald refers to “my lectures” in letter to father; perhaps identical with #9 (Expression 100).,1855-08-01,1855-08-31,,month,FALSE,,lecture,FALSE,FALSE,Unknown,(unknown),53.4424618,-2.2324547,town
9,1855,September 3,Lectures,Natural Philosophy and Mathematics,Manchester,"Ladies’ College; course of lectures during Michelmas Term (Manchester Times, August 18, 1855, 2: BNA).",1855-09-03,1855-09-03,,day,TRUE,,lecture,FALSE,FALSE,Science & mathematics|Science & mathematics,Natural philosophy|Mathematics,53.4424618,-2.2324547,town
10,1858,[1858-1859],Lectures,Shakespeare’s Plays,Clapham,Laleham Lodge School for Girls; a series in replacement of Dr. Nicolai (Pipe 65-66).,1858-01-01,1859-12-31,,year_range,FALSE,,lecture,FALSE,FALSE,Shakespeare,(unspecified),51.4614469,-0.1386270,town
11,1858,[April/May],Lectures,English Literature,"Huntly, SCT",Huntly Cottage drawing room (GMW 291).,1858-04-01,1858-05-31,,month_range,FALSE,,lecture,FALSE,FALSE,Survey lectures,English literature,57.4474806,-2.7864246,town
12,1858,[May],Lectures,unknown,London,Unknown; eight lectures given before May 17 (Expression 126).,1858-05-01,1858-05-31,,month,FALSE,,lecture,FALSE,FALSE,Unknown,(unknown),51.5074456,-0.1277653,town
13,1858,[June],Lectures,unknown,London,Unknown; GM refers to “lectures for another few weeks” (GMW 292).,1858-06-01,1858-06-30,,month,FALSE,,lecture,FALSE,FALSE,Unknown,(unknown),51.5074456,-0.1277653,town
14,1859,January 13,Lecture,Elizabethan Poets [Edmund Spenser],London,"Theatre of London Institution; first in a series of four “delivered on Thursday last” (Banffshire Journal and General Advertiser, January 18, 1859, 5; Morning Chronicle, November 15, 1858, 1: both BNA).",1859-01-13,1859-01-13,,day,TRUE,,lecture,FALSE,FALSE,Spenser,(unspecified),51.5074456,-0.1277653,town
15,1859,January 27,Lecture,Sixteenth-Century Poetry,London,"Theatre of London Institution; second in a series of four (Morning Chronicle, November 15, 1858, 1: BNA).",1859-01-27,1859-01-27,,day,TRUE,,lecture,FALSE,FALSE,Survey lectures,Sixteenth-century poetry,51.5074456,-0.1277653,town
16,1859,February 3,Lecture,Sixteenth-Century Poetry,London,"Theatre of London Institution; third in a series of four (Morning Chronicle, November 15, 1858, 1: BNA).",1859-02-03,1859-02-03,,day,TRUE,,lecture,FALSE,FALSE,Survey lectures,Sixteenth-century poetry,51.5074456,-0.1277653,town
17,1859,February 10,Lecture,Sixteenth-Century Poetry,London,"Theatre of London Institution; fourth in a series of four; “it is worthy of note that four authors of note [including MacDonald] are at present lecturing in the metropolis” (Morning Chronicle, November 15, 1858, 1; Warrington Guardian, February 5, 1859, 5: both BNA).",1859-02-10,1859-02-10,,day,TRUE,,lecture,FALSE,FALSE,Survey lectures,Sixteenth-century poetry,51.5074456,-0.1277653,town
18,1859,March 3,Lecture,Sir Walter Scott,St. Leonards,"Assembly Rooms; in “Great Poets of the Last Generation” series (Hastings Chronicle, March 2, 1859; March [illegible], 1859: both BC).",1859-03-03,1859-03-03,,day,TRUE,,lecture,FALSE,FALSE,Scott,(unspecified),50.8521318,0.5603008,town
19,1859,March 4,Lecture,Scott,Hastings,"No. 2 Marine Cottages; a repeat of the March 3 lecture (Hastings Chronicle, March 2, 1859: BC).",1859-03-04,1859-03-04,,day,TRUE,,lecture,FALSE,FALSE,Scott,(unspecified),50.8550976,0.5821779,town
20,1859,March 7,Lecture,Lord Byron,St. Leonards,"Assembly Rooms; in “Great Poets of the Last Generation” series (Hastings Chronicle, March 2, 1859; March [illegible], 1859: both BC).",1859-03-07,1859-03-07,,day,TRUE,,lecture,FALSE,FALSE,Byron,(unspecified),50.8521318,0.5603008,town
21,1859,March 8,Lecture,Byron,Hastings,"No. 2 Marine Cottages; a repeat of March 7 lecture (Hastings Chronicle, March 2, 1859: BC).",1859-03-08,1859-03-08,,day,TRUE,,lecture,FALSE,FALSE,Byron,(unspecified),50.8550976,0.5821779,town
22,1859,March 9,Lecture,Sixteenth-Century Drama,Brighton,"Brighton Athenaeum; “The English Drama of the Sixteenth Century,” primarily Christopher Marlowe (Brighton Herald, March 12, 1859; The Era, March 13, 1859, 12: BNA).",1859-03-09,1859-03-09,,day,TRUE,,lecture,FALSE,FALSE,Survey lectures,Sixteenth-century drama,50.8214626,-0.1400561,town
23,1859,March 10,Lecture,Percy Bysshe Shelley,St. Leonards,"Assembly Rooms; in “Great Poets of the Last Generation” series (Hastings Chronicle, March 2, 1859; March 16, 1859: both BC).",1859-03-10,1859-03-10,,day,TRUE,,lecture,FALSE,FALSE,Shelley,(unspecified),50.8521318,0.5603008,town
24,1859,March 11,Lecture,Shelley,Hastings,"No. 2 Marine Cottages; a repeat of the March 10 lecture (Hastings Chronicle, March 2, 1859: BC).",1859-03-11,1859-03-11,,day,TRUE,,lecture,FALSE,FALSE,Shelley,(unspecified),50.8550976,0.5821779,town
25,1859,March 14,Lecture,John Keats,St. Leonards,"Assembly Rooms; in “Great Poets of the Last Generation” series (Hastings Chronicle, March 2, 1859; March 16, 1859: both BC).",1859-03-14,1859-03-14,,day,TRUE,,lecture,FALSE,FALSE,Keats,(unspecified),50.8521318,0.5603008,town
26,1859,March 15,Lecture,Keats,Hastings,"No. 2 Marine Cottages; a repeat of the March 14 lecture (Hastings Chronicle, March 2, 1859: BC).",1859-03-15,1859-03-15,,day,TRUE,,lecture,FALSE,FALSE,Keats,(unspecified),50.8550976,0.5821779,town
27,1859,March 17,Lecture,Wordsworth,St. Leonards,"Assembly Rooms; in “Great Poets of the Last Generation” series (Hastings Chronicle, March 2, 1859: BC).",1859-03-17,1859-03-17,,day,TRUE,,lecture,FALSE,FALSE,Wordsworth,(unspecified),50.8521318,0.5603008,town
28,1859,March 18,Lecture,Wordsworth,Hastings,"No. 2 Marine Cottages; a repeat of the March 17 lecture (Hastings Chronicle, March 2, 1859: BC).",1859-03-18,1859-03-18,,day,TRUE,,lecture,FALSE,FALSE,Wordsworth,(unspecified),50.8550976,0.5821779,town
29,1859,March 21,Lecture,Samuel Taylor Coleridge,St. Leonards,"Assembly Rooms; in “Great Poets of the Last Generation” series (Hastings Chronicle, March 2, 1859: BC).",1859-03-21,1859-03-21,,day,TRUE,,lecture,FALSE,FALSE,Coleridge,(unspecified),50.8521318,0.5603008,town
30,1859,March 22,Lecture,Coleridge,Hastings,"No. 2 Marine Cottages; a repeat of the March 21 lecture (Hastings Chronicle, March 2, 1859: BC).",1859-03-22,1859-03-22,,day,TRUE,,lecture,FALSE,FALSE,Coleridge,(unspecified),50.8550976,0.5821779,town
31,1859,[April 11],Lecture,Scott and Byron,"Islington, London","Myddleton Hall, Islington; first in “Great Poets of the Last Generation” series; MacDonald guest of Lady Byron; the dates are unclear since one article refers to three lectures in one week, but other references locate the second lecture on April 18 and the final one on April 25 (Islington Gazette, April 16, 1859; Banffshire Journal and General Advertiser, April 19, 1859, 5: both BNA; Islington Gazette, April 23, 1859: BC; GMW, 303).",1859-04-11,1859-04-11,,day,FALSE,,lecture,FALSE,FALSE,Scott|Byron,(unspecified)|(unspecified),51.5384287,-0.0999051,town
32,1859,[April 18],Lecture,Shelley and Keats,"Islington, London","Myddleton Hall, Islington; second in “Great Poets of the Last Generation” series: MacDonald guest of Lady Byron (Banffshire Journal and General Advertiser, April 19, 1859, 5: BNA).",1859-04-18,1859-04-18,,day,FALSE,,lecture,FALSE,FALSE,Shelley|Keats,(unspecified)|(unspecified),51.5384287,-0.0999051,town
33,1859,[April 25],Lecture,Wordsworth and Coleridge,"Islington, London","Myddleton Hall, Islington; third in “Great Poets of the Last Generation” series; MacDonald guest of Lady Byron (Banffshire Journal and General Advertiser, April 19, 1859, 5: BNA).",1859-04-25,1859-04-25,,day,FALSE,,lecture,FALSE,FALSE,Wordsworth|Coleridge,(unspecified)|(unspecified),51.5384287,-0.0999051,town
34,1859,May 30,Lecture,Scott,London,"Marylebone Institution, Edwards Street, Portman Square; attended by Henry Crabb Robinson; first in “Great Poets of the Last Generation” series (Morning Advertiser, May 31, 1859, 3: BNA; Crabb Robinson, 783).",1859-05-30,1859-05-30,,day,TRUE,,lecture,FALSE,FALSE,Scott,(unspecified),51.5074456,-0.1277653,town
35,1859,June 3,Lecture,Byron,London,"Marylebone Institution, Edwards Street, Portman Square; attended by Henry Crabb Robinson; second in “Great Poets of the Last Generation” series (Morning Post, May 21, 1859, 1: BNA; Crabb Robinson, 784).",1859-06-03,1859-06-03,,day,TRUE,,lecture,FALSE,FALSE,Byron,(unspecified),51.5074456,-0.1277653,town
36,1859,June 6,Lecture,Shelley,London,"Marylebone Institution, Edwards Street, Portman Square; attended by Henry Crabb Robinson; third in “Great Poets of the Last Generation” series (Morning Post, May 21, 1859, 1: BNA; Crabb Robinson, 784).",1859-06-06,1859-06-06,,day,TRUE,,lecture,FALSE,FALSE,Shelley,(unspecified),51.5074456,-0.1277653,town
37,1859,June 10,Lecture,Keats,London,"Marylebone Institution, Edwards Street, Portman Square; attended by Henry Crabb Robinson; fourth in “Great Poets of the Last Generation” series (Morning Post, May 21, 1859, 1: BNA; Crabb Robinson, 784).",1859-06-10,1859-06-10,,day,TRUE,,lecture,FALSE,FALSE,Keats,(unspecified),51.5074456,-0.1277653,town
38,1859,June 13,Lecture,Coleridge,London,"Marylebone Institution, Edwards Street, Portman Square; fifth in “Great Poets of the Last Generation” series (Morning Post, May 21, 1859, 1: BNA).",1859-06-13,1859-06-13,,day,TRUE,,lecture,FALSE,FALSE,Coleridge,(unspecified),51.5074456,-0.1277653,town
39,1859,June 17,Lecture,Wordsworth,London,"Marylebone Institution, Edwards Street, Portman Square; sixth in “Great Poets of the Last Generation” series (Morning Post, May 21, 1859, 1: BNA).",1859-06-17,1859-06-17,,day,TRUE,,lecture,FALSE,FALSE,Wordsworth,(unspecified),51.5074456,-0.1277653,town
40,1859,September 9,Lecture,Scott,Liverpool,"Medical Institution Hall, Mount Pleasant; first in “Great Poets of the Last Generation” series; includes readings from Tennyson and Browning (Liverpool Mercury, September 9, 1859, 1; September 10, 1859, 3: both BNA).",1859-09-09,1859-09-09,,day,TRUE,,lecture,FALSE,FALSE,Scott,(unspecified),53.3933411,-2.9166389,town
41,1859,September 13,Lecture,Scott,Liverpool,"Medical Institution Hall, Mount Pleasant; a repeat of September 9, 1859 lecture (Liverpool Mercury, September 9, 1859, 1: BNA).",1859-09-13,1859-09-13,,day,TRUE,,lecture,FALSE,FALSE,Scott,(unspecified),53.3933411,-2.9166389,town
42,1859,September 14,Lecture,Byron,Liverpool,"Medical Institution Hall, Mount Pleasant; second in “Great Poets of the Last Generation” series (Liverpool Mercury, September 9, 1859, 1; September 10, 1859, 3: both BNA).",1859-09-14,1859-09-14,,day,TRUE,,lecture,FALSE,FALSE,Byron,(unspecified),53.3933411,-2.9166389,town
43,1859,September 15,Lecture,Byron,Liverpool,"Medical Institution Hall, Mount Pleasant; a repeat of September 14, 1859 lecture (Liverpool Mercury, September 9, 1859, 1: BNA).",1859-09-15,1859-09-15,,day,TRUE,,lecture,FALSE,FALSE,Byron,(unspecified),53.3933411,-2.9166389,town
44,1859,September 16,Lecture,Shelley,Liverpool,"Medical Institution Hall, Mount Pleasant; third in “Great Poets of the Last Generation” series (Liverpool Mercury, September 9, 1859, 1: BNA).",1859-09-16,1859-09-16,,day,TRUE,,lecture,FALSE,FALSE,Shelley,(unspecified),53.3933411,-2.9166389,town
45,1859,September 20,Lecture,Shelley,Liverpool,"Medical Institution Hall, Mount Pleasant; a repeat of September 16, 1859 lecture (Liverpool Mercury, September 9, 1859, 1: BNA).",1859-09-20,1859-09-20,,day,TRUE,,lecture,FALSE,FALSE,Shelley,(unspecified),53.3933411,-2.9166389,town
46,1859,September 21,Lecture,Keats,Liverpool,"Medical Institution Hall, Mount Pleasant; fourth in “Great Poets of the Last Generation” series; discusses influences of Spenser and John Milton (Liverpool Mercury, September 9, 1859, 1; September 22, 1859, 3: both BNA).",1859-09-21,1859-09-21,,day,TRUE,,lecture,FALSE,FALSE,Keats,(unspecified),53.3933411,-2.9166389,town
47,1859,September 22,Lecture,Keats,Liverpool,"Medical Institution Hall, Mount Pleasant; a repeat of September 21, 1859 lecture (Liverpool Mercury, September 9, 1859, 1: BNA).",1859-09-22,1859-09-22,,day,TRUE,,lecture,FALSE,FALSE,Keats,(unspecified),53.3933411,-2.9166389,town
48,1859,September 23,Lecture,Coleridge,Liverpool,"Medical Institution Hall, Mount Pleasant; fifth in “Great Poets of the Last Generation” series (Liverpool Mercury, September 9, 1859, 1: BNA).",1859-09-23,1859-09-23,,day,TRUE,,lecture,FALSE,FALSE,Coleridge,(unspecified),53.3933411,-2.9166389,town
49,1859,September 27,Lecture,Coleridge,Liverpool,"Medical Institution Hall, Mount Pleasant; a repeat of September 23, 1859 lecture (Liverpool Mercury, September 9, 1859, 1: BNA).",1859-09-27,1859-09-27,,day,TRUE,,lecture,FALSE,FALSE,Coleridge,(unspecified),53.3933411,-2.9166389,town
50,1859,September 28,Lecture,Wordsworth,Liverpool,"Medical Institution Hall, Mount Pleasant; sixth in “Great Poets of the Last Generation” series; includes comparison between Coleridge and Wordsworth (Liverpool Mercury, September 9, 1859, 1: BNA).",1859-09-28,1859-09-28,,day,TRUE,,lecture,FALSE,FALSE,Wordsworth,(unspecified),53.3933411,-2.9166389,town
51,1859,September 29,Lecture,Wordsworth,Liverpool,"Medical Institution Hall, Mount Pleasant; a repeat of September 28, 1859 lecture (Liverpool Mercury, September 9, 1859, 1: BNA).",1859-09-29,1859-09-29,,day,TRUE,,lecture,FALSE,FALSE,Wordsworth,(unspecified),53.3933411,-2.9166389,town
52,1859,[Autumn],Lectures,Lake Poets,Clapham,Laleham Lodge School for Girls; series of lectures on Wordsworth’s sonnets and poems of Coleridge; Hannah Pipe took “copious notes” (Pipe 75).,1859-09-01,1859-11-30,,season,FALSE,,lecture,FALSE,FALSE,Survey lectures,The Lake poets,51.4614469,-0.1386270,town
53,1860,January 3,Lecture,Works of Spenser,"Edinburgh, SCT","The Philosophical Institution; first in a series of four lectures on “The Poetical Literature of the Elizabethan Age” (Caledonian Mercury, January 4, 1860, 3: BNA; GMW, 325).",1860-01-03,1860-01-03,,day,TRUE,,lecture,FALSE,FALSE,Spenser,(unspecified),55.9533456,-3.1883749,town
54,1860,January 6,Lecture,Sixteenth-Century Poetry,"Edinburgh, SCT","The Philosophical Institution; second in a series of four lectures on “The Poetical Literature of the Elizabethan Age”; focused on metaphysical and religious poetry (Caledonian Mercury, January 7, 1860, 2: BNA; GMW, 325).",1860-01-06,1860-01-06,,day,TRUE,,lecture,FALSE,FALSE,Survey lectures,Sixteenth-century poetry,55.9533456,-3.1883749,town
55,1860,January 10,Lecture,Elizabethan Literature,"Edinburgh, SCT","The Philosophical Institution; third in a series of four lectures on “The Poetical Literature of the Elizabethan Age”; focused on ballads, lyrics, and sonnets (Caledonian Mercury, January 11, 1860, 2: BNA; GMW, 325).",1860-01-10,1860-01-10,,day,TRUE,,lecture,FALSE,FALSE,Survey lectures,Elizabethan literature,55.9533456,-3.1883749,town
56,1860,January 13,Lecture,Drama before Shakespeare,"Edinburgh, SCT","The Philosophical Institution; fourth in a series of four lectures on “The Poetical Literature of the Elizabethan Age”; pre-Shakespearean drama, including Marlowe’s use of blank verse (Caledonian Mercury, January 14, 1860, 2: BNA; GMW, 325).",1860-01-13,1860-01-13,,day,TRUE,,lecture,FALSE,FALSE,Survey lectures,Sixteenth-century drama,55.9533456,-3.1883749,town
57,1860,January [16],Lecture,Wordsworth,"Paisley, SCT","Evangelical Union Chapel; hosted by Artizans’ Institution; seventh lecture in a course of lectures at the Institute; “Mr. MacDonald, whose lecture was extempore, read several extracts from Wordsworth’s poems” (Paisley Herald and Renfrewshire Advertiser, January 21, 1860, 4: BNA).",1860-01-16,1860-01-16,,day,FALSE,,lecture,FALSE,FALSE,Wordsworth,(unspecified),55.8455828,-4.4239646,town
58,1860,June 8,Lecture,Tennyson,"Bloomsbury, London","18 Queen Street, MacDonald’s residence; attended by Henry Crabb Robinson (Westmorland Gazette, July 7, 1860, 2: BNA; Crabb Robinson, 798).",1860-06-08,1860-06-08,,day,TRUE,,lecture,FALSE,FALSE,Tennyson,(unspecified),51.5210963,-0.1289635,town
59,1860,[June]-July,Lectures,Contemporary Authors,"Bloomsbury, London","18 Queen Street, MacDonald’s residence; “MacDonald is now engaged delivering a course of four lectures, at his own private house in London . . . on the living poets—Tennyson, Browning, Mathew Arnold, Charles Kingsley, and others” (Westmorland Gazette, July 7, 1860, 2: BNA).",1860-06-01,1860-07-31,,month_range,FALSE,,lecture,FALSE,FALSE,Survey lectures,Contemporary poets,51.5210963,-0.1289635,town
60,1861,March-June,Lectures,English Literature and Language,"Camden, London","Tudor Lodge, Albert Street, MacDonald’s residence; series of lectures for women on Fridays until June (Morning Post, February 19, 1861, 1: BNA).",1861-03-01,1861-06-30,,month_range,FALSE,,lecture,FALSE,FALSE,Survey lectures,English literature,51.5427966,-0.1624803,town
61,1862,Unknown,Lectures,Elizabeth Barrett Browning,"[Camden], London","“In London, during his residence in Mornington Crescent, he knew the Brownings well, and in 1862 gave lectures on Mrs. Browning’s poetry, and afterwards [unclear when] on her husband’s” (Johnson 50).",1862-01-01,1862-12-31,,unknown,FALSE,,lecture,FALSE,FALSE,E. B. Browning,(unspecified),51.5427966,-0.1624803,inferred
62,1863,[February],Lectures,Shakespeare,unknown,"“In February of 1863, Rose [La Touche] was attending his lectures on Shakespeare” (KJJ, 256).",1863-02-01,1863-02-28,,month,FALSE,,lecture,FALSE,FALSE,Shakespeare,(unspecified),,,unmappable
63,1863,December 30,Lecture,Macbeth,Wellingborough,"Corn Exchange; “the play of Macbeth, its scope, its meaning, its construction, its character” (Northampton Mercury, December 26, 1863, 6; January 2, 1864, 8: both BNA).",1863-12-30,1863-12-30,,day,TRUE,,lecture,FALSE,FALSE,Shakespeare,Macbeth,52.3018900,-0.6937309,town
64,1864,[1864],Lectures,Geoffrey Chaucer,"Clapham, London",Laleham Lodge School for Girls; MacDonald’s “readings from Chaucer were excellent” (Pipe 118).,1864-01-01,1864-12-31,,year,FALSE,,lecture,FALSE,FALSE,Chaucer,(unspecified),51.4614469,-0.1386270,town
65,1864,January 11,Lecture,Robert Burns and Thomas Hood,Liverpool,"Royal Institution, Colquitt Street; first in a series (Liverpool Daily Post, December 30, 1863, 4; January 12, 1864, 9: both BNA).",1864-01-11,1864-01-11,,day,TRUE,,lecture,FALSE,FALSE,Burns|Hood,(unspecified)|(unspecified),53.3933411,-2.9166389,town
66,1864,January 13,Lecture,Tennyson,Liverpool,"Royal Institution; second in a series (Liverpool Daily Post, December 30, 1863, 4; January 13, 1864, 5; January 14, 1864, 5: all BNA).",1864-01-13,1864-01-13,,day,TRUE,,lecture,FALSE,FALSE,Tennyson,(unspecified),53.3933411,-2.9166389,town
67,1864,January 15,Lecture,Hamlet,Liverpool,"Royal Institution, Colquitt Street; third in a series (Liverpool Daily Post, December 30, 1863, 4; Liverpool Mercury, January 15, 1864, 1: both BNA).",1864-01-15,1864-01-15,,day,TRUE,,lecture,FALSE,FALSE,Shakespeare,Hamlet,53.3933411,-2.9166389,town
68,1864,[June],Lectures,Shakespeare,London,"Harley Street; a series of lectures, “delivered weekly,” attended by Henry Crabb Robinson and John Ruskin (Walford 33-36).",1864-06-01,1864-06-30,,month,FALSE,,lecture,FALSE,FALSE,Shakespeare,(unspecified),51.5074456,-0.1277653,town
69,1865,1865-1866,Lectures,English Literature,London,King’s College (London); MacDonald gave evening lectures on literature (GMW 366).,1865-01-01,1866-12-31,,year_range,FALSE,,lecture,FALSE,FALSE,Survey lectures,English literature,51.5074456,-0.1277653,town
70,1865,October 11,Lecture,Imagination,London,"Ladies’ College, Bedford; “On the Culture of the Imagination” (London Evening Standard, October 12, 1865, 2: BNA).",1865-10-11,1865-10-11,,day,TRUE,,lecture,FALSE,FALSE,Survey lectures,Imagination,51.5074456,-0.1277653,town
71,1865,October 18,Lecture,Julius Caesar,Wellingborough,"Wellingborough Lecture Society; “The Play of Julius Caesar, its Characters and Scope”; first lecture of season; “the lecture was illustrated with readings from the play” (Northampton Mercury, October 28, 1865, 8: BNA).",1865-10-18,1865-10-18,,day,TRUE,,lecture,FALSE,FALSE,Shakespeare,Julius Caesar,52.3018900,-0.6937309,town
72,1865,November 18,Lecture,unknown,Bristol,"Clifton College; first lecture in a series; “three public lectures at the Clifton College” (Bristol Times and Mirror, November 11, 1865, 2: BNA).",1865-11-18,1865-11-18,,day,TRUE,,lecture,FALSE,FALSE,Unknown,(unknown),51.4430141,-2.5816622,town
73,1865,November 25,Lecture,unknown,Bristol,"Clifton College; second lecture in a series (Bristol Times and Mirror, November 11, 1865, 2: BNA).",1865-11-25,1865-11-25,,day,TRUE,,lecture,FALSE,FALSE,Unknown,(unknown),51.4430141,-2.5816622,town
74,1865,November 27,Lecture,Macbeth,Birmingham,"Midland Institute; “Macbeth: Its Characters, Construction, and Scope” (Birmingham Daily Gazette, November 29, 1865, 5; Birmingham Daily Post, November 30, 1865, 8: both BNA).",1865-11-27,1865-11-27,,day,TRUE,,lecture,FALSE,FALSE,Shakespeare,Macbeth,52.4948994,-1.8518439,town
75,1865,December 2,Lecture,unknown,Bristol,"Clifton College; third lecture in a series (Bristol Times and Mirror, November 11, 1865, 2: BNA).",1865-12-02,1865-12-02,,day,TRUE,,lecture,FALSE,FALSE,Unknown,(unknown),51.4430141,-2.5816622,town
76,1865,December 29,Reading,unknown,Maidstone,"Literary and Mechanics’ Institution; listed as “reading” (Maidstone Telegraph, September 23, 1865, 2: BNA).",1865-12-29,1865-12-29,,day,TRUE,,reading,FALSE,FALSE,Unknown,(unknown),51.2748258,0.5231646,town
77,1866,January 15,Lecture,Hamlet,Birmingham,"Midland Institute (Birmingham Journal, January 20, 1866, 8: BNA).",1866-01-15,1866-01-15,,day,TRUE,,lecture,FALSE,FALSE,Shakespeare,Hamlet,52.4948994,-1.8518439,town
78,1866,January 22,Lecture,Julius Caesar,Birmingham,"Midland Institute (Birmingham Daily Gazette, January 23, 1866, 3; Birmingham Daily Post, January 23, 1866, 4: both BNA).",1866-01-22,1866-01-22,,day,TRUE,,lecture,FALSE,FALSE,Shakespeare,Julius Caesar,52.4948994,-1.8518439,town
79,1866,February 15,Lecture,Tennyson,Guildford,"Borough Halls; “Gifts, Graces, and General Humanities of the Poet, as Illustrated in the Writings of Tennyson” (Surrey Advertiser, February 17, 1866, 2: BNA).",1866-02-15,1866-02-15,,day,TRUE,,lecture,FALSE,FALSE,Tennyson,(unspecified),51.2356068,-0.5732063,town
80,1866,August 22,Lecture,Macbeth,"Huntly, SCT","New Hall; MacDonald introduced by Reverend Troup (Dundee Advertiser, August 24, 1866, 5; Elgin Courier, August 24, 1866, 5; Aberdeen Press and Journal, January 2, 1867, 6: all BNA).",1866-08-22,1866-08-22,,day,TRUE,,lecture,FALSE,FALSE,Shakespeare,Macbeth,57.4474806,-2.7864246,town
81,1866,October 9,Lecture,Wordsworth,"Islington, London","Lecture Room, Walters’ Road, Holloway (Islington Gazette, October 23, 1866, 1: BNA).",1866-10-09,1866-10-09,,day,TRUE,,lecture,FALSE,FALSE,Wordsworth,(unspecified),51.5384287,-0.0999051,town
82,1866,December 5,Lecture,Tennyson,Maidstone,"Mechanics’ Institute; hosted by Maidstone Literary and Mechanics’ Institution; describes “In Memoriam” as “a grand sonata” (Maidstone Journal and Kentish Advertiser, December 10, 1866, 5; Maidstone Telegraph, December 15, 1866, 2: both BNA).",1866-12-05,1866-12-05,,day,TRUE,,lecture,FALSE,FALSE,Tennyson,(unspecified),51.2748258,0.5231646,town
83,1867,February 11,Lecture,Sir Philip Sidney,Birmingham,"Midland Institute (Birmingham Daily Post, February 12, 1867: BC; Birmingham Daily Gazette, February 14, 1867, 6; The Atlas, February 16, 1867, 5: all BNA).",1867-02-11,1867-02-11,,day,TRUE,,lecture,FALSE,FALSE,Sidney,(unspecified),52.4948994,-1.8518439,town
84,1867,February 18,Lecture,Shelley,Birmingham,"[Midland Institute]; sequel to February 11 lecture on Sidney (Birmingham Daily Gazette, February 21, 1867, 6; Birmingham Journal, February 23, 1867, 3; The Atlas, February 23, 1867, 5: all BNA).",1867-02-18,1867-02-18,,day,TRUE,,lecture,FALSE,FALSE,Shelley,(unspecified),52.4948994,-1.8518439,town
85,1867,February 19,Lecture,Tennyson,Nottingham,"Mechanics’ Hall (Nottingham Journal, February 4, 1867, 2; February 20, 1867, 2: both BNA).",1867-02-19,1867-02-19,,day,TRUE,,lecture,FALSE,FALSE,Tennyson,(unspecified),52.9534193,-1.1496461,town
86,1867,March 23,Lecture,Hamlet and Brutus,Bristol,"Clifton College; “Hamlet and Brutus” (Bristol Times and Mirror, March 12, 1867, 2; Western Daily Press, March 13, 1867, 2; March 16, 1867, 2; March 25, 1867, 2: all BNA).",1867-03-23,1867-03-23,,day,TRUE,,lecture,FALSE,FALSE,Shakespeare|Shakespeare,Hamlet|Julius Caesar,51.4430141,-2.5816622,town
87,1867,March 30,Lecture,Wordsworth,Bristol,"Clifton College; “The Power of Nature Upon Human Nature, as Shown in Wordsworth” (Bristol Times and Mirror, March 12, 1867, 2; Western Daily Press, March 13, 1867, 2; March 16, 1867, 2; March 25, 1867, 2: all BNA).",1867-03-30,1867-03-30,,day,TRUE,,lecture,FALSE,FALSE,Wordsworth,(unspecified),51.4430141,-2.5816622,town
88,1867,November 16,Lecture,Tennyson,London,"Camberwell Hall, in connection with Denmark-place Chapel Bible Class Association; first in monthly course of lectures; only Milton, Keats, and Tennyson have produced “first-rate” blank verse (South London Chronicle, November 16, 1867, 2: BNA).",1867-11-16,1867-11-16,,day,TRUE,,lecture,FALSE,FALSE,Tennyson,(unspecified),51.5074456,-0.1277653,town
89,1867,December 4,Lecture,Hood,Maidstone,"Corn Exchange; in connection with the Maidstone Literary and Mechanics’ Institution (Maidstone Journal and Kentish Advertiser, December 9, 1867, 5: BNA).",1867-12-04,1867-12-04,,day,TRUE,,lecture,FALSE,FALSE,Hood,(unspecified),51.2748258,0.5231646,town
90,1867,December 7,Lecture,Tennyson,"Surbiton, London","Surbiton Lecture Hall; second in a series given by various speakers (Surrey Comet, November 30, 1867, 1; December 7, 1867, 4: both BNA).",1867-12-07,1867-12-07,,day,TRUE,,lecture,FALSE,FALSE,Tennyson,(unspecified),51.3937557,-0.3033105,town
91,1867,December 27,Lecture,Tennyson,"Galashiels, SCT","Hosted by Mechanics’ Institute (Southern Reporter, January 2, 1868, 2: BNA).",1867-12-27,1867-12-27,,day,TRUE,,lecture,FALSE,FALSE,Tennyson,(unspecified),55.6156505,-2.8061618,town
92,1867,December 30,Lecture,Hamlet,"Aberdeen, SCT","Mechanics’ Hall; local streets crowded an hour before event due to lecture (Aberdeen Press and Journal, January 1, 1868, 4; The Era, January 5, 1866, 12: both BNA).",1867-12-30,1867-12-30,,day,TRUE,,lecture,FALSE,FALSE,Shakespeare,Hamlet,57.1482429,-2.0928095,town
93,1868,January 2,Lecture,Tennyson,"Aberdeen, SCT","Prince Street Hall; second in course (Buchan Observer and East Aberdeenshire Advertiser, December 27, 1867, 3; January 3, 1868, 3: both BNA).",1868-01-02,1868-01-02,,day,TRUE,,lecture,FALSE,FALSE,Tennyson,(unspecified),57.1482429,-2.0928095,town
94,1868,January 6,Lecture,Wordsworth,"Keith, SCT","Hosted by Committee of Keith Mutual Improvement Society (Banffshire Journal and General Advertiser, December 31, 1867, 4: BNA).",1868-01-06,1868-01-06,,day,TRUE,,lecture,FALSE,FALSE,Wordsworth,(unspecified),57.5427292,-2.9523291,town
95,1868,January 7,Lecture,Scott,"Glasgow, SCT","City Hall, sponsored by Glasgow Athenaeum (Glasgow Evening Citizen, January 8, 1868, 3: BNA).",1868-01-07,1868-01-07,,day,TRUE,,lecture,FALSE,FALSE,Scott,(unspecified),55.8611550,-4.2501687,town
96,1868,January 8,Lecture,Tennyson,"Aberdeen, SCT","Mechanics’ Institution (Aberdeen Press and Journal, January 1, 1868, 5; Dundee Courier, January 10, 1868, 3; Inverness Courier, January 16, 1868, 6: all BNA).",1868-01-08,1868-01-08,,day,TRUE,,lecture,FALSE,FALSE,Tennyson,(unspecified),57.1482429,-2.0928095,town
97,1868,January 9,Lecture,Hood,"Glasgow, SCT","Athenaeum Hall (Glasgow Evening Citizen, January 8, 1868, 3: BNA).",1868-01-09,1868-01-09,,day,TRUE,,lecture,FALSE,FALSE,Hood,(unspecified),55.8611550,-4.2501687,town
98,1868,January 10,Lecture,Tennyson,"Glasgow, SCT","Athenaeum Hall; sponsored by Glasgow Athenaeum; fifth in a series by multiple speakers (Glasgow Evening Post, November 19, 1867, 1; Glasgow Evening Citizen, January 11, 1868, 3; Glasgow Herald, January 11, 1868, 4: all BNA).",1868-01-10,1868-01-10,,day,TRUE,,lecture,FALSE,FALSE,Tennyson,(unspecified),55.8611550,-4.2501687,town
99,1868,January 13,Lecture,Tennyson,"Dundee, SCT","Castle Street Chapel; first lecture in Dundee (Dundee Courier, January 13, 1868, 3; January 14, 1868, 3; Advertiser for the Counties of Fife, Perth and Forfar, January 14, 1868, 5: all BNA).",1868-01-13,1868-01-13,,day,TRUE,,lecture,FALSE,FALSE,Tennyson,(unspecified),56.4605938,-2.9701900,town
100,1868,January 14,Lecture,Wordsworth,"Glasgow, SCT","Athenaeum Hall; approximately two hours; given because tickets for earlier Tennyson lecture sold out (Glasgow Evening Citizen, January 8, 1868, 1; January 15, 1868, 3: both BNA).",1868-01-14,1868-01-14,,day,TRUE,,lecture,FALSE,FALSE,Wordsworth,(unspecified),55.8611550,-4.2501687,town
101,1868,January 30,Lecture,Julius Caesar,Bradford,"Theatre of the Mechanics’ Institute; hosted by Bradford Philosophical Society; “Shakespeare’s Julius Caesar” (Bradford Observer, January 23, 1868, 1; January 30, 1868, 1: both BNA).",1868-01-30,1868-01-30,,day,TRUE,,lecture,FALSE,FALSE,Shakespeare,Julius Caesar,53.7944229,-1.7519186,town
102,1868,February 17,Lecture,Hamlet,Nottingham,"Mechanics’ Institute; “On Shakespeare’s Play of Hamlet” (Nottinghamshire Guardian, February 21, 1868, 5; Nottingham Journal, February 13, 1869, 3: both BNA).",1868-02-17,1868-02-17,,day,TRUE,,lecture,FALSE,FALSE,Shakespeare,Hamlet,52.9534193,-1.1496461,town
103,1868,February 20,Lecture,Tennyson,"Croydon, London","Croydon Literary and Scientific Institution; “Tennyson: An Introduction to His Music, and His Meaning” (Croydon Chronicle and East Surrey Advertiser, February 8, 1868, 4: BNA).",1868-02-20,1868-02-20,,day,TRUE,,lecture,FALSE,FALSE,Tennyson,(unspecified),51.3713049,-0.1019570,town
104,1868,March 23,Lecture,Tennyson,Birmingham,"Midland Institute (Birmingham Daily Gazette, January 11, 1868, 4; March 26, 1868, 6; Birmingham Journal, March 28, 1868, 7: all BNA).",1868-03-23,1868-03-23,,day,TRUE,,lecture,FALSE,FALSE,Tennyson,(unspecified),52.4948994,-1.8518439,town
105,1868,March 30,Lecture,Hood,Birmingham,"Midland Institute (Birmingham Daily Gazette, January 11, 1868, 4: BNA).",1868-03-30,1868-03-30,,day,TRUE,,lecture,FALSE,FALSE,Hood,(unspecified),52.4948994,-1.8518439,town
106,1868,April 3,Lecture,Hamlet,London,"Camberwell Hall (South London Chronicle, April 4, 1868, 3: BNA).",1868-04-03,1868-04-03,,day,TRUE,,lecture,FALSE,FALSE,Shakespeare,Hamlet,51.5074456,-0.1277653,town
107,1868,April 6,Lecture,Wordsworth,Droylsden,"Educational Institute; a successful fundraiser for the Young Men’s Mutual Improvement Society in connection with the Droylsden Independent Sunday school (Ashton Weekly Reporter, and Stalybridge and Dukinfield Chronicle, April 11, 1868, 3: BNA).",1868-04-06,1868-04-06,,day,TRUE,,lecture,FALSE,FALSE,Wordsworth,(unspecified),53.4786034,-2.1491964,town
108,1868,April 13,Lecture,Macbeth,Newton,"Independent Chapel, Crow Lane (Wigan Observer and District Advertiser, April 18, 1868, 8: BNA).",1868-04-13,1868-04-13,,day,TRUE,,lecture,FALSE,FALSE,Shakespeare,Macbeth,54.2970219,-1.6771463,town
109,1868,April 14,Lecture,Julius Caesar,Liverpool,"Royal Institution, Colquitt Street; second lecture given in Liverpool (Liverpool Mercury, April 15, 1868, 6: BNA).",1868-04-14,1868-04-14,,day,TRUE,,lecture,FALSE,FALSE,Shakespeare,Julius Caesar,53.3933411,-2.9166389,town
110,1868,April 17,Lecture,As You Like It,Liverpool,"Royal Institution, Colquitt Street; attended by W. Garrett Horder (Liverpool Daily Post, April 17, 1868, 1: BNA; Horder 359).",1868-04-17,1868-04-17,,day,TRUE,,lecture,FALSE,FALSE,Shakespeare,As You Like It,53.3933411,-2.9166389,town
111,1868,April 20,Lecture,Wordsworth,Hull,"Hull Literary and Philosophical Society (Hull and Eastern Counties Herald, April 23, 1868, 6: BNA).",1868-04-20,1868-04-20,,day,TRUE,,lecture,FALSE,FALSE,Wordsworth,(unspecified),53.7435722,-0.3394758,town
112,1868,November 3,Lecture,Milton,London,"Union Chapel; hosted by Highbury Young Men’s Association (Islington Gazette, October 27, 1868, 1; October 30, 1868, 3: both BNA).",1868-11-03,1868-11-03,,day,TRUE,,lecture,FALSE,FALSE,Milton,(unspecified),51.5074456,-0.1277653,town
113,1868,November 4,Lecture,Macbeth,London,"Stockwell Baptist Chapel, South Lambeth-road; Rev. Arthur Mursell; “fourth lecture of a series” hosted by the Young Men’s Mutual Improvement Society (South London Press, September 26, 1868, 7; South London Chronicle, November 7, 1868, 3: both BNA).",1868-11-04,1868-11-04,,day,TRUE,,lecture,FALSE,FALSE,Shakespeare,Macbeth,51.5074456,-0.1277653,town
114,1868,November 10,Lecture,Hamlet,Cambridge,"Guildhall; hosted by Young Men’s Christian Association (Cambridge Chronicle and Journal, November 7, 1868, 5; November 14, 1868, 8: both BNA).",1868-11-10,1868-11-10,,day,TRUE,,lecture,FALSE,FALSE,Shakespeare,Hamlet,52.1975846,0.1391537,town
115,1868,November 27,Lecture,Macbeth,Leicester,"Temperance Hall; “Macbeth: Morally Regarded, with Illustrative Readings” (Leicester Journal, November 13, 1868, 5; Leicester Chronicle, December 5, 1868, 5: both BNA).",1868-11-27,1868-11-27,,day,TRUE,,lecture,FALSE,FALSE,Shakespeare,Macbeth,52.6362000,-1.1331969,town
116,1868,November 30,Lecture,Milton,Nottingham,"Mechanics’ Institute (Nottingham Journal, February 13, 1869, 3: BNA; Expression 164).",1868-11-30,1868-11-30,,day,TRUE,,lecture,FALSE,FALSE,Milton,(unspecified),52.9534193,-1.1496461,town
117,1868,December 3,Lecture,Midsummer Night’s Dream,Liverpool,"Royal Institute, Colquitt Street; “His [Shakespeare’s] Fairy Plays”; first in three-lecture series, “Dramatic Art: Differences of Kind in Shakspeare’s [sic] Plays” (Liverpool Daily Post, December 2, 1868, 1; December 4, 1868, 5: both BNA).",1868-12-03,1868-12-03,,day,TRUE,,lecture,FALSE,FALSE,Shakespeare,A Midsummer Night’s Dream,53.3933411,-2.9166389,town
118,1868,December 7,Lecture,Wordsworth,Lancaster,"Music Hall of Royal Albert Asylum (Lancaster Gazette, November 21, 1868, 4: BNA).",1868-12-07,1868-12-07,,day,TRUE,,lecture,FALSE,FALSE,Wordsworth,(unspecified),54.0488219,-2.8013499,town
119,1868,December 8,Lecture,King Henry IV,Liverpool,"Royal Institution, Colquitt Street; “His [Shakespeare’s] Historical Plays”; second in three-lecture series, “Dramatic Art: Differences of Kind in Shakspeare’s [sic] Plays” (Liverpool Daily Post, December 2, 1868, 1; December 9, 1868, 5: both BNA).",1868-12-08,1868-12-08,,day,TRUE,,lecture,FALSE,FALSE,Shakespeare,Henry IV,53.3933411,-2.9166389,town
120,1868,December 9,Lecture,Hamlet,Newton,"Congregational School Room; hosted by Young Men’s Mutual Improvement Society (Wigan Observer and District Advertiser, December 12, 1868, 8: BNA).",1868-12-09,1868-12-09,,day,TRUE,,lecture,FALSE,FALSE,Shakespeare,Hamlet,54.2970219,-1.6771463,town
121,1868,December 17,Lecture,King Lear,Liverpool,"Royal Institution, Colquitt Street; “His [Shakespeare’s] Moral Plays”; third in three-lecture series, “Dramatic Art: Differences of Kind in Shakspeare’s [sic] Plays” (Liverpool Daily Post, December 2, 1868, 1; December 9, 1868, 5: both BNA).",1868-12-17,1868-12-17,,day,TRUE,,lecture,FALSE,FALSE,Shakespeare,King Lear,53.3933411,-2.9166389,town
122,1868,December 22,Lecture,Hamlet,Liverpool,"College lecture hall; hosted by Liverpool Young Men’s Christian Association (Liverpool Mercury, December 23, 1868, 6: BNA).",1868-12-22,1868-12-22,,day,TRUE,,lecture,FALSE,FALSE,Shakespeare,Hamlet,53.3933411,-2.9166389,town
123,1868,December 23,Lecture,King Lear,Manchester,"Memorial Hall, Albert Square (Manchester Courier and Lancashire General Advertiser, December 19, 1868, 1: BNA)",1868-12-23,1868-12-23,,day,TRUE,,lecture,FALSE,FALSE,Shakespeare,King Lear,53.4424618,-2.2324547,town
124,1869,January 5,Lecture,Hood,"Coatbridge, SCT","Hosted by Literary Association (Hamilton Advertiser, January 9, 1869, 2: BNA).",1869-01-05,1869-01-05,,day,TRUE,,lecture,FALSE,FALSE,Hood,(unspecified),55.8624894,-4.0259894,town
125,1869,January 6,Lecture,Milton,"Glasgow, SCT","Trinity Congregational Church, Claremont Street (Glasgow Evening Citizen, January 5, 1869, 1: BNA).",1869-01-06,1869-01-06,,day,TRUE,,lecture,FALSE,FALSE,Milton,(unspecified),55.8611550,-4.2501687,town
126,1869,January 7,Lecture,Scott,"Glasgow, SCT","City Hall (Glasgow Evening Citizen, January 5, 1869, 1; Inverness Courier, January 14, 1869, 7; Aberdeen Free Press, January 15, 1869, 3: all BNA).",1869-01-07,1869-01-07,,day,TRUE,,lecture,FALSE,FALSE,Scott,(unspecified),55.8611550,-4.2501687,town
127,1869,January 9,Lecture,Hood,"Glasgow, SCT","Athenaeum Hall (Glasgow Evening Citizen, January 11, 1869, 3: BNA).",1869-01-09,1869-01-09,,day,TRUE,,lecture,FALSE,FALSE,Hood,(unspecified),55.8611550,-4.2501687,town
128,1869,January 12,Lecture,Hamlet,Edinburgh,"Queen Street Hall; hosted by Philosophical Institution; first of two-part series on “Characters from Shakspeare” (Edinburgh Evening Courant, October 16, 1868, 1; January 13, 1869, 8; The Scotsman, January 13, 1869, 2: all BNA).",1869-01-12,1869-01-12,,day,TRUE,,lecture,FALSE,FALSE,Shakespeare,Hamlet,55.9533456,-3.1883749,town
129,1869,January 13,Lecture,Wordsworth,"Dunfermline, SCT","Music Hall; hosted by Dunfermline Literary Society (Northern Warder and General Advertiser for the Counties of Fife, Perth and Forfar, January 19, 1869, 6: BNA).",1869-01-13,1869-01-13,,day,TRUE,,lecture,FALSE,FALSE,Wordsworth,(unspecified),56.0713724,-3.4616183,town
130,1869,January 14,Lecture,Tennyson,"Edinburgh, SCT","Town Hall, Portobello; hosted by Young Men’s Literary Association (The Scotsman, January 15, 1869, 2: BNA).",1869-01-14,1869-01-14,,day,TRUE,,lecture,FALSE,FALSE,Tennyson,(unspecified),55.9533456,-3.1883749,town
131,1869,January 15,Lecture,King Lear,Edinburgh,"Queen Street Hall; hosted by Philosophical Institution; second of two-part series on “Characters from Shakespeare” (Edinburgh Evening Courant, October 16, 1868, 1; January 16, 1869, 4; Manchester Courier and Lancashire General Advertiser, January 23, 1869, 11: all BNA).",1869-01-15,1869-01-15,,day,TRUE,,lecture,FALSE,FALSE,Shakespeare,King Lear,55.9533456,-3.1883749,town
132,1869,January 19,Lecture,King Lear,"Galashiels, SCT","Mechanics’ Hall; hosted by the Mechanics’ Institute (Southern Reporter, January 21, 1869, 2: BNA; Border Advertiser, January 22, 1869: BC).",1869-01-19,1869-01-19,,day,TRUE,,lecture,FALSE,FALSE,Shakespeare,King Lear,55.6156505,-2.8061618,town
133,1869,January 23,Lecture,Wordsworth,"Edinburgh, SCT","Music Hall; hosted by Edinburgh Magazine Library Company; inaugural lecture for Intellectual Entertainment series (Edinburgh Evening Courant, January 19, 1869, 1; January 22, 1869, 5; The Scotsman, January 25, 1869, 2: all BNA).",1869-01-23,1869-01-23,,day,TRUE,,lecture,FALSE,FALSE,Wordsworth,(unspecified),55.9533456,-3.1883749,town
134,1869,January 25,Lecture,Hamlet,"Dundee, SCT","Ward Chapel; hosted by Young Men’s Christian Association (Dundee Advertiser, January 26, 1869, 5; Dundee Courier, January 26, 1869, 2: both BNA).",1869-01-25,1869-01-25,,day,TRUE,,lecture,FALSE,FALSE,Shakespeare,Hamlet,56.4605938,-2.9701900,town
135,1869,January 26,Lecture,Hamlet,"Montrose, SCT","Independent Chapel (Northern Warder and General Advertiser for the Counties of Fife, Perth and Forfar, January 29, 1869, 6: BNA).",1869-01-26,1869-01-26,,day,TRUE,,lecture,FALSE,FALSE,Shakespeare,Hamlet,56.7114295,-2.4681544,town
136,1869,January 27,Lecture,Wordsworth,"Brechin, SCT","East Church; hosted by Mechanics’ Institution; second in a series by multiple speakers (Dundee Courier, January 29, 1869, 4: BNA).",1869-01-27,1869-01-27,,day,TRUE,,lecture,FALSE,FALSE,Wordsworth,(unspecified),56.7315193,-2.6600193,town
137,1869,January 28,Lecture,Milton,"Upper Perthshire, SCT","North U.P. Church; hosted by Young Men’s Christian Association (Perthshire Courier, January 19, 1869, 2; February 2, 1869, 2: both BNA).",1869-01-28,1869-01-28,,day,TRUE,,lecture,FALSE,FALSE,Milton,(unspecified),56.5000000,-3.7500000,region
138,1869,January 29,Lecture,Milton,"Aberdeen, SCT","Gilcomston Free Church; proceeds to construction of church spire (Aberdeen Free Press, January 15, 1869, 4: BNA).",1869-01-29,1869-01-29,,day,TRUE,,lecture,FALSE,FALSE,Milton,(unspecified),57.1482429,-2.0928095,town
139,1869,January 30,Lecture,Milton,"Huntly, SCT","New Hall (Huntly Express, January 30, 1869; February 6, 1869: both BC).",1869-01-30,1869-01-30,,day,TRUE,,lecture,FALSE,FALSE,Milton,(unspecified),57.4474806,-2.7864246,town
140,1869,February 1,Lecture,Wordsworth,"Aberdeen, SCT","Mechanics’ Institution (Aberdeen Free Press, January 29, 1869, 4; Aberdeen Press and Journal, February 3, 1869, 7; John O’Groat Journal, February 11, 1869, 2: all BNA).",1869-02-01,1869-02-01,,day,TRUE,,lecture,FALSE,FALSE,Wordsworth,(unspecified),57.1482429,-2.0928095,town
141,1869,February 2,Lecture,Milton,"Aberdeen, SCT","Prince Street Hall; the sixth lecture in a series (Buchan Observer and East Aberdeenshire Advertiser, January 29, 1869, 2; February 5, 1869, 3; John O’Groat Journal, February 11, 1869, 2: all BNA).",1869-02-02,1869-02-02,,day,TRUE,,lecture,FALSE,FALSE,Milton,(unspecified),57.1482429,-2.0928095,town
142,1869,February 3,Lecture,Tennyson,"Fraserburgh, SCT","Harbor Commissioner’s Hall; hosted by Mutual Improvement Society; unusually large audience (Buchan Observer and East Aberdeenshire Advertiser, February 5, 1869, 2: BNA).",1869-02-03,1869-02-03,,day,TRUE,,lecture,FALSE,FALSE,Tennyson,(unspecified),57.6935974,-2.0051497,town
143,1869,February 4,Lecture,King Lear,"Aberdeen, SCT","Mechanics’ Hall (Aberdeen Press and Journal, February 3, 1869, 5; John O’Groat Journal, February 11, 1869, 2: both BNA).",1869-02-04,1869-02-04,,day,TRUE,,lecture,FALSE,FALSE,Shakespeare,King Lear,57.1482429,-2.0928095,town
144,1869,February 5,Lecture,Milton,"Edinburgh, SCT","Town Hall, Portobello; hosted by Portobello Literary Association (Belfast News-Letter, February 16, 1869, 3: BNA).",1869-02-05,1869-02-05,,day,TRUE,,lecture,FALSE,FALSE,Milton,(unspecified),55.9533456,-3.1883749,town
145,1869,February 6,Lecture/Sermon,Zaccheus,"Edinburgh, SCT","North Leith Poorhouse; appears to have been a sort of sermon-lecture, but on Saturday, and not in church (Edinburgh Evening Courant, February 9, 1869, 4: BNA).",1869-02-06,1869-02-06,,day,TRUE,,lecture|sermon,FALSE,FALSE,Scripture,Zacchaeus (Luke 19),55.9533456,-3.1883749,town
146,1869,February 8,Lecture,Coleridge,Newcastle,"Newcastle Literary and Philosophical Society Institute Theatre; hosted by the Society (Newcastle Daily Chronicle, February 8, 1869, 1; February 9, 1869, 4: both BNA).",1869-02-08,1869-02-08,,day,TRUE,,lecture,FALSE,FALSE,Coleridge,(unspecified),54.9738474,-1.6131572,town
147,1869,February 10,Lecture,Scott,Newcastle,"Newcastle Literary and Philosophical Society Institute Theatre; hosted by the Society; brief comparison of Scott and Shakespeare (Newcastle Daily Chronicle, February 8, 1869, 1; February 11, 1869, 4: both BNA).",1869-02-10,1869-02-10,,day,TRUE,,lecture,FALSE,FALSE,Scott,(unspecified),54.9738474,-1.6131572,town
148,1869,February 11,Lecture,Hamlet,Bradford,"Mechanics’ Institute; hosted by the Bradford Philosophical Society; reporter calls the lecture a “lay sermon of uncommon power and grace” (Bradford Observer, February 12, 1869, 3: BNA).",1869-02-11,1869-02-11,,day,TRUE,,lecture,FALSE,FALSE,Shakespeare,Hamlet,53.7944229,-1.7519186,town
149,1869,February 12,Lecture,Tennyson,Newcastle,"Newcastle Literary and Philosophical Society Institute Theatre; hosted by the Society (Newcastle Daily Chronicle, February 8, 1869, 1; Newcastle Journal, February 13, 1869, 2: both BNA).",1869-02-12,1869-02-12,,day,TRUE,,lecture,FALSE,FALSE,Tennyson,(unspecified),54.9738474,-1.6131572,town
150,1869,February 15,Lecture,Milton,Tynemouth,"Tynemouth Congregational Church (Newcastle Journal, February 13, 1869, 2; February 16, 1869, 3: both BNA).",1869-02-15,1869-02-15,,day,TRUE,,lecture,FALSE,FALSE,Milton,(unspecified),55.0177847,-1.4256042,town
151,1869,February 25,Lecture,Macbeth,"Croydon, London","Croydon Public Hall; Croydon reviewer criticizes MacDonald for being a “dreamy theorist” (Croydon Chronicle and East Surrey Advertiser, February 27, 1869, 5; The Era, March 7, 1869, 12: both BNA).",1869-02-25,1869-02-25,,day,TRUE,,lecture,FALSE,FALSE,Shakespeare,Macbeth,51.3713049,-0.1019570,town
152,1869,February 26,Lecture,Milton,London,"Lecture Room, Warlters Road (Islington Gazette, February 9, 1869, 1: BNA).",1869-02-26,1869-02-26,,day,TRUE,,lecture,FALSE,FALSE,Milton,(unspecified),51.5074456,-0.1277653,town
153,1869,March 1,Lecture,Tennyson,London,"Burdett Hall, Limehouse (East London Observer, February 20, 1869, 4: BNA).",1869-03-01,1869-03-01,,day,TRUE,,lecture,FALSE,FALSE,Tennyson,(unspecified),51.5074456,-0.1277653,town
154,1869,March 9,Lecture,Tennyson,York,"De Grey Rooms (York Herald, March 13, 1869, 9: BNA).",1869-03-09,1869-03-09,,day,TRUE,,lecture,FALSE,FALSE,Tennyson,(unspecified),53.9656579,-1.0743052,town
155,1869,March 10,Lecture,Wordsworth,Leeds,"Leeds Mechanics’ Institution (Yorkshire Post and Leeds Intelligencer, March 11, 1869, 4: BNA).",1869-03-10,1869-03-10,,day,TRUE,,lecture,FALSE,FALSE,Wordsworth,(unspecified),53.7974185,-1.5437941,town
156,1869,March 15,Lecture,King Lear,Birmingham,"Midland Institute (Birmingham Daily Gazette, March 18, 1869, 6: BNA).",1869-03-15,1869-03-15,,day,TRUE,,lecture,FALSE,FALSE,Shakespeare,King Lear,52.4948994,-1.8518439,town
157,1869,March 22,Lecture,Milton,Birmingham,"Midland Institute (Birmingham Daily Gazette, March 22, 1869, 4; March 25, 1869, 6: both BNA).",1869-03-22,1869-03-22,,day,TRUE,,lecture,FALSE,FALSE,Milton,(unspecified),52.4948994,-1.8518439,town
158,1869,March 24,Lecture,Julius Caesar,Pelsall,"Agricultural Hall; hosted by the United Lecture Institute; attendance “far from encouraging” (Walsall Free Press and General Advertiser, March 20, 1869, 4; March 27, 1869, 4; Staffordshire Advertiser, March 27, 1869, 5: all BNA).",1869-03-24,1869-03-24,,day,TRUE,,lecture,FALSE,FALSE,Shakespeare,Julius Caesar,52.6284169,-1.9667399,town
159,1869,March 25,Lecture,King Lear,Bradford,"Bradford Mechanics’ Institute; hosted by Philosophical Society; despite advertisement for a lecture on Macbeth, MacDonald lectured on King Lear (Bradford Observer, February 25, 1869, 1; April 1, 1869, 10: both BNA).",1869-03-25,1869-03-25,,day,TRUE,,lecture,FALSE,FALSE,Shakespeare,King Lear,53.7944229,-1.7519186,town
160,1869,April 8,Lecture,Macbeth,Bradford,"Bradford Mechanics’ Institute; hosted by the Philosophical Society; compares the moral lives of King Lear and Macbeth (Bradford Observer, April 9, 1869, 4; April 15, 1869, 11: both BNA).",1869-04-08,1869-04-08,,day,TRUE,,lecture,FALSE,FALSE,Shakespeare,Macbeth,53.7944229,-1.7519186,town
161,1869,April 20,Lecture,Scott,Hull,"Royal Institution, Albion Street; Hull Literary and Philosophical Society (Hull Times, April 24, 1869; Annual Report: Hull Literary and Philosophical Society, 33: both BC).",1869-04-20,1869-04-20,,day,TRUE,,lecture,FALSE,FALSE,Scott,(unspecified),53.7435722,-0.3394758,town
162,1869,May 18,Lecture,Hood,London,"Theatre of Literary and Scientific Society, Wellington Street; proceeds to St. Saviour’s Building Fund (Islington Gazette, May 18, 1869, 3; May 21, 1869, 2: both BNA).",1869-05-18,1869-05-18,,day,TRUE,,lecture,FALSE,FALSE,Hood,(unspecified),51.5074456,-0.1277653,town
163,1872,April 15,Lecture,Macbeth,Nottingham,"Assembly Rooms (Nottingham Journal, April 13, 1872, 5; April 16, 1872, 3: both BNA).",1872-04-15,1872-04-15,,day,TRUE,,lecture,FALSE,FALSE,Shakespeare,Macbeth,52.9534193,-1.1496461,town
164,1872,April 24,Lecture,Tennyson,"Edinburgh, SCT","Edinburgh Literary Institute; “The Songs of Tennyson” (The Scotsman, April 5, 1872, 6; Peterhead Sentinel and General Advertiser for Buchan District, May 1, 1872, 4: both BNA).",1872-04-24,1872-04-24,,day,TRUE,,lecture,FALSE,FALSE,Tennyson,(unspecified),55.9533456,-3.1883749,town
165,1872,May 15,Lecture,Tennyson,"Aberdeen, SCT","Gilcomston Free Church (Aberdeen Press and Journal, May 15, 1872, 4: BNA).",1872-05-15,1872-05-15,,day,TRUE,,lecture,FALSE,FALSE,Tennyson,(unspecified),57.1482429,-2.0928095,town
166,1872,May 21,Lecture,Wordsworth,"Dundee, SCT","Kinnaird Hall; hosted by Dundee Young Men’s Christian Association Literary Institute (Dundee Courier, May 15, 1872, 1; May 22, 1872, 3: both BNA).",1872-05-21,1872-05-21,,day,TRUE,,lecture,FALSE,FALSE,Wordsworth,(unspecified),56.4605938,-2.9701900,town
167,1872,May 27,Lecture,Tennyson,Leicester,"Wycliffe Congregational Church (Leicester Journal, May 24, 1872, 8: BNA).",1872-05-27,1872-05-27,,day,TRUE,,lecture,FALSE,FALSE,Tennyson,(unspecified),52.6362000,-1.1331969,town
168,1872,"[September 20-29, during ship’s passage]",Dramatic Reading,unknown,S. S. Malta,9/20-29. During ship's passage. Part of Benefit Concert for The Seaman’s Society (Raeper 287).,1872-09-20,1872-09-29,,day_range,FALSE,during ship's passage,reading,FALSE,FALSE,Unknown,(unknown),,,unmappable
169,1872,October 10,Lecture,Burns,"Boston, MA","Union Hall, Cambridge; MacDonald’s first American lecture; “1500 crammed the Union Hall”; Emerson and Longfellow present (GMW 424; Hein 337; Soul 14-16; Raeper 290).",1872-10-10,1872-10-10,,day,TRUE,,lecture,FALSE,FALSE,Burns,(unspecified),42.3588336,-71.0578303,town
170,1872,October 16,Lecture,Burns,"Boston, MA","Lyceum; 2,850 ticket holders (Expression 207, 213; GMW 424-25; Soul 16; Raeper 291).",1872-10-16,1872-10-16,,day,TRUE,,lecture,FALSE,FALSE,Burns,(unspecified),42.3588336,-71.0578303,town
171,1872,October 21,,[Burns],"Philadelphia, PA","Opera house; 3,000 in audience; MacDonald makes a humorous exit “with an athletic leap into a stage-box” (Expression 213, 215; GMW 428; Hein 340; Raeper 292).",1872-10-21,1872-10-21,,day,TRUE,,lecture,TRUE,FALSE,Burns,(unspecified),39.9527237,-75.1635262,town
172,1872,October 23,Lecture,unknown,"Springfield, MA","(Expression 215, 218).",1872-10-23,1872-10-23,,day,TRUE,,lecture,FALSE,FALSE,Unknown,(unknown),42.1018764,-72.5886727,town
173,1872,October 24,[Lecture],unknown,"Worcester, MA","If lecture is bracketed, we have evidence that MacDonald traveled to the location but no specific reference in sources to a lecture (Expression 215, 218; Raeper 292).",1872-10-24,1872-10-24,,day,TRUE,,lecture,TRUE,FALSE,Unknown,(unknown),42.2625621,-71.8018877,town
174,1872,October 25,Lecture,Hood,"Lynn, MA","(Expression 215, 217; Soul 25).",1872-10-25,1872-10-25,,day,TRUE,,lecture,FALSE,FALSE,Hood,(unspecified),42.4667630,-70.9494939,town
175,1872,October 28,Lecture,Burns,"Amesbury, MA","“Next lecture of the library course”; one of MacDonald’s best audiences, with full hall; Whittier in attendance (Expression 215, 221-22; GMW 426; Hein 341-42; Raeper 292; “Letter from Whittier,” The Villager, October 24, 1872: BC).",1872-10-28,1872-10-28,,day,TRUE,,lecture,FALSE,FALSE,Burns,(unspecified),42.8579536,-70.9300921,town
176,1872,October 29,Lecture,unknown,"Providence, RI","Mr. Weedon’s residence; stifling lecture hall (Expression 215, 222).",1872-10-29,1872-10-29,,day,TRUE,,lecture,FALSE,FALSE,Unknown,(unknown),41.8239891,-71.4128343,town
177,1872,October 30,[Lecture],unknown,"Lowell, MA","(Expression 215, 222-23).",1872-10-30,1872-10-30,,day,TRUE,,lecture,TRUE,FALSE,Unknown,(unknown),42.6414437,-71.3085329,town
178,1872,October 31,Lecture,unknown,"Dover, DE","(Expression 216, 223).",1872-10-31,1872-10-31,,day,TRUE,,lecture,FALSE,FALSE,Unknown,(unknown),39.1581680,-75.5243682,town
179,1872,November 2,Lecture,Hood,"Boston, MA","Music Hall (according to GMW, the Boston Lyceum); termed “MacDonald Matinee” in newspapers (Expression 220; GMW 426; Raeper 293).",1872-11-02,1872-11-02,,day,TRUE,,lecture,FALSE,FALSE,Hood,(unspecified),42.3588336,-71.0578303,town
180,1872,November 4,Lecture,unknown,"Hanover, MA","(Expression 225, 226).",1872-11-04,1872-11-04,,day,TRUE,,lecture,FALSE,FALSE,Unknown,(unknown),42.1131572,-70.8119859,town
181,1872,November 6,Lecture,unknown,"Andover, MA","(Expression 216, 226).",1872-11-06,1872-11-06,,day,TRUE,,lecture,FALSE,FALSE,Unknown,(unknown),42.6571700,-71.1408776,town
182,1872,November 7,Lecture,unknown,"Roxbury, MA",(Expression 226).,1872-11-07,1872-11-07,,day,TRUE,,lecture,FALSE,FALSE,Unknown,(unknown),42.3289067,-71.0850853,town
183,1872,November 8,Lecture,unknown,"Leominster, MA",(Expression 216).,1872-11-08,1872-11-08,,day,TRUE,,lecture,FALSE,FALSE,Unknown,(unknown),42.5267443,-71.7614891,town
184,1872,November 11,Lecture,unknown,"Fitchburg, MA",Cancelled due to illness (Hein 346; Expression 216).,1872-11-11,1872-11-11,,day,TRUE,,lecture,FALSE,TRUE,Unknown,(unknown),42.5838984,-71.8038268,town
185,1872,November 12,Lecture,unknown,"Charlestown, Boston, MA",Cancelled due to illness (Hein 346; Expression 216).,1872-11-12,1872-11-12,,day,TRUE,,lecture,FALSE,TRUE,Unknown,(unknown),42.3778749,-71.0619957,town
186,1872,November 13,Lecture,unknown,"Westboro, MA",Cancelled due to illness (Hein 346; Expression 216).,1872-11-13,1872-11-13,,day,TRUE,,lecture,FALSE,TRUE,Unknown,(unknown),42.2694308,-71.6129907,town
187,1872,November 14,Lecture,unknown,"Albany, NY",Cancelled due to illness (Hein 346; Expression 216).,1872-11-14,1872-11-14,,day,TRUE,,lecture,FALSE,TRUE,Unknown,(unknown),42.6511674,-73.7549680,town
188,1872,November 18,Lecture,Hood,"New York, NY","Steinway Hall; hosted by Mercantile Library Association (New York Times, November 19, 1872, 5: TM; Liberal Christian, November 23, 1872: BC; Expression 216; Hein 346; Soul 25-28).",1872-11-18,1872-11-18,,day,TRUE,,lecture,FALSE,FALSE,Hood,(unspecified),40.7127281,-74.0060152,town
189,1872,November 19,Lecture,unknown,"Hartford, CT",(Expression 216).,1872-11-19,1872-11-19,,day,TRUE,,lecture,FALSE,FALSE,Unknown,(unknown),41.7645820,-72.6908547,town
190,1872,November [21/22],Lecture,Hood,"Brooklyn, NY","November 21-22. The Tabernacle (Brooklyn Daily Union, November 23, 1872: BC; Hein 349; W 60, 40; Expression 216).",1872-11-21,1872-11-22,1872-11-21,day_choice,FALSE,,lecture,FALSE,FALSE,Hood,(unspecified),40.6526006,-73.9497211,town
191,1872,November 22,Lecture,[Hood],"Wilmington, DE","(Expression 216; Hein 349, 566 n.343).",1872-11-22,1872-11-22,,day,TRUE,,lecture,FALSE,FALSE,Hood,(unspecified),39.7459468,-75.5465890,town
192,1872,November 25,Lecture,Tennyson,"Jersey City, NJ","(Expression 216; American Standard, November 26, 1872, qtd. in Hein 348).",1872-11-25,1872-11-25,,day,TRUE,,lecture,FALSE,FALSE,Tennyson,(unspecified),40.7215682,-74.0474550,town
193,1872,November 26,Lecture,Hood,"Plainfield [Scotch Plains], NJ","Congregational Church; introduced by the “president of the association,” afterwards MacDonald very ill; “Dr. Cole . . . forbade his continuing”; “all lectures were canceled until Christmas” (Expression 216; Hein,346-47; Central New Jersey Times, November 28, 1872: BC).",1872-11-26,1872-11-26,,day,TRUE,,lecture,FALSE,FALSE,Hood,(unspecified),40.6201412,-74.4222416,town
194,1872,November 27,,,"Newark, NJ",Cancelled (Hein 347; Expression 216).,1872-11-27,1872-11-27,,day,TRUE,,lecture,TRUE,TRUE,Unknown,(unknown),40.7356570,-74.1723667,town
195,1872,November 29,,,"New York, NY",Cancelled (Hein 347; Expression 216).,1872-11-29,1872-11-29,,day,TRUE,,lecture,TRUE,TRUE,Unknown,(unknown),40.7127281,-74.0060152,town
196,1872,November 30,,,"Washington, DC",Cancelled (Hein 347; Expression 216).,1872-11-30,1872-11-30,,day,TRUE,,lecture,TRUE,TRUE,Unknown,(unknown),38.8950982,-77.0363849,town
197,1872,December 11,Lecture,Burns,"Washington, DC","First Congregational Church; “he felt able to resume his schedule sooner than anyone thought” (Hein 350); General William T. Sherman in the audience (Daily National Republican, December 12, 1872: BC; Liberal Christian, February 1, 1873: BC, qtd. in W, 57.38).",1872-12-11,1872-12-11,,day,TRUE,,lecture,FALSE,FALSE,Burns,(unspecified),38.8950982,-77.0363849,town
198,1872,December 13,Lecture,unknown,"Baltimore, MD",Maryland Institute (Hein 351).,1872-12-13,1872-12-13,,day,TRUE,,lecture,FALSE,FALSE,Unknown,(unknown),39.2908816,-76.6107590,town
199,1872,December 17,Lecture,Burns,"Buffalo, NY","St. James Hall, Sponsored by Young Men’s Association; “Filled almost to capacity” (Buffalo Courier, December 18, 1872, qtd. in Soul 32-33; Hein 352).",1872-12-17,1872-12-17,,day,TRUE,,lecture,FALSE,FALSE,Burns,(unspecified),42.8864163,-78.8781493,town
200,1872,December 19,Lecture,Tennyson,"Auburn, NY","Opera House; “The art of poetry, illustrated by Tennyson’s lyrics” (Expression 235; Auburn Morning News, December 20, 1872, qtd. in Soul 39-41; Hein 352).",1872-12-19,1872-12-19,,day,TRUE,,lecture,FALSE,FALSE,Tennyson,(unspecified),42.9320202,-76.5672029,town
201,1872,December 22,[Lecture],unknown,"Elmira, NY",MacDonald staying with Mark Twain’s family and “reveling in lapsury’s luck” (Expression 235-37; Hein 354).,1872-12-22,1872-12-22,,day,TRUE,,lecture,TRUE,FALSE,Unknown,(unknown),42.0897965,-76.8077338,town
202,1872,December 26,Lecture,Burns,"Newark, NJ","Association Hall, Sponsored by Clayonian Committee (unidentified newspaper account, qtd. in Soul 43-44; Hein 355-56).",1872-12-26,1872-12-26,,day,TRUE,,lecture,FALSE,FALSE,Burns,(unspecified),40.7356570,-74.1723667,town
203,1872,December 30,Lecture,unknown,"Albany, NY","“Mr. MacDonald will lecture in Albany tonight” after a sermon in Newark on December 29 (New York Tribune, December 30, 1872, qtd. in Soul 46-47).",1872-12-30,1872-12-30,,day,TRUE,,lecture,FALSE,FALSE,Unknown,(unknown),42.6511674,-73.7549680,town
204,1873,January 2,Lecture,Macbeth,"Orange, NJ",(Soul 58).,1873-01-02,1873-01-02,,day,TRUE,,lecture,FALSE,FALSE,Shakespeare,Macbeth,40.7709499,-74.2264601,town
205,1873,January 16,Lecture,Macbeth,"Princeton, NJ",In a Presbyterian Church; 500 students in attendance; MacDonald “improving so wonderfully in dramatic power” (GMW 441; Hein 356; Raeper 297).,1873-01-16,1873-01-16,,day,TRUE,,lecture,FALSE,FALSE,Shakespeare,Macbeth,40.3496953,-74.6597376,town
206,1873,January 21,Lecture,Burns,"New York, NY","Association Hall (New York Times, January 22, 1873, 5; TM; W 60.15).",1873-01-21,1873-01-21,,day,TRUE,,lecture,FALSE,FALSE,Burns,(unspecified),40.7127281,-74.0060152,town
207,1873,January 24,Speaker,Burns Society Dinner,"New York, NY",Delmonico’s Restaurant; invited to join Burns Society; wore “a full dressed kilt” and spoke on Scottish literature (GMW 442; Hein 357; Soul 64; W 60.15; Raeper 298).,1873-01-24,1873-01-24,,day,TRUE,,lecture,TRUE,FALSE,Occasional addresses,Burns Society dinner,40.7127281,-74.0060152,town
208,1873,January 27,Lecture,Burns,"Elmira, NY",Stayed with Mark Twain’s family (GMW 443; Hein 357).,1873-01-27,1873-01-27,,day,TRUE,,lecture,FALSE,FALSE,Burns,(unspecified),42.0897965,-76.8077338,town
209,1873,January [28/29],[Lecture],unknown,"Williamsport, PA","January [28/29]. Whether a lecture was actually scheduled in Williamsport or not, the reports indicate that the MacDonald’s spent the night on the train due to a wreck on the tracks ahead of them (GMW 443; Hein 357; Raeper 298).",1873-01-28,1873-01-29,1873-01-28,day_choice,FALSE,,lecture,TRUE,FALSE,Unknown,(unknown),41.2411556,-77.0011096,town
210,1873,January [29/30],[Lecture],unknown,"Harrisburg, PA","January [29/30]. Whether a lecture was actually scheduled in Harrisburg or not, the reports suggest that the MacDonald’s spent yet another night on the train (GMW 443-44; Raeper 298).",1873-01-29,1873-01-30,1873-01-29,day_choice,FALSE,,lecture,TRUE,FALSE,Unknown,(unknown),40.2663107,-76.8861122,town
211,1873,January [30/31],[Lecture],unknown,"Pittsburgh, PA",January [30/31]. (GMW 443; Raeper 298).,1873-01-30,1873-01-31,1873-01-30,day_choice,FALSE,,lecture,TRUE,FALSE,Unknown,(unknown),40.4406968,-80.0025666,town
212,1873,[February],Lecture,Macbeth,unknown,"First Presbyterian Church, sponsored by the Young Men’s Christian Association; “finest known article on MacDonald’s Macbeth lecture in North America” (Unidentified newspaper account, qtd. in Soul 75-79).",1873-02-01,1873-02-28,,month,FALSE,,lecture,FALSE,FALSE,Shakespeare,Macbeth,,,unmappable
213,1873,February [1-3],[Lecture],unknown,"Dayton, OH","February [1-3]. “From Pittsburgh, they traveled to Dayton, Ohio, Columbus, Ohio, and . . . Cincinnati” (Raeper 299; Hein 357; GMW 446).",1873-02-01,1873-02-03,,day_range,FALSE,,lecture,TRUE,FALSE,Unknown,(unknown),39.7589478,-84.1916069,town
214,1873,February [2-5],[Lecture],unknown,"Columbus, OH",February [2-5]. (Raeper 299).,1873-02-02,1873-02-05,,day_range,FALSE,,lecture,TRUE,FALSE,Unknown,(unknown),39.9622601,-83.0007065,town
215,1873,February 6,Lecture,Burns,"Cincinnati, OH",Third Street Presbyterian Church; “held . . . a large audience spellbound” (Hein 358; GMW 445; Soul 67-71).,1873-02-06,1873-02-06,,day,TRUE,,lecture,FALSE,FALSE,Burns,(unspecified),39.1012809,-84.5127405,town
216,1873,February 7,Lecture,Macbeth,"Cincinnati, OH",Third Street Presbyterian Church (Hein 358; GMW 445; Soul 67-71).,1873-02-07,1873-02-07,,day,TRUE,,lecture,FALSE,FALSE,Shakespeare,Macbeth,39.1012809,-84.5127405,town
217,1873,February [10-13],[Lecture],unknown,"Delaware, OH",“Their stay at Delaware was the nadir of the whole trip” (Raeper 299; GMW 446),1873-02-10,1873-02-13,,day_range,FALSE,,lecture,TRUE,FALSE,Unknown,(unknown),40.2317686,-82.9651045,town
218,1873,February [10/13],[Lecture],unknown,"Dayton, OH","The reports seem to indicate that the route was Cincinnati to Delaware to Dayton to Indiana, PA; it seems more likely, however, that the itinerary was Dayton to Delaware (GMW 446; Hein 357; Raeper 299)",1873-02-10,1873-02-13,1873-02-10,day_choice,FALSE,,lecture,TRUE,FALSE,Unknown,(unknown),39.7589478,-84.1916069,town
219,1873,February 14,Lecture,Burns,"Indiana, PA",(GMW 448; Raeper 300).,1873-02-14,1873-02-14,,day,TRUE,,lecture,FALSE,FALSE,Burns,(unspecified),40.6424116,-79.1262839,town
220,1873,February [15/17],[Lecture],unknown,"Altoona, PA","“By February 19 they had made their way back through Altoona to New York”; Greville writes a letter from Altoona on February 16, but lectures were never delivered on Sundays (Hein 359; GMW 447; Raeper 300).",1873-02-15,1873-02-17,1873-02-15,day_choice,FALSE,,lecture,TRUE,FALSE,Unknown,(unknown),40.5193586,-78.3968299,town
221,1873,February 22,Lecture,Tennyson,"Poughkeepsie, NY","Vassar College, (Vassar 202-10; Soul 72-73; W 60.15-16).",1873-02-22,1873-02-22,,day,TRUE,,lecture,FALSE,FALSE,Tennyson,(unspecified),41.7065539,-73.9283672,town
222,1873,February 25,Lecture,Burns,"New York, NY",(Raeper 300).,1873-02-25,1873-02-25,,day,TRUE,,lecture,FALSE,FALSE,Burns,(unspecified),40.7127281,-74.0060152,town
223,1873,[February 26],Lecture,unknown,"Northampton, MA",(Hein 361).,1873-02-26,1873-02-26,,day,FALSE,,lecture,FALSE,FALSE,Unknown,(unknown),42.3178989,-72.6311006,town
224,1873,[February - March],Lecture,unknown,"Burlington, VT","“By March 5, they were settled again in . . . Milton (MA), after travelling through Burlington and Vermont” (Raeper 300).",1873-02-01,1873-03-31,,month_range,FALSE,,lecture,FALSE,FALSE,Unknown,(unknown),44.4761601,-73.2129060,town
225,1873,March 14,Lecture,Burns,"Peabody, MA",“Warmly welcomed . . . by an audience of over 800” (Soul 79-80).,1873-03-14,1873-03-14,,day,TRUE,,lecture,FALSE,FALSE,Burns,(unspecified),42.5278731,-70.9286609,town
226,1873,March 26,Lecture,unknown,"Homer, NY",Letter from Louisa to Mary provides list of locations (Hein 567 n. 360).,1873-03-26,1873-03-26,,day,TRUE,,lecture,FALSE,FALSE,Unknown,(unknown),42.6368711,-76.1787783,town
227,1873,March 27,Lecture,unknown,"Oswego, NY",(Hein 567 n. 360).,1873-03-27,1873-03-27,,day,TRUE,,lecture,FALSE,FALSE,Unknown,(unknown),43.4112973,-76.1279841,town
228,1873,March 28,Lecture,unknown,"Buffalo, NY",(Hein 567 n. 360),1873-03-28,1873-03-28,,day,TRUE,,lecture,FALSE,FALSE,Unknown,(unknown),42.8864163,-78.8781493,town
229,1873,March 31,Lecture,Burns,"Hamilton, Ontario","McNab Street Presbyterian Church; combined with “art of poetry” (Hamilton Times, April 1, 1873, qtd. in Soul 92-94; Hein 567 n. 360).",1873-03-31,1873-03-31,,day,TRUE,,lecture,FALSE,FALSE,Burns,(unspecified),43.2560802,-79.8728583,town
230,1873,April 1,Lecture,Burns,"Toronto, Ontario","Shaftsbury Hall; (Toronto Mail and Toronto Globe, qtd. in Soul 94-95; W 60.23; Raeper 301; Hein 567 n. 360).",1873-04-01,1873-04-01,,day,TRUE,,lecture,FALSE,FALSE,Burns,(unspecified),43.6534817,-79.3839347,town
231,1873,April 3,[Lecture],unknown,"Ann Arbor, MI",(Raeper 301; Hein 567 n. 360).,1873-04-03,1873-04-03,,day,TRUE,,lecture,TRUE,FALSE,Unknown,(unknown),42.2813722,-83.7484616,town
232,1873,April 5,Lecture,Hood,"Chicago, IL","Union Park Congregational Church (The Inter-Ocean, April 2, 1873, 4: Newspapers.com; Soul 95; Hein 567 n. 360).",1873-04-05,1873-04-05,,day,TRUE,,lecture,FALSE,FALSE,Hood,(unspecified),41.8755616,-87.6244212,town
233,1873,April 7,Lecture,Burns,"Chicago, IL","Michigan Avenue Baptist Church; Louisa writes that it will be 40th lecture on Burns (The Inter-Ocean, April 2, 1873, 4: Newspapers. com; GMW 454; Soul 95)",1873-04-07,1873-04-07,,day,TRUE,,lecture,FALSE,FALSE,Burns,(unspecified),41.8755616,-87.6244212,town
234,1873,April 9,Lecture,[Macbeth],"Decatur, IL","Part of “the library course” (Decatur Daily Republican, April 2, 1873, 3: Newspapers.com; Hein 567 n. 360).",1873-04-09,1873-04-09,,day,TRUE,,lecture,FALSE,FALSE,Shakespeare,Macbeth,39.8454163,-88.9524151,town
235,1873,April [10-12],Lecture,unknown,"Davenport, IA","(Hein, 567 n. 360).",1873-04-10,1873-04-12,,day_range,FALSE,,lecture,FALSE,FALSE,Unknown,(unknown),41.5224692,-90.5756401,town
236,1873,April [10-12],Lecture,unknown,"Milwaukee, WI",(Hein 567 n. 360).,1873-04-10,1873-04-12,,day_range,FALSE,,lecture,FALSE,FALSE,Unknown,(unknown),43.0386475,-87.9090751,town
237,1873,April 17,Lecture,Milton,"Ann Arbor, MI",MacDonald lectures to University of Michigan students “in an Ann Arbor church”; re-scheduled from December 11 due to illness (Soul 95-96; W 60.17; GMW 455; Raeper 301).,1873-04-17,1873-04-17,,day,TRUE,,lecture,FALSE,FALSE,Milton,(unspecified),42.2813722,-83.7484616,town
238,1873,[April 18-22],Lecture,unknown,"East Saginaw, MI.","“After lectures in East Saginaw, Flint, and Detroit, they made a sally into Montreal” (Hein 364).",1873-04-18,1873-04-22,,day_range,FALSE,,lecture,FALSE,FALSE,Unknown,(unknown),43.4200387,-83.9490365,town
239,1873,[April 18-22],Lecture,unknown,"Flint, MI.",(Hein 364).,1873-04-18,1873-04-22,,day_range,FALSE,,lecture,FALSE,FALSE,Unknown,(unknown),43.0161693,-83.6900211,town
240,1873,[April 18-22],Lecture,unknown,"Detroit, MI",(Hein 364).,1873-04-18,1873-04-22,,day_range,FALSE,,lecture,FALSE,FALSE,Unknown,(unknown),42.3315509,-83.0466403,town
241,1873,April [28/23],Lecture,Burns,"Montreal, Quebec",(Hein 364 and 567 n. 360 contradict each other; the later date seems likely).,1873-04-23,1873-04-28,1873-04-28,day_choice,FALSE,,lecture,FALSE,FALSE,Burns,(unspecified),45.5031824,-73.5698065,town
242,1873,April [29/23],Lecture,Hood,"Montreal, Quebec",(Hein 364 and 567 n. 360 contradict each other; the later date seems likely).,1873-04-23,1873-04-29,1873-04-29,day_choice,FALSE,,lecture,FALSE,FALSE,Hood,(unspecified),45.5031824,-73.5698065,town
243,1873,[April 26],Lecture,unknown,"Boston, MA",(Hein 364 and 567 n. 360 contradict each other; it is unlikely that MacDonald had returned to Boston by April 26).,1873-04-26,1873-04-26,,day,FALSE,,lecture,FALSE,FALSE,Unknown,(unknown),42.3588336,-71.0578303,town
244,1873,May 1,Lecture,Burns,"Saint Johnsbury, VT",(Soul 97).,1873-05-01,1873-05-01,,day,TRUE,,lecture,FALSE,FALSE,Burns,(unspecified),44.4194940,-72.0156532,town
245,1873,May 3,Lecture,unknown,"Boston, MA",MacDonald returns to Boston for a “Matinee” lecture (Expression 238; Hein 364-65).,1873-05-03,1873-05-03,,day,TRUE,,lecture,FALSE,FALSE,Unknown,(unknown),42.3588336,-71.0578303,town
246,1873,May 10,Lecture,Milton,"New York, NY","Association Hall (New York Times, May 11, 1873, 3; TM).",1873-05-10,1873-05-10,,day,TRUE,,lecture,FALSE,FALSE,Milton,(unspecified),40.7127281,-74.0060152,town
247,1873,May 19,Lecture,Hamlet,"New York, NY","Association Hall; date and event perhaps confused with May 22 (GMW, 459).",1873-05-19,1873-05-19,,day,TRUE,,lecture,FALSE,FALSE,Shakespeare,Hamlet,40.7127281,-74.0060152,town
248,1873,May 22,Lecture,Hamlet,"New York, NY","Assembly Hall; “Humanity in Hamlet;” final lecture of American Lecture Tour (New-York Daily Tribune, May 23, 1873, 5: LC; New York Times, May 23, 1873, 5: TM).",1873-05-22,1873-05-22,,day,TRUE,,lecture,FALSE,FALSE,Shakespeare,Hamlet,40.7127281,-74.0060152,town
249,1873,September 29,Lecture,Burns,"Cullen, SCT","(Ballymena Observer, October 4, 1873, 2: BNA).",1873-09-29,1873-09-29,,day,TRUE,,lecture,FALSE,FALSE,Burns,(unspecified),57.6911126,-2.8195913,town
250,1873,December 5,Lecture,Wordsworth,Leicester,"Wycliffe Church (Leicester Daily Post, December 4, 1873, 3; December 6, 1873, 5: both BNA).",1873-12-05,1873-12-05,,day,TRUE,,lecture,FALSE,FALSE,Wordsworth,(unspecified),52.6362000,-1.1331969,town
251,1874,[1873-74],Lectures,Hamlet,"Cheshunt, London","Cheshunt College; “in 1873-4, MacDonald came to lecture on Hamlet to the students at Cheshunt College. Dr. H. R. Reynolds presided” (Johnson 58).",1873-01-01,1874-12-31,,year_range,FALSE,,lecture,FALSE,FALSE,Shakespeare,Hamlet,51.7020520,-0.0335908,town
252,1874,May 19,Lecture,Hamlet,London,"16 Portman Square, Lady Ducie’s residence; first of six Shakespeare lectures; attended by F.J. Furnivall (Aberdeen Press and Journal, May 27, 1874, 6; Illustrated Police News, May 30, 1874, 3: both BNA; Furnivall 1).",1874-05-19,1874-05-19,,day,TRUE,,lecture,FALSE,FALSE,Shakespeare,Hamlet,51.5074456,-0.1277653,town
253,1874,May 21,Lecture,As You Like It,London,"16 Portman Square, Lady Ducie’s residence; second of six Shakespeare lectures; attended by F. J. Furnivall (Aberdeen Press and Journal, May 27, 1874, 6; Illustrated Police News, May 30, 1874, 3: both BNA; Furnivall 13).",1874-05-21,1874-05-21,,day,TRUE,,lecture,FALSE,FALSE,Shakespeare,As You Like It,51.5074456,-0.1277653,town
254,1874,June 2,Lecture,Henry the Fourth,London,"16 Portman Square, Lady Ducie’s residence; third of six Shakespeare lectures; Furnivall notes that he missed this lecture (Furnivall 31).",1874-06-02,1874-06-02,,day,TRUE,,lecture,FALSE,FALSE,Shakespeare,Henry IV,51.5074456,-0.1277653,town
255,1874,June 4,Lecture,Macbeth,London,"16 Portman Square, Lady Ducie’s residence; fourth of six Shakespeare lectures; attended by F. J. Furnivall (Aberdeen Press and Journal, May 27, 1874, 6; Illustrated Police News, May 30, 1874, 3: both BNA; Furnivall 21).",1874-06-04,1874-06-04,,day,TRUE,,lecture,FALSE,FALSE,Shakespeare,Macbeth,51.5074456,-0.1277653,town
256,1874,June 10,Lecture,A Midsummer Night’s Dream,London,"16 Portman Square, Lady Ducie’s residence; fifth of six Shakespeare lectures; attended by F. J. Furnivall (Furnivall 33).",1874-06-10,1874-06-10,,day,TRUE,,lecture,FALSE,FALSE,Shakespeare,A Midsummer Night’s Dream,51.5074456,-0.1277653,town
257,1874,June [14],Lecture,Timon of Athens,London,"16 Portman Square, Lady Ducie’s residence; sixth of six Shakespeare lectures; attended by F. J. Furnivall (Furnivall 39).",1874-06-14,1874-06-14,,day,FALSE,,lecture,FALSE,FALSE,Shakespeare,Timon of Athens,51.5074456,-0.1277653,town
258,1874,July 9,Lecture,Macbeth,London,"34 Hyde Park Gardens, Mrs. Arthur Mills’ residence; music played between readings (Western Times, July 13, 1874, 2; Exeter Flying Post, July 15, 1874, 5: both BNA).",1874-07-09,1874-07-09,,day,TRUE,,lecture,FALSE,FALSE,Shakespeare,Macbeth,51.5074456,-0.1277653,town
259,1874,October 16,Lecture,Inaugural Address,London,"Working Women’s College, Fitzroy Street; emphasized importance of teachers having passion for subjects taught (Daily Telegraph & Courier (London), October 17, 1874, 3: BNA).",1874-10-16,1874-10-16,,day,TRUE,,lecture,FALSE,FALSE,Occasional addresses,Inaugural address,51.5074456,-0.1277653,town
260,1874,October 23,Lecture,Macbeth,London,"Harecourt Hall; hosted by Harecourt Literary Society (Islington Gazette, October 16, 1874, 1: BNA).",1874-10-23,1874-10-23,,day,TRUE,,lecture,FALSE,FALSE,Shakespeare,Macbeth,51.5074456,-0.1277653,town
261,1874,November 3,Lecture,Tennyson,"Islington, London","Middleton Hall; hosted by Sermon-lane Mission; on Tennyson’s “In Memoriam” (Islington Gazette, October 30, 1874, 1: BNA).",1874-11-03,1874-11-03,,day,TRUE,,lecture,FALSE,FALSE,Tennyson,(unspecified),51.5384287,-0.0999051,town
262,1874,November 27,Lecture,Hamlet,Leicester,"Masonic Hall; first of two lectures on Shakespeare; it is unclear whether November 27 and December 4 are separate lectures or the same lecture with unclear chronology (Leicester Daily Post, November 28, 1874, 8; Leicester Journal, December 4, 1874, 6: both BNA).",1874-11-27,1874-11-27,,day,TRUE,,lecture,FALSE,FALSE,Shakespeare,Hamlet,52.6362000,-1.1331969,town
263,1874,[December],Lecture,King Lear,Blackheath,"Blackheath Congregational Church (Inverness Courier, December 3, 1874, 6: BNA).",1874-12-01,1874-12-31,,month,FALSE,,lecture,FALSE,FALSE,Shakespeare,King Lear,51.4662623,0.0086810,town
264,1874,December 3,Lecture,Macbeth,Bradford,"Lecture Hall of the Mechanics’ Institute; hosted by Bradford Philosophical Society; “Moral Drifts of Shakespeare’s Play of Macbeth” (Bradford Observer, December 4, 1874, 3: BNA).",1874-12-03,1874-12-03,,day,TRUE,,lecture,FALSE,FALSE,Shakespeare,Macbeth,53.7944229,-1.7519186,town
265,1874,December 4,Lecture,Hamlet,Leicester,"Masonic Hall; “Moral Drift of Shakespeare”; it is unclear whether November 27 and December 4 are separate lectures or the same one with unclear chronology (Leicester Chronicle, December 5, 1874, 2: BNA).",1874-12-04,1874-12-04,,day,TRUE,,lecture,FALSE,FALSE,Shakespeare,Hamlet,52.6362000,-1.1331969,town
266,1874,December 7,Lecture,Timon of Athens,Birmingham,"Masonic Hall; hosted by Midland Institute; Timon was written hastily by Shakespeare with intent of revising (Birmingham Daily Post, December 9, 1874, 6; Dundee Courier, December 9, 1874, 3; Cork Constitution, December 9, 1874, 3; Paisley Herald and Renfrewshire Advertiser, December 12, 1874, 3: all BNA).",1874-12-07,1874-12-07,,day,TRUE,,lecture,FALSE,FALSE,Shakespeare,Timon of Athens,52.4948994,-1.8518439,town
267,1874,December 9,Lecture,Julius Caesar,Leicester,"Masonic Hall; “Moral Drift of Shakespeare”; second in two-lecture series (Leicester Daily Post, December 10, 1874, 3; Leicester Journal, December 11, 1874, 5; Leicester Chronicle, December 12, 1874, 5: all BNA).",1874-12-09,1874-12-09,,day,TRUE,,lecture,FALSE,FALSE,Shakespeare,Julius Caesar,52.6362000,-1.1331969,town
268,1875,January 25,Lecture,Macbeth,"Norwood, London","St. Aubyn’s School; “Macbeth: Its Moral Drift” (Norwood News, January 30, 1875, 5: BNA).",1875-01-25,1875-01-25,,day,TRUE,,lecture,FALSE,FALSE,Shakespeare,Macbeth,51.4164053,-0.0940347,town
269,1875,March 16,Lecture,Hamlet,Reading,"Trinity Congregational Church Schoolroom; hosted by the Alphabetical Society; “Moral Drift of Shakespeare’s Hamlet”; “one of the finest lectures we ever heard on Hamlet” (Berkshire Chronicle, March 6, 1875, 4; March 13, 1875, 5; Reading Mercury, March 20, 1875, 6; Reading Observer, March 20, 1875, 4: all BNA; Berkshire Chronicle, March 20, 1875: BC).",1875-03-16,1875-03-16,,day,TRUE,,lecture,FALSE,FALSE,Shakespeare,Hamlet,51.4520064,-0.9684735,town
270,1875,[May/June],Lectures,Shakespeare,London,"Six-week lecture series “in Mayfair” on Shakespeare’s plays (South London Chronicle, May 8, 1875, 3: BNA).",1875-05-01,1875-06-30,,month_range,FALSE,,lecture,FALSE,FALSE,Shakespeare,(unspecified),51.5074456,-0.1277653,town
271,1875,May 6,Lecture,Shakespeare,London,"Great Stanhope Street, Cowper-Temple’s residence; first in a series of morning lectures on Shakespeare (Uxbridge & W. Drayton Gazette, May 15, 1875, 7: BNA).",1875-05-06,1875-05-06,,day,TRUE,,lecture,FALSE,FALSE,Shakespeare,(unspecified),51.5074456,-0.1277653,town
272,1875,[June 28],Lecture,Othello,London,"22 Hyde Park Gardens; first in a series of lectures (John Bull, July 3, 1875, 10: BNA).",1875-06-28,1875-06-28,,day,FALSE,,lecture,FALSE,FALSE,Shakespeare,Othello,51.5074456,-0.1277653,town
273,1875,July 5,Lecture,Hamlet,London,"22 Hyde Park Gardens; second in a series of lectures (John Bull, July 3, 1875, 10; Hampstead & Highgate Express, July 3, 1875, 3: both BNA).",1875-07-05,1875-07-05,,day,TRUE,,lecture,FALSE,FALSE,Shakespeare,Hamlet,51.5074456,-0.1277653,town
274,1875,July 12,Lecture,Macbeth,London,"22 Hyde Park Gardens; third in a series of lectures (John Bull, July 3, 1875, 10; Hampstead & Highgate Express, July 3, 1875, 3: both BNA).",1875-07-12,1875-07-12,,day,TRUE,,lecture,FALSE,FALSE,Shakespeare,Macbeth,51.5074456,-0.1277653,town
275,1875,July 19,Lecture,King Lear,London,"22 Hyde Park Gardens; fourth in a series of lectures (John Bull, July 3, 1875, 10; Hampstead & Highgate Express, July 3, 1875, 3: both BNA).",1875-07-19,1875-07-19,,day,TRUE,,lecture,FALSE,FALSE,Shakespeare,King Lear,51.5074456,-0.1277653,town
276,1876,March 20,Lecture,Hamlet,London,"Queen’s Gate, South Kensington, residence of Lord Lawrence; first in a series of six lectures on Shakespeare (Athenaeum, March 11, 1876; April 8, 1876).",1876-03-20,1876-03-20,,day,TRUE,,lecture,FALSE,FALSE,Shakespeare,Hamlet,51.5074456,-0.1277653,town
277,1876,March 23,Lecture,The Tempest,London,"Queen’s Gate, South Kensington, residence of Lord Lawrence; second in a series of six lectures on Shakespeare (Athenaeum, March 11, 1876; April 8, 1876).",1876-03-23,1876-03-23,,day,TRUE,,lecture,FALSE,FALSE,Shakespeare,The Tempest,51.5074456,-0.1277653,town
278,1876,March 27,Lecture,Macbeth,London,"Queen’s Gate, South Kensington, residence of Lord Lawrence; third in a series of six lectures on Shakespeare (Athenaeum, March 11, 1876; April 8, 1876).",1876-03-27,1876-03-27,,day,TRUE,,lecture,FALSE,FALSE,Shakespeare,Macbeth,51.5074456,-0.1277653,town
279,1876,March 30,Lecture,Much Ado About Nothing,London,"Queen’s Gate, South Kensington, residence of Lord Lawrence; fourth in a series of six lectures on Shakespeare (Athenaeum, March 11, 1876; April 8, 1876).",1876-03-30,1876-03-30,,day,TRUE,,lecture,FALSE,FALSE,Shakespeare,Much Ado About Nothing,51.5074456,-0.1277653,town
280,1876,April 3,Lecture,Othello,London,"Queen’s Gate, South Kensington, residence of Lord Lawrence; fifth in a series of six lectures on Shakespeare (Athenaeum, March 11, 1876; April 8, 1876).",1876-04-03,1876-04-03,,day,TRUE,,lecture,FALSE,FALSE,Shakespeare,Othello,51.5074456,-0.1277653,town
281,1876,April 6,Lecture,Julius Caesar,London,"Queen’s Gate, South Kensington, residence of Lord Lawrence; sixth in a series of six lectures on Shakespeare (Athenaeum, March 11, 1876; April 8, 1876).",1876-04-06,1876-04-06,,day,TRUE,,lecture,FALSE,FALSE,Shakespeare,Julius Caesar,51.5074456,-0.1277653,town
282,1876,May 16,Lecture,Hamlet,London,"8 Palace Gardens, Kensington; first in a series of six lectures on “Hamlet: His Character and Conduct” on Fridays and Tuesdays beginning May 16 and ending June 2 (Hampstead & Highgate Express, May 13, 1876, 3: BNA; Academy, May 13, 1876, 3).",1876-05-16,1876-05-16,,day,TRUE,,lecture,FALSE,FALSE,Shakespeare,Hamlet,51.5074456,-0.1277653,town
283,1876,May 19,Lecture,Hamlet,London,"8 Palace Gardens; second in a series of six lectures on “Hamlet: His Character and Conduct” on Fridays and Tuesdays beginning May 16 and ending June 2 (Hampstead & Highgate Express, May 13, 1876, 3: BNA; Academy, May 13, 1876, 3).",1876-05-19,1876-05-19,,day,TRUE,,lecture,FALSE,FALSE,Shakespeare,Hamlet,51.5074456,-0.1277653,town
284,1876,May 23,Lecture,Hamlet,London,"8 Palace Gardens; third in a series of six lectures on “Hamlet: His Character and Conduct” on Fridays and Tuesdays beginning May 16 and ending June 2 (Hampstead & Highgate Express, May 13, 1876, 3: BNA; Academy, May 13, 1876, 3).",1876-05-23,1876-05-23,,day,TRUE,,lecture,FALSE,FALSE,Shakespeare,Hamlet,51.5074456,-0.1277653,town
285,1876,May 26,Lecture,Hamlet,London,"8 Palace Gardens; fourth in a series of six lectures on “Hamlet: His Character and Conduct” on Fridays and Tuesdays beginning May 16 and ending June 2 (Hampstead & Highgate Express, May 13, 1876, 3: BNA; Academy, May 13, 1876, 3).",1876-05-26,1876-05-26,,day,TRUE,,lecture,FALSE,FALSE,Shakespeare,Hamlet,51.5074456,-0.1277653,town
286,1876,May 30,Lecture,Hamlet,London,"8 Palace Gardens; fifth in a series of six lectures on “Hamlet: His Character and Conduct” on Fridays and Tuesdays beginning May 16 and ending June 2 (Hampstead & Highgate Express, May 13, 1876, 3: BNA; Academy, May 13, 1876, 3).",1876-05-30,1876-05-30,,day,TRUE,,lecture,FALSE,FALSE,Shakespeare,Hamlet,51.5074456,-0.1277653,town
287,1876,June 2,Lecture,Hamlet,London,"8 Palace Gardens; sixth in a series of six lectures on “Hamlet: His Character and Conduct” on Fridays and Tuesdays beginning May 16 and ending June 2 (Hampstead & Highgate Express, May 13, 1876, 3: BNA; Academy, May 13, 1876, 3).",1876-06-02,1876-06-02,,day,TRUE,,lecture,FALSE,FALSE,Shakespeare,Hamlet,51.5074456,-0.1277653,town
288,1876,July 10,Lecture,Spenser,London,"22 Hyde Park Gardens (Athenaeum, July 8, 1876, 33).",1876-07-10,1876-07-10,,day,TRUE,,lecture,FALSE,FALSE,Spenser,(unspecified),51.5074456,-0.1277653,town
289,1876,July 13,Lecture,Spenser,London,"22 Hyde Park Gardens (Athenaeum, July 8, 1876, 33).",1876-07-13,1876-07-13,,day,TRUE,,lecture,FALSE,FALSE,Spenser,(unspecified),51.5074456,-0.1277653,town
290,1876,July 17,Lecture,Sidney,London,"22 Hyde Park Gardens (Athenaeum, July 8, 1876, 33).",1876-07-17,1876-07-17,,day,TRUE,,lecture,FALSE,FALSE,Sidney,(unspecified),51.5074456,-0.1277653,town
291,1876,July 20,Lecture,John Donne,London,"22 Hyde Park Gardens; “Donne and others” (Athenaeum, July 8, 1876, 33).",1876-07-20,1876-07-20,,day,TRUE,,lecture,FALSE,FALSE,Donne,(unspecified),51.5074456,-0.1277653,town
292,1876,July 24,Lecture,Milton,London,"22 Hyde Park Gardens (Athenaeum, July 8, 1876, 33).",1876-07-24,1876-07-24,,day,TRUE,,lecture,FALSE,FALSE,Milton,(unspecified),51.5074456,-0.1277653,town
293,1876,July 27,Lecture,Milton,London,"22 Hyde Park Gardens (Athenaeum, July 8, 1876, 33).",1876-07-27,1876-07-27,,day,TRUE,,lecture,FALSE,FALSE,Milton,(unspecified),51.5074456,-0.1277653,town
294,1876,November 14,Performances,Illustrated Proverbs,Bournemouth,"Town Hall; “When greed comes in at the door, love flies out the window” and “A willful man will have his way”; morning and evening performances (Christchurch Times, November 18, 1876, 5: BNA).",1876-11-14,1876-11-14,,day,TRUE,,performance,FALSE,FALSE,Family entertainments,Illustrated Proverbs,50.7446718,-1.8579514,town
295,1876,November 28,Performances,Illustrated Proverbs,Bournemouth,"Town Hall; “When greed comes in at the door, love flies out the window” and “A willful man will have his way”; afternoon and evening performances (Christchurch Times, November 25, 1876, 4: BNA).",1876-11-28,1876-11-28,,day,TRUE,,performance,FALSE,FALSE,Family entertainments,Illustrated Proverbs,50.7446718,-1.8579514,town
296,1876,December 12,Performances,Illustrated Proverbs,Bournemouth,"Town Hall; “Handsome is as handsome does” and “Had it been a bear it would have bit you”; afternoon and evening performances (Christchurch Times, December 9, 1876, 5; Christchurch Times, December 16, 1876, 5: both BNA).",1876-12-12,1876-12-12,,day,TRUE,,performance,FALSE,FALSE,Family entertainments,Illustrated Proverbs,50.7446718,-1.8579514,town
297,1876,December 26,Performances,"Cinderella, Beauty and the Beast",Bournemouth,"Performed only by the children; morning and evening performances; performances to be on Boxing Day (Christchurch Times, December 23, 1876, 5: BNA).",1876-12-26,1876-12-26,,day,TRUE,,performance,FALSE,FALSE,Family entertainments|Family entertainments,Cinderella|Beauty and the Beast,50.7446718,-1.8579514,town
298,1877,January 30,Performance,unknown,Bournemouth,"(Christchurch Times, January 27, 1877, 5: BNA).",1877-01-30,1877-01-30,,day,TRUE,,performance,FALSE,FALSE,Unknown,(unknown),50.7446718,-1.8579514,town
299,1877,March 8,Performance,Pilgrim’s Progress 2,Christchurch,"First public performance of Pilgrim’s Progress 2, on date of MacDonald and Louisa’s 26th wedding anniversary; two performances (PP f.1; GMW 470; RJ).",1877-03-08,1877-03-08,,day,TRUE,,performance,FALSE,FALSE,Bunyan,"Pilgrim’s Progress, Part 2",50.7651081,-1.8145131,town
300,1877,March 13,Performance,Pilgrim’s Progress 2,Bournemouth,Two performances (PP f.1; RJ).,1877-03-13,1877-03-13,,day,TRUE,,performance,FALSE,FALSE,Bunyan,"Pilgrim’s Progress, Part 2",50.7446718,-1.8579514,town
301,1877,April 5,Performance,Pilgrim’s Progress 2,Romsey,"Town Hall (Salisbury and Winchester Journal, March 31, 1877, 7; Hampshire Advertiser, April 4, 1877, 2: both BNA; PP f.1; RJ).",1877-04-05,1877-04-05,,day,TRUE,,performance,FALSE,FALSE,Bunyan,"Pilgrim’s Progress, Part 2",50.9891396,-1.4999044,town
302,1877,April 7,Performance,Pilgrim’s Progress 2,Romsey,"Town Hall (Salisbury and Winchester Journal, March 31, 1877, 7; Hampshire Advertiser, April 4, 1877, 2: both BNA; PP f.1; RJ).",1877-04-07,1877-04-07,,day,TRUE,,performance,FALSE,FALSE,Bunyan,"Pilgrim’s Progress, Part 2",50.9891396,-1.4999044,town
303,1877,April 27,Performance,Pilgrim’s Progress 2,London,"8 Palace Gardens; “It is very well done” (Leicester Daily Post, April 30, 1877, 4: BNA; PP f.1; RJ).",1877-04-27,1877-04-27,,day,TRUE,,performance,FALSE,FALSE,Bunyan,"Pilgrim’s Progress, Part 2",51.5074456,-0.1277653,town
304,1877,April 28,Performance,Pilgrim’s Progress 2,London,"8 Palace Gardens (Leicester Daily Post, April 30, 1877, 4: BNA; PP f.1; RJ).",1877-04-28,1877-04-28,,day,TRUE,,performance,FALSE,FALSE,Bunyan,"Pilgrim’s Progress, Part 2",51.5074456,-0.1277653,town
305,1877,June 1,Performances,Pilgrim’s Progress 2,"Hammersmith, London","The Retreat, MacDonald’s residence; MacDonald list of performances suggests four performances in all [two performances] (PP f.1; RJ).",1877-06-01,1877-06-01,,day,TRUE,,performance,FALSE,FALSE,Bunyan,"Pilgrim’s Progress, Part 2",51.4920377,-0.2236401,town
306,1877,June 2,Performances,Pilgrim’s Progress 2,"Hammersmith, London","The Retreat, MacDonald’s residence; [two performances] (PP f.1; RJ).",1877-06-02,1877-06-02,,day,TRUE,,performance,FALSE,FALSE,Bunyan,"Pilgrim’s Progress, Part 2",51.4920377,-0.2236401,town
307,1877,June 8,Performance,Pilgrim’s Progress 2,London,"Grosvenor House, residence of Duke of Westminster; proceeds toward National Orphan Home for Girls; audience members included Lady Beatrice Grosvenor, Duchess of Sutherland, Duchess of Westminster, and Princess Louise; first time MacDonald played Great-heart; (Morning Post, June 4, 1877, 5; June 5, 1877, 1; Globe, June 11, 1877, 3: all BNA; PP f.1; RJ).",1877-06-08,1877-06-08,,day,TRUE,,performance,FALSE,FALSE,Bunyan,"Pilgrim’s Progress, Part 2",51.5074456,-0.1277653,town
308,1877,July 13,Lecture,Othello,London,"St. Aubyn’s Hall (Norwood News, July 7, 1877, 3: BNA).",1877-07-13,1877-07-13,,day,TRUE,,lecture,FALSE,FALSE,Shakespeare,Othello,51.5074456,-0.1277653,town
309,1877,July 19,Performance,Pilgrim’s Progress 2,London,"Portman Square, Lady Ducie’s (Morning Post, July 10, 1877, 1: BNA; PP f.1; RJ; Hare, vol. 5, 30).",1877-07-19,1877-07-19,,day,TRUE,,performance,FALSE,FALSE,Bunyan,"Pilgrim’s Progress, Part 2",51.5074456,-0.1277653,town
310,1877,July 20,Lecture,Tennyson,London,"St. Aubyn’s School Room, Lower Norwood (Norwood News, July 21, 1877, 3: BNA).",1877-07-20,1877-07-20,,day,TRUE,,lecture,FALSE,FALSE,Tennyson,(unspecified),51.5074456,-0.1277653,town
311,1877,[July 23],Performance,[Uncertain],London,"Langham Hall, Great Portland Street; possibly same performance as below (Morning Post, July 10, 1877, 1: BNA; RJ).",1877-07-23,1877-07-23,,day,FALSE,,performance,FALSE,FALSE,Unknown,(unknown),51.5074456,-0.1277653,town
312,1877,July 24,Performance,Pilgrim’s Progress 2,[London],"Langham Hall, Great Portland Street; possibly same performance as above (PP f.1; RJ).",1877-07-24,1877-07-24,,day,TRUE,,performance,FALSE,FALSE,Bunyan,"Pilgrim’s Progress, Part 2",51.5074456,-0.1277653,inferred
313,1877,July 27,Lecture,Hamlet,London,"Selhurst Road Congregational Church, South Norwood (Croydon Advertiser and East Surrey Reporter, July 21, 1877, 4; Norwood News, August 4, 1877, 5: both BNA).",1877-07-27,1877-07-27,,day,TRUE,,lecture,FALSE,FALSE,Shakespeare,Hamlet,51.5074456,-0.1277653,town
314,1877,December 8,Performance,The Tetterby’s,"Genova, ITL","Villa Novello, “A Domestic drama in three acts, taken from The Haunted Man by Charles Dickens” (playbill: BC and King’s College London Archives).",1877-12-08,1877-12-08,,day,TRUE,,performance,FALSE,FALSE,Dickens,The Tetterbys,44.4072600,8.9338624,town
315,1878,January 4,Performance,Pilgrim’s Progress 2,"Nervi, ITL",Villa Cattaneo; RJ has “January or March” (PP f.1; RJ).,1878-01-04,1878-01-04,,day,TRUE,,performance,FALSE,FALSE,Bunyan,"Pilgrim’s Progress, Part 2",44.3833121,9.0391295,town
316,1878,March 13,Performance,Pilgrim’s Progress 2,"Nervi, ITL",Villa Cattaneo; RJ has “January or March” (PP f.1; RJ).,1878-03-13,1878-03-13,,day,TRUE,,performance,FALSE,FALSE,Bunyan,"Pilgrim’s Progress, Part 2",44.3833121,9.0391295,town
317,1879,[April],Performance,Pilgrim’s Progress 2,"Portofino, ITL",“Porto Fino” in source (PP f.1).,1879-04-01,1879-04-30,,month,FALSE,,performance,FALSE,FALSE,Bunyan,"Pilgrim’s Progress, Part 2",44.3032530,9.2095582,town
318,1879,May [3],Performance,Pilgrim’s Progress 2,London,Welford House; possibly more than one performance but record is confusing (PP f.1; RJ).,1879-05-03,1879-05-03,,day,FALSE,,performance,FALSE,FALSE,Bunyan,"Pilgrim’s Progress, Part 2",51.5074456,-0.1277653,town
319,1879,May 21,Performance,Pilgrim’s Progress 2,London.,"Welford House, residence of Mr. King; afternoon performance (Hampstead & Highgate Express, May 17, 1879, 2: BNA)",1879-05-21,1879-05-21,,day,TRUE,,performance,FALSE,FALSE,Bunyan,"Pilgrim’s Progress, Part 2",51.5074456,-0.1277653,town
320,1879,May 23,Performance,Pilgrim’s Progress 2,London,"Welford House, residence of Mr. King; evening performance (Hampstead & Highgate Express, May 17, 1879, 2: BNA; PP f.1).",1879-05-23,1879-05-23,,day,TRUE,,performance,FALSE,FALSE,Bunyan,"Pilgrim’s Progress, Part 2",51.5074456,-0.1277653,town
321,1879,June 10,Performance,Pilgrim’s Progress 2,London,Clapham Hall; hosted by Mrs. Stephen Ralli (PP f.1; RJ).,1879-06-10,1879-06-10,,day,TRUE,,performance,FALSE,FALSE,Bunyan,"Pilgrim’s Progress, Part 2",51.5074456,-0.1277653,town
322,1879,June 12,Performance,Pilgrim’s Progress 2,Woodford,(PP f.1; RJ).,1879-06-12,1879-06-12,,day,TRUE,,performance,FALSE,FALSE,Bunyan,"Pilgrim’s Progress, Part 2",51.6041652,0.0324525,town
323,1879,June 13,Performance,Pilgrim’s Progress 2,Woodford,(PP f.1; RJ).,1879-06-13,1879-06-13,,day,TRUE,,performance,FALSE,FALSE,Bunyan,"Pilgrim’s Progress, Part 2",51.6041652,0.0324525,town
324,1879,June 17,Performance,Pilgrim’s Progress 2,Southam,Ladbroke Hall (PP f.1; RJ).,1879-06-17,1879-06-17,,day,TRUE,,performance,FALSE,FALSE,Bunyan,"Pilgrim’s Progress, Part 2",52.2530940,-1.3884119,town
325,1879,June 19,Performance,Pilgrim’s Progress 2,unknown,Eyre Arms (PP f.1; RJ).,1879-06-19,1879-06-19,,day,TRUE,,performance,FALSE,FALSE,Bunyan,"Pilgrim’s Progress, Part 2",,,unmappable
326,1879,June 20,Performance,Pilgrim’s Progress 2,Stoke Newington,(PP f.1; RJ).,1879-06-20,1879-06-20,,day,TRUE,,performance,FALSE,FALSE,Bunyan,"Pilgrim’s Progress, Part 2",51.5578698,-0.0822482,town
327,1879,June 24,Performance,Pilgrim’s Progress 2,Southam,Ladbroke Hall (PP f.1).,1879-06-24,1879-06-24,,day,TRUE,,performance,FALSE,FALSE,Bunyan,"Pilgrim’s Progress, Part 2",52.2530940,-1.3884119,town
328,1879,June 25,Performance,Pilgrim’s Progress 2,London,"Allen Street, Kensington (PP f.1; RJ).",1879-06-25,1879-06-25,,day,TRUE,,performance,FALSE,FALSE,Bunyan,"Pilgrim’s Progress, Part 2",51.5074456,-0.1277653,town
329,1879,June 26,Performance,Pilgrim’s Progress 2,unknown,Eyre Arms (PP f.1).,1879-06-26,1879-06-26,,day,TRUE,,performance,FALSE,FALSE,Bunyan,"Pilgrim’s Progress, Part 2",,,unmappable
330,1879,[July],Performance,Pilgrim’s Progress 2,Newcastle,"MacDonald as Great-heart, Louisa as Christiana (Newcastle Courant, August 1, 1879, 3: BNA).",1879-07-01,1879-07-31,,month,FALSE,,performance,FALSE,FALSE,Bunyan,"Pilgrim’s Progress, Part 2",54.9738474,-1.6131572,town
331,1879,July 10,Performance,Pilgrim’s Progress 2,"Highgate, London",(PP f.1; RJ).,1879-07-10,1879-07-10,,day,TRUE,,performance,FALSE,FALSE,Bunyan,"Pilgrim’s Progress, Part 2",51.5706446,-0.1492397,town
332,1879,July 14,Performance,Pilgrim’s Progress 2,"Hampstead, London",Vestry Hall (PP f.1; RJ).,1879-07-14,1879-07-14,,day,TRUE,,performance,FALSE,FALSE,Bunyan,"Pilgrim’s Progress, Part 2",51.5565300,-0.1783011,town
333,1879,July 21,Performance,Pilgrim’s Progress 2,London,"Langham Hall, Great Portland Street; according to RJ, “three performances” (Glasgow Evening Citizen, July 26, 1879, 2: BNA; PP f.1; RJ).",1879-07-21,1879-07-21,,day,TRUE,,performance,FALSE,FALSE,Bunyan,"Pilgrim’s Progress, Part 2",51.5074456,-0.1277653,town
334,1879,July 22,Performance,Pilgrim’s Progress 2,London,"Langham Hall, Great Portland Street (Glasgow Evening Citizen, July 26, 1879, 2: BNA; PP f.1; RJ).",1879-07-22,1879-07-22,,day,TRUE,,performance,FALSE,FALSE,Bunyan,"Pilgrim’s Progress, Part 2",51.5074456,-0.1277653,town
335,1879,July 23,Performance,Pilgrim’s Progress 2,London,"Langham Hall, Great Portland Street (Glasgow Evening Citizen, July 26, 1879, 2: BNA; PP f.1; RJ).",1879-07-23,1879-07-23,,day,TRUE,,performance,FALSE,FALSE,Bunyan,"Pilgrim’s Progress, Part 2",51.5074456,-0.1277653,town
336,1879,August 18,Lecture,Hamlet,Newcastle,"Town Hall; “to be or not to be” soliloquy not about suicide; article stresses MacDonald’s importance as human and moral voice (Shields Daily Gazette, August 19, 1879, 2; Newcastle Courant, August 22, 1879, 8: both BNA).",1879-08-18,1879-08-18,,day,TRUE,,lecture,FALSE,FALSE,Shakespeare,Hamlet,54.9738474,-1.6131572,town
337,1879,September 8,Performance,Pilgrim’s Progress 2,Droitwich,(PP f.1; RJ).,1879-09-08,1879-09-08,,day,TRUE,,performance,FALSE,FALSE,Bunyan,"Pilgrim’s Progress, Part 2",52.2685100,-2.1486075,town
338,1879,September [9-19],Performance,Pilgrim’s Progress 2,Bedford,Beford House (PP f.1).,1879-09-09,1879-09-19,,day_range,FALSE,,performance,FALSE,FALSE,Bunyan,"Pilgrim’s Progress, Part 2",52.1363806,-0.4675041,town
339,1879,September 20,Performance,Pilgrim’s Progress 2,Malvern,(PP f.1; RJ).,1879-09-20,1879-09-20,,day,TRUE,,performance,FALSE,FALSE,Bunyan,"Pilgrim’s Progress, Part 2",52.1159559,-2.3258985,town
340,1879,September 22,Performance,Pilgrim’s Progress 2,Cheltenham,"Corn Exchange (Gloucester Citizen, September 23, 1879, 2; Gloucestershire Chronicle, September 27, 1879, 6: both BNA; PP f.1; RJ).",1879-09-22,1879-09-22,,day,TRUE,,performance,FALSE,FALSE,Bunyan,"Pilgrim’s Progress, Part 2",51.8995685,-2.0711559,town
341,1879,September 23,Lecture,Macbeth,London,"Westminster Chapel, James Street; “On the Moral Drift of ‘Macbeth’” (London Evening Standard, September 19, 1879, 1: BNA).",1879-09-23,1879-09-23,,day,TRUE,,lecture,FALSE,FALSE,Shakespeare,Macbeth,51.5074456,-0.1277653,town
342,1879,September 24,Lecture,Tennyson,"Croydon, London","Thornton Heath Congregational Church; “The Lyrics of Tennyson” (Croydon Chronicle and East Surrey Advertiser, September 13, 1879, 4; Croydon Guardian and Surrey County Gazette, September 20, 1879, 4: both BNA).",1879-09-24,1879-09-24,,day,TRUE,,lecture,FALSE,FALSE,Tennyson,(unspecified),51.3713049,-0.1019570,town
343,1879,September 26,Performance,Pilgrim’s Progress 2,Nottingham,"Albert Hall; neither PP nor RJ mention more than one performance in Nottingham (Nottinghamshire Guardian, October 3, 1879, 5: BNA; PP f.1; RJ).",1879-09-26,1879-09-26,,day,TRUE,,performance,FALSE,FALSE,Bunyan,"Pilgrim’s Progress, Part 2",52.9534193,-1.1496461,town
344,1879,September 30,Performance,Pilgrim’s Progress 2,Nottingham,"Albert Hall; neither PP nor RJ mention more than one performance in Nottingham (Nottingham Journal, September 10, 1879, 4: BNA; PP f.1; RJ).",1879-09-30,1879-09-30,,day,TRUE,,performance,FALSE,FALSE,Bunyan,"Pilgrim’s Progress, Part 2",52.9534193,-1.1496461,town
345,1879,[October],Lecture,King Lear,London,"“Dr. George MacDonald has been lecturing in London on ‘The Moral Drift of the Play of King Lear’”; (Dundee Courier, October 14, 1879, 3: BNA).",1879-10-01,1879-10-31,,month,FALSE,,lecture,FALSE,FALSE,Shakespeare,King Lear,51.5074456,-0.1277653,town
346,1879,October 3,Performance,Pilgrim’s Progress 2,Wigston Magna,(PP f.1; RJ).,1879-10-03,1879-10-03,,day,TRUE,,performance,FALSE,FALSE,Bunyan,"Pilgrim’s Progress, Part 2",52.5862795,-1.1059076,town
347,1879,October 7,Lecture,Macbeth,London,"Lecture room on Queen’s Road, Forest Hill; commencement of Forest Hill Discussion Society’s season (South London Press, October 11, 1879, 12: BNA).",1879-10-07,1879-10-07,,day,TRUE,,lecture,FALSE,FALSE,Shakespeare,Macbeth,51.5074456,-0.1277653,town
348,1879,October 9,Performance,Pilgrim’s Progress 2,Leicester,Country house; private performance in which the MacDonalds were served dinner upstairs and not presented to guests (treated “like mountebanks of sorts”) (Leicester 180).,1879-10-09,1879-10-09,,day,TRUE,,performance,FALSE,FALSE,Bunyan,"Pilgrim’s Progress, Part 2",52.6362000,-1.1331969,town
349,1879,October 10,Performance,Pilgrim’s Progress 2,Leicester,"Art Gallery of Lecture Hall Museum Building; MacDonald as Great-heart and Lilia as Christiana (Leicester Journal, October 3, 1879: BC; Leicester 178-180).",1879-10-10,1879-10-10,,day,TRUE,,performance,FALSE,FALSE,Bunyan,"Pilgrim’s Progress, Part 2",52.6362000,-1.1331969,town
350,1879,October 13,Lecture,Hamlet,Nottingham,"Commencement of St. Thomas’ Mutual Improvement Association season; “The Moral Drift of the Play of Hamlet”; Hamlet lost faith in women (Nottinghamshire Guardian, October 17, 1879, 5: BNA).",1879-10-13,1879-10-13,,day,TRUE,,lecture,FALSE,FALSE,Shakespeare,Hamlet,52.9534193,-1.1496461,town
351,1879,October 14,Performance,Pilgrim’s Progress 2,Birmingham,"Opening night session of Perry Barr Institute; “Dramatic Illustrations of Passages from Pilgrim’s Progress”; MacDonald was President of Perry Barr Institute (Barr, 1879-1880, 7; PP f.1; RJ).",1879-10-14,1879-10-14,,day,TRUE,,performance,FALSE,FALSE,Bunyan,"Pilgrim’s Progress, Part 2",52.4948994,-1.8518439,town
352,1879,October 16,Lecture,King Lear,Hanley,"Hosted by North Staffordshire Museum and Potteries Mechanics’ Institution; “The Moral Drift of the Play of King Lear”; opening lecture of season (Staffordshire Sentinel and Commercial & General Advertiser, October 11, 1879, 1: BNA).",1879-10-16,1879-10-16,,day,TRUE,,lecture,FALSE,FALSE,Shakespeare,King Lear,53.0261110,-2.1754512,town
353,1879,October 17,Performances,Pilgrim’s Progress 2,Edgbaston,"Plough and Harrow Hotel; two performances (Birmingham Daily News, October 11, 1879, 4: BNA; PP f.1; RJ).",1879-10-17,1879-10-17,,day,TRUE,,performance,FALSE,FALSE,Bunyan,"Pilgrim’s Progress, Part 2",52.4709941,-1.9225861,town
354,1879,October 18,Performances,Pilgrim’s Progress 2,Edgbaston,"Plough and Harrow Hotel; two performances (Birmingham Daily News, October 11, 1879, 4: BNA; PP f.1; RJ).",1879-10-18,1879-10-18,,day,TRUE,,performance,FALSE,FALSE,Bunyan,"Pilgrim’s Progress, Part 2",52.4709941,-1.9225861,town
355,1879,October 21,Performance,,Harbourne,(PP f.1).,1879-10-21,1879-10-21,,day,TRUE,,performance,FALSE,FALSE,Unknown,(unknown),52.4591151,-1.9480763,town
356,1879,[October 22-25],Performances,Pilgrim’s Progress 2,Birmingham,RJ lists four performances in Birmingham after Harbourne and before Bedford (RJ).,1879-10-22,1879-10-25,,day_range,FALSE,,performance,FALSE,FALSE,Bunyan,"Pilgrim’s Progress, Part 2",52.4948994,-1.8518439,town
357,1879,October 25,Performances,Pilgrim’s Progress 2,Bedford,"Bedford Rooms; two performances; “Bunyan’s own town of Bedford is to have a visit from the gifted family” (Bedfordshire Mercury, October 18, 1879, 1: BNA; PP, f.1; RJ).",1879-10-25,1879-10-25,,day,TRUE,,performance,FALSE,FALSE,Bunyan,"Pilgrim’s Progress, Part 2",52.1363806,-0.4675041,town
358,1879,October 27,Performance,Pilgrim’s Progress 2,"Islington, London",Middleton (Myddelton) Hall (PP f.1; RJ).,1879-10-27,1879-10-27,,day,TRUE,,performance,FALSE,FALSE,Bunyan,"Pilgrim’s Progress, Part 2",51.5384287,-0.0999051,town
359,1879,October 28,Lecture,Hamlet,"Anerley, London","Congregational Church; “The Moral Drift of Hamlet”; disagrees with some aspects of Henry Irving’s portrayal of Hamlet (Norwood News, October 25, 1879, 2; November 1, 1879, 6: both BNA).",1879-10-28,1879-10-28,,day,TRUE,,lecture,FALSE,FALSE,Shakespeare,Hamlet,51.4088267,-0.0611263,town
360,1879,October 29,Performance,Pilgrim’s Progress 2,"Wood Green, London",(PP f.1; RJ).,1879-10-29,1879-10-29,,day,TRUE,,performance,FALSE,FALSE,Bunyan,"Pilgrim’s Progress, Part 2",51.5972054,-0.1099585,town
361,1879,October 30,Performance,Pilgrim’s Progress 2,"Enfield, London",(PP f.1; RJ).,1879-10-30,1879-10-30,,day,TRUE,,performance,FALSE,FALSE,Bunyan,"Pilgrim’s Progress, Part 2",51.6520851,-0.0810175,town
362,1879,November 1,Performance,Pilgrim’s Progress 2,Bedford,"Bedford Rooms (Bedfordshire Mercury, October 25, 1879, 8: BNA).",1879-11-01,1879-11-01,,day,TRUE,,performance,FALSE,FALSE,Bunyan,"Pilgrim’s Progress, Part 2",52.1363806,-0.4675041,town
363,1879,November 11,Performance,Pilgrim’s Progress 2,Cambridge,"Guildhall; hosted by Young Men’s Christian Association (Cambridge Independent Press, October 25, 1879, 8: BNA; PP f.1; RJ).",1879-11-11,1879-11-11,,day,TRUE,,performance,FALSE,FALSE,Bunyan,"Pilgrim’s Progress, Part 2",52.1975846,0.1391537,town
364,1879,November 12,Performance,Pilgrim’s Progress 2,Cambridge,(PP f.1; RJ).,1879-11-12,1879-11-12,,day,TRUE,,performance,FALSE,FALSE,Bunyan,"Pilgrim’s Progress, Part 2",52.1975846,0.1391537,town
365,1879,November 18,Performance,Pilgrim’s Progress 2,[London],"City Temple (Dundee Evening Telegraph, December 1, 1879, 4: BNA; PP f.1; RJ).",1879-11-18,1879-11-18,,day,TRUE,,performance,FALSE,FALSE,Bunyan,"Pilgrim’s Progress, Part 2",51.5074456,-0.1277653,inferred
366,1879,November 24,Performance,Pilgrim’s Progress 2,Norwood,(PP f.1; RJ).,1879-11-24,1879-11-24,,day,TRUE,,performance,FALSE,FALSE,Bunyan,"Pilgrim’s Progress, Part 2",53.9744583,-1.6765656,town
367,1880,January 5,Performance,Pilgrim’s Progress 2,Bournemouth,"Hanbury, the residence of Mrs. Culling Hawking (PP f.2; RJ).",1880-01-05,1880-01-05,,day,TRUE,,performance,FALSE,FALSE,Bunyan,"Pilgrim’s Progress, Part 2",50.7446718,-1.8579514,town
368,1880,January 6,Performance,Pilgrim’s Progress 2,Bournemouth,"Hanbury, the residence of Mrs. Culling Hawking (PP f.2; RJ).",1880-01-06,1880-01-06,,day,TRUE,,performance,FALSE,FALSE,Bunyan,"Pilgrim’s Progress, Part 2",50.7446718,-1.8579514,town
369,1880,January 23,Performances,Pilgrim’s Progress 2,Bournemouth,Town Hall; two performances (PP f.2; RJ).,1880-01-23,1880-01-23,,day,TRUE,,performance,FALSE,FALSE,Bunyan,"Pilgrim’s Progress, Part 2",50.7446718,-1.8579514,town
370,1880,February 7,Performances,Pilgrim’s Progress 2,Southampton,Two performances in the day (PP f.2; RJ).,1880-02-07,1880-02-07,,day,TRUE,,performance,FALSE,FALSE,Bunyan,"Pilgrim’s Progress, Part 2",50.9025349,-1.4041890,town
371,1880,May 24,Lecture,Milton,London,"Welford House; “Milton, the Poet”; first of three lectures (Hampstead & Highgate Express, May 15, 1880, 2: BNA).",1880-05-24,1880-05-24,,day,TRUE,,lecture,FALSE,FALSE,Milton,(unspecified),51.5074456,-0.1277653,town
372,1880,May 26,Lecture,Milton,London,"22 Hyde Park Gardens; first in a series of six lectures on English literature given Wednesdays (London Daily News, May 25, 1880, 1; Aberdeen Free Press, May 24, 1880, 5: both BNA).",1880-05-26,1880-05-26,,day,TRUE,,lecture,FALSE,FALSE,Milton,(unspecified),51.5074456,-0.1277653,town
373,1880,May 28,Performance,The Tetterby’s and Obstinacy,London,"Steinway Hall, Portman-square; afternoon performance, including “other light pieces” (London Daily News, May 25, 1880, 1: BNA).",1880-05-28,1880-05-28,,day,TRUE,,performance,FALSE,FALSE,Dickens|Family entertainments,The Tetterbys|Obstinacy,51.5074456,-0.1277653,town
374,1880,May 28,Performance,Pilgrim’s Progress 2,London,"Steinway Hall, Portman-square (London Daily News, May 25, 1880, 1: BNA; PP f.2; RJ).",1880-05-28,1880-05-28,,day,TRUE,,performance,FALSE,FALSE,Bunyan,"Pilgrim’s Progress, Part 2",51.5074456,-0.1277653,town
375,1880,May 29,Performance,Pilgrim’s Progress 2,London,"Steinway Hall, Portman-square (London Daily News, May 25, 1880, 1: BNA; PP f.2; RJ).",1880-05-29,1880-05-29,,day,TRUE,,performance,FALSE,FALSE,Bunyan,"Pilgrim’s Progress, Part 2",51.5074456,-0.1277653,town
376,1880,May 31,Lecture,Browning,London,"Welford House; “How to Read Browning”; second of three lectures (Hampstead & Highgate Express, May 15, 1880, 2: BNA).",1880-05-31,1880-05-31,,day,TRUE,,lecture,FALSE,FALSE,Browning,(unspecified),51.5074456,-0.1277653,town
377,1880,June 2,Lecture,King Lear,London,"22 Hyde Park Gardens; second in a series of six lectures on English literature given Wednesdays (London Daily News, May 25, 1880, 1; Aberdeen Free Press, May 24, 1880, 5: both BNA).",1880-06-02,1880-06-02,,day,TRUE,,lecture,FALSE,FALSE,Shakespeare,King Lear,51.5074456,-0.1277653,town
378,1880,June 4,Performance,The Tetterby’s and Obstinacy,London,"Steinway Hall, Portman-square; afternoon performance, including “other light pieces” (London Daily News, May 25, 1880, 1: BNA).",1880-06-04,1880-06-04,,day,TRUE,,performance,FALSE,FALSE,Dickens|Family entertainments,The Tetterbys|Obstinacy,51.5074456,-0.1277653,town
379,1880,June 4,Performance,Pilgrim’s Progress 2,London,"Steinway Hall, Portman-square (London Daily News, May 25, 1880, 1: BNA; PP f.2).",1880-06-04,1880-06-04,,day,TRUE,,performance,FALSE,FALSE,Bunyan,"Pilgrim’s Progress, Part 2",51.5074456,-0.1277653,town
380,1880,June 5,Performance,Pilgrim’s Progress 2,London,"Steinway Hall, Portman-square (London Daily News, May 25, 1880, 1: BNA; PP f.2).",1880-06-05,1880-06-05,,day,TRUE,,performance,FALSE,FALSE,Bunyan,"Pilgrim’s Progress, Part 2",51.5074456,-0.1277653,town
381,1880,June 7,Lecture,Tennyson,London,"Welford House; “Lyrical Poetry and Tennyson”; third of three lectures (Hampstead & Highgate Express, May 15, 1880, 2: BNA).",1880-06-07,1880-06-07,,day,TRUE,,lecture,FALSE,FALSE,Tennyson,(unspecified),51.5074456,-0.1277653,town
382,1880,June 9,Lecture,Browning,London,"22 Hyde Park Gardens; third in a series of six lectures on English literature given Wednesdays (London Daily News, May 25, 1880, 1; Aberdeen Free Press, May 24, 1880, 5: both BNA).",1880-06-09,1880-06-09,,day,TRUE,,lecture,FALSE,FALSE,Browning,(unspecified),51.5074456,-0.1277653,town
383,1880,June 11,Performance,The Tetterby’s and Obstinacy,London,"Steinway Hall, Portman-square; afternoon performance, including “other light pieces” (London Daily News, May 25, 1880, 1: BNA).",1880-06-11,1880-06-11,,day,TRUE,,performance,FALSE,FALSE,Dickens|Family entertainments,The Tetterbys|Obstinacy,51.5074456,-0.1277653,town
384,1880,June 11,Performance,Pilgrim’s Progress 2,London,"Steinway Hall; evening performance (London Daily News, June 9, 1880, 1: BNA; PP f.2).",1880-06-11,1880-06-11,,day,TRUE,,performance,FALSE,FALSE,Bunyan,"Pilgrim’s Progress, Part 2",51.5074456,-0.1277653,town
385,1880,June 12,Performance,Pilgrim’s Progress 2,London,"Steinway Hall, Portman-square; two performances according to MacDonald family list (London Daily News, June 9, 1880, 1: BNA; PP f.2).",1880-06-12,1880-06-12,,day,TRUE,,performance,FALSE,FALSE,Bunyan,"Pilgrim’s Progress, Part 2",51.5074456,-0.1277653,town
386,1880,June 14,Lecture,Browning,London,"Welford House; “How to Read Browning”; last in lecture series on poetry (Hampstead & Highgate Express, June 19, 1880, 3: BNA).",1880-06-14,1880-06-14,,day,TRUE,,lecture,FALSE,FALSE,Browning,(unspecified),51.5074456,-0.1277653,town
387,1880,June 16,Lecture,The Tempest,London,"22 Hyde Park Gardens; fourth in a series of six lectures on English literature given Wednesdays (London Daily News, May 25, 1880, 1; Aberdeen Free Press, May 24, 1880, 5: both BNA).",1880-06-16,1880-06-16,,day,TRUE,,lecture,FALSE,FALSE,Shakespeare,The Tempest,51.5074456,-0.1277653,town
388,1880,June 18,Performance,The Tetterby’s and Obstinacy,London,"Steinway Hall, Portman-square; afternoon performance, including “other light pieces” (London Daily News, May 25, 1880, 1: BNA).",1880-06-18,1880-06-18,,day,TRUE,,performance,FALSE,FALSE,Dickens|Family entertainments,The Tetterbys|Obstinacy,51.5074456,-0.1277653,town
389,1880,June 18,Performance,Pilgrim’s Progress 2,London,"Steinway Hall, Portman-square; evening performance (London Daily News, June 9, 1880, 1: BNA; PP f.2).",1880-06-18,1880-06-18,,day,TRUE,,performance,FALSE,FALSE,Bunyan,"Pilgrim’s Progress, Part 2",51.5074456,-0.1277653,town
390,1880,June 19,Performances,Pilgrim’s Progress 2,London,"Steinway Hall, Portman-square; two performances according to MacDonald family list (London Daily News, May 25, 1880, 1: BNA; PP f.2).",1880-06-19,1880-06-19,,day,TRUE,,performance,FALSE,FALSE,Bunyan,"Pilgrim’s Progress, Part 2",51.5074456,-0.1277653,town
391,1880,June 23,Lecture,Tennyson,London,"22 Hyde Park Gardens; fifth in a series of six lectures on English literature given Wednesdays (London Daily News, May 25, 1880, 1; Aberdeen Free Press, May 24, 1880, 5: both BNA).",1880-06-23,1880-06-23,,day,TRUE,,lecture,FALSE,FALSE,Tennyson,(unspecified),51.5074456,-0.1277653,town
392,1880,June 25,Performance,The Tetterby’s and Obstinacy,London,"Steinway Hall, Portman-square; afternoon performance, including “other light pieces” (London Daily News, May 25, 1880, 1: BNA).",1880-06-25,1880-06-25,,day,TRUE,,performance,FALSE,FALSE,Dickens|Family entertainments,The Tetterbys|Obstinacy,51.5074456,-0.1277653,town
393,1880,June 25,Performance,Pilgrim’s Progress 2,London,"Steinway Hall, Portman-square; evening performance (London Daily News, May 25, 1880, 1: BNA; PP f.2).",1880-06-25,1880-06-25,,day,TRUE,,performance,FALSE,FALSE,Bunyan,"Pilgrim’s Progress, Part 2",51.5074456,-0.1277653,town
394,1880,June 26,Performances,Pilgrim’s Progress 2,London,"Steinway Hall, Portman-square; two performances according to MacDonald family list (London Daily News, May 25, 1880, 1: BNA; PP f.2).",1880-06-26,1880-06-26,,day,TRUE,,performance,FALSE,FALSE,Bunyan,"Pilgrim’s Progress, Part 2",51.5074456,-0.1277653,town
395,1880,June 30,Lecture,Timon of Athens,London,"22 Hyde Park Gardens; sixth in a series of six lectures on English literature given Wednesdays (London Daily News, May 25, 1880, 1; Aberdeen Free Press, May 24, 1880, 5: both BNA).",1880-06-30,1880-06-30,,day,TRUE,,lecture,FALSE,FALSE,Shakespeare,Timon of Athens,51.5074456,-0.1277653,town
396,1880,July 2,Performance,Pilgrim’s Progress 2,London,Steinway Hall (PP f.2).,1880-07-02,1880-07-02,,day,TRUE,,performance,FALSE,FALSE,Bunyan,"Pilgrim’s Progress, Part 2",51.5074456,-0.1277653,town
397,1880,July 3,Performances,Pilgrim’s Progress 2,London,Steinway Hall; two performances (PP f.2).,1880-07-03,1880-07-03,,day,TRUE,,performance,FALSE,FALSE,Bunyan,"Pilgrim’s Progress, Part 2",51.5074456,-0.1277653,town
398,1880,July 6,Lecture,Wordsworth,"Hendon, London","Highfield, Golders Green; Miss Metcalfe’s residence; “The Teaching and Poetic Theory of Wordsworth” (Hampstead & Highgate Express, June 26, 1880, 2-3: BNA).",1880-07-06,1880-07-06,,day,TRUE,,lecture,FALSE,FALSE,Wordsworth,(unspecified),51.5897175,-0.2216026,town
399,1880,July 8,Performance,Pilgrim’s Progress 2,Reigate,(PP f.2; RJ).,1880-07-08,1880-07-08,,day,TRUE,,performance,FALSE,FALSE,Bunyan,"Pilgrim’s Progress, Part 2",51.2376557,-0.2057067,town
400,1880,July 9,Performance,Pilgrim’s Progress 2,London,Steinway Hall (PP f.2).,1880-07-09,1880-07-09,,day,TRUE,,performance,FALSE,FALSE,Bunyan,"Pilgrim’s Progress, Part 2",51.5074456,-0.1277653,town
401,1880,July 10,Performances,Pilgrim’s Progress 2,London,Steinway Hall; two performances (PP f.2).,1880-07-10,1880-07-10,,day,TRUE,,performance,FALSE,FALSE,Bunyan,"Pilgrim’s Progress, Part 2",51.5074456,-0.1277653,town
402,1880,July 13,Performance,Pilgrim’s Progress 2,Bedwell Park,(PP f.2; RJ).,1880-07-13,1880-07-13,,day,TRUE,,performance,FALSE,FALSE,Bunyan,"Pilgrim’s Progress, Part 2",51.7620735,-0.1629120,town
403,1880,July 14,Performance,Pilgrim’s Progress 2,Bedwell Park,(PP f.2; RJ).,1880-07-14,1880-07-14,,day,TRUE,,performance,FALSE,FALSE,Bunyan,"Pilgrim’s Progress, Part 2",51.7620735,-0.1629120,town
404,1880,July 15,Performance,Pilgrim’s Progress 2,"Bedford Park, Chiswick",(PP f.2; RJ).,1880-07-15,1880-07-15,,day,TRUE,,performance,FALSE,FALSE,Bunyan,"Pilgrim’s Progress, Part 2",51.4982412,-0.2557924,town
405,1880,July 16,Performance,Pilgrim’s Progress 2,London,Steinway Hall (PP f.2).,1880-07-16,1880-07-16,,day,TRUE,,performance,FALSE,FALSE,Bunyan,"Pilgrim’s Progress, Part 2",51.5074456,-0.1277653,town
406,1880,July 17,Performances,Pilgrim’s Progress 2,London,Steinway Hall; two performances (PP f.2).,1880-07-17,1880-07-17,,day,TRUE,,performance,FALSE,FALSE,Bunyan,"Pilgrim’s Progress, Part 2",51.5074456,-0.1277653,town
407,1880,July 27,Performance,Pilgrim’s Progress 2,Westminster,(PP f.2; RJ).,1880-07-27,1880-07-27,,day,TRUE,,performance,FALSE,FALSE,Bunyan,"Pilgrim’s Progress, Part 2",51.5004439,-0.1265398,town
408,1880,July 29,Performance,Pilgrim’s Progress 2,Norwich,"Noverre’s Rooms; MacDonald as Great-heart (Norfolk News, August 7, 1880, 7: BNA; PP f.2; RJ).",1880-07-29,1880-07-29,,day,TRUE,,performance,FALSE,FALSE,Bunyan,"Pilgrim’s Progress, Part 2",52.6285576,1.2923954,town
409,1880,July 30,Lecture,Hamlet,Norwich,"Noverre’s Rooms (Norfolk News, July 3, 1880, 3; August 7, 1880, 7: both BNA).",1880-07-30,1880-07-30,,day,TRUE,,lecture,FALSE,FALSE,Shakespeare,Hamlet,52.6285576,1.2923954,town
410,1880,August 23,Performances,Pilgrim’s Progress 2,Ilkley,Two performances (PP f.2; RJ).,1880-08-23,1880-08-23,,day,TRUE,,performance,FALSE,FALSE,Bunyan,"Pilgrim’s Progress, Part 2",53.9257254,-1.8244410,town
411,1880,August 26,Performance,Pilgrim’s Progress 2,Saltaire,(PP f.2; RJ).,1880-08-26,1880-08-26,,day,TRUE,,performance,FALSE,FALSE,Bunyan,"Pilgrim’s Progress, Part 2",53.8371089,-1.7906734,town
412,1880,August 28,Performance,Pilgrim’s Progress 2,Ben Rhydding,Sources have “Ben Rydding” (PP f.2; RJ).,1880-08-28,1880-08-28,,day,TRUE,,performance,FALSE,FALSE,Bunyan,"Pilgrim’s Progress, Part 2",53.9236684,-1.7977037,town
413,1880,August 30,Performance,Pilgrim’s Progress 2,Ilkley,(PP f.2; RJ).,1880-08-30,1880-08-30,,day,TRUE,,performance,FALSE,FALSE,Bunyan,"Pilgrim’s Progress, Part 2",53.9257254,-1.8244410,town
414,1880,September 3,Performance,Pilgrim’s Progress 2,Harrogate,"Octavia Hill portrayed Piety in place of Grace, who was ill (Hill 438-39; PP f.2; RJ).",1880-09-03,1880-09-03,,day,TRUE,,performance,FALSE,FALSE,Bunyan,"Pilgrim’s Progress, Part 2",53.9921491,-1.5391039,town
415,1880,September 21,Performance,Pilgrim’s Progress 2,Bradford,(PP f.2; RJ).,1880-09-21,1880-09-21,,day,TRUE,,performance,FALSE,FALSE,Bunyan,"Pilgrim’s Progress, Part 2",53.7944229,-1.7519186,town
416,1880,September [21],Performance,Pilgrim’s Progress 2,York,PP has separate entries for both Bradford and York on the same day (PP f.2; RJ).,1880-09-21,1880-09-21,,day,FALSE,,performance,FALSE,FALSE,Bunyan,"Pilgrim’s Progress, Part 2",53.9656579,-1.0743052,town
417,1880,September 27,Performance,Pilgrim’s Progress 2,Leeds,(PP f.2; RJ).,1880-09-27,1880-09-27,,day,TRUE,,performance,FALSE,FALSE,Bunyan,"Pilgrim’s Progress, Part 2",53.7974185,-1.5437941,town
418,1880,September 30,Performance,Pilgrim’s Progress 2,Liverpool,(PP f.2; RJ).,1880-09-30,1880-09-30,,day,TRUE,,performance,FALSE,FALSE,Bunyan,"Pilgrim’s Progress, Part 2",53.3933411,-2.9166389,town
419,1880,October 5,Performance,Pilgrim’s Progress 2,Wrexham,"Public Hall (Wrexham Advertiser, September 25, 1880, 4: BNA; PP f.2; RJ).",1880-10-05,1880-10-05,,day,TRUE,,performance,FALSE,FALSE,Bunyan,"Pilgrim’s Progress, Part 2",53.0465084,-2.9937869,town
420,1880,October 6,Performances,Pilgrim’s Progress 2,Chester,Two performances in the day (PP f.2; RJ).,1880-10-06,1880-10-06,,day,TRUE,,performance,FALSE,FALSE,Bunyan,"Pilgrim’s Progress, Part 2",53.1908873,-2.8908955,town
421,1880,October 8,Performance,Pilgrim’s Progress 2,Buxton,(PP f.2; RJ).,1880-10-08,1880-10-08,,day,TRUE,,performance,FALSE,FALSE,Bunyan,"Pilgrim’s Progress, Part 2",53.2593422,-1.9100768,town
422,1880,October 11,Performances,Pilgrim’s Progress 2,Matlock,Two performances (PP f.2; RJ).,1880-10-11,1880-10-11,,day,TRUE,,performance,FALSE,FALSE,Bunyan,"Pilgrim’s Progress, Part 2",53.1374514,-1.5544694,town
423,1880,October 12,Performance,Pilgrim’s Progress 2,Chesterfield,(PP f.2; RJ).,1880-10-12,1880-10-12,,day,TRUE,,performance,FALSE,FALSE,Bunyan,"Pilgrim’s Progress, Part 2",53.2352134,-1.4264097,town
424,1880,October 13,Performances,Pilgrim’s Progress 2,Leamington,Two performances (PP f.2; RJ).,1880-10-13,1880-10-13,,day,TRUE,,performance,FALSE,FALSE,Bunyan,"Pilgrim’s Progress, Part 2",52.2913394,-1.5364040,town
425,1880,October 14,Performance,Pilgrim’s Progress 2,Coventry,(PP f.2; RJ).,1880-10-14,1880-10-14,,day,TRUE,,performance,FALSE,FALSE,Bunyan,"Pilgrim’s Progress, Part 2",52.4081812,-1.5104770,town
426,1880,October 16,Performances,Pilgrim’s Progress 2,Leamington,Two performances (PP f.2; RJ).,1880-10-16,1880-10-16,,day,TRUE,,performance,FALSE,FALSE,Bunyan,"Pilgrim’s Progress, Part 2",52.2913394,-1.5364040,town
427,1880,October 19,Lecture,Individual Development,Birmingham,"Lecture Hall, Perry Barr Institute; “Presidential Address” for opening night (Birmingham Daily Post, September 10, 1880, 4: BNA; Barr, 1880-1881, 8: BC).",1880-10-19,1880-10-19,,day,TRUE,,lecture,FALSE,FALSE,Survey lectures,Individual development,52.4948994,-1.8518439,town
428,1880,October 21,Performances,Pilgrim’s Progress 2,"Clifton, Bristol",[Clifton College]; two performances (PP f.2; RJ).,1880-10-21,1880-10-21,,day,TRUE,,performance,FALSE,FALSE,Bunyan,"Pilgrim’s Progress, Part 2",51.4615884,-2.6202846,town
429,1880,October 25,Performance,Pilgrim’s Progress 2,Bath,(PP f.2; RJ).,1880-10-25,1880-10-25,,day,TRUE,,performance,FALSE,FALSE,Bunyan,"Pilgrim’s Progress, Part 2",51.3813864,-2.3596963,town
430,1880,October 26,Performances,Pilgrim’s Progress 2,Bath,Two performances (PP f.2; RJ).,1880-10-26,1880-10-26,,day,TRUE,,performance,FALSE,FALSE,Bunyan,"Pilgrim’s Progress, Part 2",51.3813864,-2.3596963,town
431,1880,October 27,Performance,Pilgrim’s Progress 2,Bristol,RJ lists Bristol performances before and after Bath (RJ).,1880-10-27,1880-10-27,,day,TRUE,,performance,FALSE,FALSE,Bunyan,"Pilgrim’s Progress, Part 2",51.4430141,-2.5816622,town
432,1880,October 28,Performance,Pilgrim’s Progress 2,"Blackheath, London",Two performances in the day (PP f.2; RJ).,1880-10-28,1880-10-28,,day,TRUE,,performance,FALSE,FALSE,Bunyan,"Pilgrim’s Progress, Part 2",51.4662623,0.0086810,town
433,1880,November 1,Performance,Pilgrim’s Progress 2,"Streatham Hill, London",(PP f.2; RJ).,1880-11-01,1880-11-01,,day,TRUE,,performance,FALSE,FALSE,Bunyan,"Pilgrim’s Progress, Part 2",51.4406366,-0.1222490,town
434,1880,November 8,Lecture,King Lear,London,"Lecture Hall, James Street, Buckingham Gate (London Daily News, November 6, 1880, 4: BNA).",1880-11-08,1880-11-08,,day,TRUE,,lecture,FALSE,FALSE,Shakespeare,King Lear,51.5074456,-0.1277653,town
435,1881,[January],Lectures,Wordsworth,"Bordighera, ITL","MacDonald has delievered “two lectures on Wordsworth” to add some variety to the “not excessively lively at best” winter in Bordighera. Two lectures (Cambridge Independent Press, January 22, 1881, 8: BNA).",1881-01-01,1881-01-31,,month,FALSE,,lecture,FALSE,FALSE,Wordsworth,(unspecified),43.7939893,7.6731108,town
436,1881,[January],Performances,Tableaux Vivante,"Bordighera, ITL","“Dr. MacDonald . . . along with his family, has given some tableaux vivante to which he invited both the English and the Italian residents”(Cambridge Independent Press, January 22, 1881, 8: BNA).",1881-01-01,1881-01-31,,month,FALSE,,performance,FALSE,FALSE,Family entertainments,Tableaux Vivants,43.7939893,7.6731108,town
437,1881,March 21,Performance,Pilgrim’s Progress 2,"Mentone, ITL",(PP f.2; RJ).,1881-03-21,1881-03-21,,day,TRUE,,performance,FALSE,FALSE,Bunyan,"Pilgrim’s Progress, Part 2",43.7753495,7.5029213,town
438,1881,March 24,Performance,Pilgrim’s Progress 1,"San Remo, ITL",(PP f.2; RJ).,1881-03-24,1881-03-24,,day,TRUE,,performance,FALSE,FALSE,Bunyan,"Pilgrim’s Progress, Part 1",43.8362985,7.7772658,town
439,1881,July 23,Performance,Pilgrim’s Progress 1,London,"Steinway Hall; described as “dramatic scenes”; RJ refers to “a number of performances” (London Evening Standard, July 19, 1881, 1: BNA; RJ).",1881-07-23,1881-07-23,,day,TRUE,,performance,FALSE,FALSE,Bunyan,"Pilgrim’s Progress, Part 1",51.5074456,-0.1277653,town
440,1881,July 25,Performance,Pilgrim’s Progress 1,London,"Steinway Hall; described as “dramatic scenes” (London Evening Standard, July 19, 1881, 1: BNA; PP f.2; RJ).",1881-07-25,1881-07-25,,day,TRUE,,performance,FALSE,FALSE,Bunyan,"Pilgrim’s Progress, Part 1",51.5074456,-0.1277653,town
441,1881,July 27,Performance,Pilgrim’s Progress 1,London,Steinway Hall (PP f.2; RJ).,1881-07-27,1881-07-27,,day,TRUE,,performance,FALSE,FALSE,Bunyan,"Pilgrim’s Progress, Part 1",51.5074456,-0.1277653,town
442,1881,August 18,Performance,Pilgrim’s Progress 1,Scarborough,(PP f.2; RJ).,1881-08-18,1881-08-18,,day,TRUE,,performance,FALSE,FALSE,Bunyan,"Pilgrim’s Progress, Part 1",54.2820009,-0.4011868,town
443,1881,August 19,Performance,Pilgrim’s Progress 2,Scarborough,(PP f.2; RJ).,1881-08-19,1881-08-19,,day,TRUE,,performance,FALSE,FALSE,Bunyan,"Pilgrim’s Progress, Part 2",54.2820009,-0.4011868,town
444,1881,August 22,Performance,Pilgrim’s Progress 1,Filey,RJ does not mention two performances in Filey (PP f.2; RJ).,1881-08-22,1881-08-22,,day,TRUE,,performance,FALSE,FALSE,Bunyan,"Pilgrim’s Progress, Part 1",54.2096884,-0.2888382,town
445,1881,August 23,Performance,Pilgrim’s Progress 2,Filey,(PP f.2; RJ).,1881-08-23,1881-08-23,,day,TRUE,,performance,FALSE,FALSE,Bunyan,"Pilgrim’s Progress, Part 2",54.2096884,-0.2888382,town
446,1881,August 24,Performance,Pilgrim’s Progress 2,Scarborough,"Mechanics’ Hall; “this afternoon . . . close to Crist’s [sic] Church” (York Herald, August 24, 1881, 2: BNA; PP f.2; RJ).",1881-08-24,1881-08-24,,day,TRUE,,performance,FALSE,FALSE,Bunyan,"Pilgrim’s Progress, Part 2",54.2820009,-0.4011868,town
447,1881,August 29,Performance,Pilgrim’s Progress 1,Whitby,(PP f.2; RJ).,1881-08-29,1881-08-29,,day,TRUE,,performance,FALSE,FALSE,Bunyan,"Pilgrim’s Progress, Part 1",54.4866526,-0.6135315,town
448,1881,August 30,Performance,Pilgrim’s Progress 2,Whitby,RJ does not mention two performances in Whitby (PP f.2; RJ).,1881-08-30,1881-08-30,,day,TRUE,,performance,FALSE,FALSE,Bunyan,"Pilgrim’s Progress, Part 2",54.4866526,-0.6135315,town
449,1881,September 5,Performance,Pilgrim’s Progress 1,Scarborough,(PP f.2; RJ),1881-09-05,1881-09-05,,day,TRUE,,performance,FALSE,FALSE,Bunyan,"Pilgrim’s Progress, Part 1",54.2820009,-0.4011868,town
450,1881,September 6,Performance,Pilgrim’s Progress 2,Scarborough,RJ does not mention two performances in Scarborough (PP f.2; RJ).,1881-09-06,1881-09-06,,day,TRUE,,performance,FALSE,FALSE,Bunyan,"Pilgrim’s Progress, Part 2",54.2820009,-0.4011868,town
451,1881,September 8,Performance,Pilgrim’s Progress 1,Newcastle,(PP f.2; RJ).,1881-09-08,1881-09-08,,day,TRUE,,performance,FALSE,FALSE,Bunyan,"Pilgrim’s Progress, Part 1",54.9738474,-1.6131572,town
452,1881,September 9,Performance,Pilgrim’s Progress 2,Newcastle,RJ does not mention two performances in Newcastle (PP f.2; RJ).,1881-09-09,1881-09-09,,day,TRUE,,performance,FALSE,FALSE,Bunyan,"Pilgrim’s Progress, Part 2",54.9738474,-1.6131572,town
453,1881,September 15,Performance,Pilgrim’s Progress 1,Sunderland,"Victoria Hall; MacDonald as Evangelist (Sunderland Daily Echo and Shipping Gazette, September 16, 1881, 3: BNA; PP f.2; RJ).",1881-09-15,1881-09-15,,day,TRUE,,performance,FALSE,FALSE,Bunyan,"Pilgrim’s Progress, Part 1",54.9058512,-1.3828727,town
454,1881,September 16,Performance,Pilgrim’s Progress 2,Sunderland,"Victoria Hall; RJ does not mention two performances in Sunderland (Sunderland Daily Echo and Shipping Gazette, September 14, 1881, 2: BNA; PP f.2; RJ).",1881-09-16,1881-09-16,,day,TRUE,,performance,FALSE,FALSE,Bunyan,"Pilgrim’s Progress, Part 2",54.9058512,-1.3828727,town
455,1881,September 19,Performance,Pilgrim’s Progress 1,Liverpool,(PP f.2; RJ).,1881-09-19,1881-09-19,,day,TRUE,,performance,FALSE,FALSE,Bunyan,"Pilgrim’s Progress, Part 1",53.3933411,-2.9166389,town
456,1881,September 20,Performance,Pilgrim’s Progress 2,Liverpool,RJ does not mention two performances in Liverpool (PP f.2; RJ).,1881-09-20,1881-09-20,,day,TRUE,,performance,FALSE,FALSE,Bunyan,"Pilgrim’s Progress, Part 2",53.3933411,-2.9166389,town
457,1881,September 22,Performance,Pilgrim’s Progress 2,Mealsgate,"George Moore Memorial Hall (Wigton Advertiser, September 17, 1881, 1: BNA; PP f.2).",1881-09-22,1881-09-22,,day,TRUE,,performance,FALSE,FALSE,Bunyan,"Pilgrim’s Progress, Part 2",54.7671081,-3.2314565,town
458,1881,September 24,Performance,Pilgrim’s Progress 2,Eckington,"Assembly Rooms, Eckington Market Hall (Sheffield Daily Telegraph, September 26, 1881, 4: BNA; PP f.2; RJ).",1881-09-24,1881-09-24,,day,TRUE,,performance,FALSE,FALSE,Bunyan,"Pilgrim’s Progress, Part 2",53.3089836,-1.3557936,town
459,1881,September 27,Lecture,Tennyson,Huddersfield,"Highfield Lectures; “The Lyrics of Tennyson”; MacDonald described as “one of the greatest living thinkers” (Huddersfield Chronicle, September 10, 1881, 5: BNA).",1881-09-27,1881-09-27,,day,TRUE,,lecture,FALSE,FALSE,Tennyson,(unspecified),53.6466645,-1.7822482,town
460,1881,September 30,Performance,Pilgrim’s Progress 1,Hull,(PP f.2; RJ).,1881-09-30,1881-09-30,,day,TRUE,,performance,FALSE,FALSE,Bunyan,"Pilgrim’s Progress, Part 1",53.7435722,-0.3394758,town
461,1881,October 1,Performance,Pilgrim’s Progress 2,Hull,(PP f.2; RJ).,1881-10-01,1881-10-01,,day,TRUE,,performance,FALSE,FALSE,Bunyan,"Pilgrim’s Progress, Part 2",53.7435722,-0.3394758,town
462,1881,October 3,Lecture,King Lear,York,"All Saints’ schoolroom (York Herald, October 5, 1881, 7: BNA).",1881-10-03,1881-10-03,,day,TRUE,,lecture,FALSE,FALSE,Shakespeare,King Lear,53.9656579,-1.0743052,town
463,1881,October 5,Performances,Pilgrim’s Progress 1 and 2,"St. Leonards, Hastings","Warrior Square Concert Rooms; 13-act afternoon performance, with singing accompanied by harmonium (Hastings and St. Leonards Observer, October 8, 1881, 6: BNA; PP f.2; RJ).",1881-10-05,1881-10-05,,day,TRUE,,performance,FALSE,FALSE,Bunyan|Bunyan,"Pilgrim’s Progress, Part 1|Pilgrim’s Progress, Part 2",50.8521318,0.5603008,town
464,1881,October 24,Performance,Pilgrim’s Progress 1,Romsey,"Town Hall, family hosted by the Mount Temples (Hampshire Advertiser, October 22, 1881, 7: BNA; PP f.3; RJ).",1881-10-24,1881-10-24,,day,TRUE,,performance,FALSE,FALSE,Bunyan,"Pilgrim’s Progress, Part 1",50.9891396,-1.4999044,town
465,1881,October 25,Performance,Pilgrim’s Progress 1,Romsey,RJ does not mention two performances in Romsey (PP f.3; RJ).,1881-10-25,1881-10-25,,day,TRUE,,performance,FALSE,FALSE,Bunyan,"Pilgrim’s Progress, Part 1",50.9891396,-1.4999044,town
466,1881,October 27,Performances,Pilgrim’s Progress 1 and 2,Taunton,(PP f.3).,1881-10-27,1881-10-27,,day,TRUE,,performance,FALSE,FALSE,Bunyan|Bunyan,"Pilgrim’s Progress, Part 1|Pilgrim’s Progress, Part 2",51.0147895,-3.1029086,town
467,1881,October 31,Performances,Pilgrim’s Progress 1 and 2,Clifton,"Victoria Rooms (Western Daily Press, November 1, 1881, 3: BNA; PP f.3; RJ).",1881-10-31,1881-10-31,,day,TRUE,,performance,FALSE,FALSE,Bunyan|Bunyan,"Pilgrim’s Progress, Part 1|Pilgrim’s Progress, Part 2",51.4615884,-2.6202846,town
468,1881,November 1,Performances,Pilgrim’s Progress 1 and 2,Bath,"Assembly rooms (Bath Chronicle and Weekly Gazette, October 27, 1881, 5: BNA; PP f.3; RJ).",1881-11-01,1881-11-01,,day,TRUE,,performance,FALSE,FALSE,Bunyan|Bunyan,"Pilgrim’s Progress, Part 1|Pilgrim’s Progress, Part 2",51.3813864,-2.3596963,town
469,1881,November 4,Performances,Pilgrim’s Progress 1 and 2,Cheltenham,"Corn Exchange; MacDonald as Evangelist and Louisa as Interpreter (Cheltenham Examiner, November 9, 1881, 2: BNA; PP f.3; RJ).",1881-11-04,1881-11-04,,day,TRUE,,performance,FALSE,FALSE,Bunyan|Bunyan,"Pilgrim’s Progress, Part 1|Pilgrim’s Progress, Part 2",51.8995685,-2.0711559,town
470,1882,March 24,Performance,Pilgrim’s Progress,"San Remo, ITL",(PP f.4; RJ).,1882-03-24,1882-03-24,,day,TRUE,,performance,FALSE,FALSE,Bunyan,(unspecified),43.8362985,7.7772658,town
471,1882,June 19,Lecture,Romeo and Juliet,London,"Mr. King’s Welford House; first of two Shakespeare lectures (Hampstead & Highgate Express, June 10, 1882, 2: BNA; June 24, 1882: BC).",1882-06-19,1882-06-19,,day,TRUE,,lecture,FALSE,FALSE,Shakespeare,Romeo and Juliet,51.5074456,-0.1277653,town
472,1882,June 26,Lecture,Julius Caesar,London,"Mr. King’s Welford House; the play should have been called “Brutus” (Hampstead & Highgate Express, June 10, 1882, 2; July 1, 1882, 2-3: both BNA).",1882-06-26,1882-06-26,,day,TRUE,,lecture,FALSE,FALSE,Shakespeare,Julius Caesar,51.5074456,-0.1277653,town
473,1882,June 29,Performance,Twelfth Night,London,"Afternoon and evening performances (London Evening Standard, June 29, 1882, 1: BNA).",1882-06-29,1882-06-29,,day,TRUE,,performance,FALSE,FALSE,Shakespeare,Twelfth Night,51.5074456,-0.1277653,town
474,1882,July 4,Performance,Twelfth Night,London,"Afternoon and evening performances (London Evening Standard, June 29, 1882, 1; Morning Post, July 4, 1882, 1: both BNA).",1882-07-04,1882-07-04,,day,TRUE,,performance,FALSE,FALSE,Shakespeare,Twelfth Night,51.5074456,-0.1277653,town
475,1882,July 11,Performance,Twelfth Night,London,"Afternoon and evening performances (London Evening Standard, July 11, 1882, 1: BNA).",1882-07-11,1882-07-11,,day,TRUE,,performance,FALSE,FALSE,Shakespeare,Twelfth Night,51.5074456,-0.1277653,town
476,1882,July 14,Lecture,Browning,London,"121 Harley Street, MacDonald’s residence; a “Study Lecture” (London Evening Standard, July 14, 1882, 1: BNA).",1882-07-14,1882-07-14,,day,TRUE,,lecture,FALSE,FALSE,Browning,(unspecified),51.5074456,-0.1277653,town
477,1882,July 18,Performance,Polyeuctus,London,"“A Christian Tragedy” (London Evening Standard, July 14, 1882, 1: BNA).",1882-07-18,1882-07-18,,day,TRUE,,performance,FALSE,FALSE,Corneille,Polyeuctus,51.5074456,-0.1277653,town
478,1882,July [22],Performance,Twelfth Night,[London],"MacDonald as Duke, Viola and Sebastian played by MacDonald’s daughters, Arthur Hughes as Sir Aguecheck (Domett 245-46, in entry for July 22, 1882).",1882-07-22,1882-07-22,,day,FALSE,,performance,FALSE,FALSE,Shakespeare,Twelfth Night,51.5074456,-0.1277653,inferred
479,1882,July 25,Performance,Pilgrim’s Progress 1,Devizes,(PP f.4; RJ).,1882-07-25,1882-07-25,,day,TRUE,,performance,FALSE,FALSE,Bunyan,"Pilgrim’s Progress, Part 1",51.3525027,-1.9958302,town
480,1882,July 26,Performance,Pilgrim’s Progress 2,Devizes,(PP f.4; RJ).,1882-07-26,1882-07-26,,day,TRUE,,performance,FALSE,FALSE,Bunyan,"Pilgrim’s Progress, Part 2",51.3525027,-1.9958302,town
481,1882,July 29,Performance,Pilgrim’s Progress 1,[London],Steinway Hall (PP f.4; RJ).,1882-07-29,1882-07-29,,day,TRUE,,performance,FALSE,FALSE,Bunyan,"Pilgrim’s Progress, Part 1",51.5074456,-0.1277653,inferred
482,1882,August 11,Performance,Pilgrim’s Progress 1,Southborough,Victoria Hall (PP f.4; RJ).,1882-08-11,1882-08-11,,day,TRUE,,performance,FALSE,FALSE,Bunyan,"Pilgrim’s Progress, Part 1",51.1642824,0.2633735,town
483,1882,August 12,Performance,Pilgrim’s Progress 2,Southborough,Victoria Hall; RJ does not mention second performance (PP f.4; RJ).,1882-08-12,1882-08-12,,day,TRUE,,performance,FALSE,FALSE,Bunyan,"Pilgrim’s Progress, Part 2",51.1642824,0.2633735,town
484,1882,August 14,Performance,Pilgrim’s Progress 1,London,"Royal Victoria Coffee Hall; advertised as “Christian’s Pilgrimage”; first of three performances (South London Chronicle, August 12, 1881, 4; Pall Mall Gazette, August 15, 1882, 11: both BNA).",1882-08-14,1882-08-14,,day,TRUE,,performance,FALSE,FALSE,Bunyan,"Pilgrim’s Progress, Part 1",51.5074456,-0.1277653,town
485,1882,August 21,Performance,Pilgrim’s Progress 1,London,"Royal Victoria Coffee Hall; advertised as “Pilgrimage of Christiana & her Sons”; MacDonald specifies it was Pilgrim’s Progress 1 (South London Chronicle, August 12, 1881, 4: BNA).",1882-08-21,1882-08-21,,day,TRUE,,performance,FALSE,FALSE,Bunyan,"Pilgrim’s Progress, Part 1",51.5074456,-0.1277653,town
486,1882,August 24,Performance,Pilgrim’s Progress 2,London,"(South London Press, August 12, 1882, 11: BNA).",1882-08-24,1882-08-24,,day,TRUE,,performance,FALSE,FALSE,Bunyan,"Pilgrim’s Progress, Part 2",51.5074456,-0.1277653,town
487,1882,September 21,Performance,Pilgrim’s Progress 2,Brighton,"The Pavilion; proceeds to Brighton Central Association (Croydon Guardian and Surrey County Gazette, September 23, 1883, 7: BNA; RJ).",1882-09-21,1882-09-21,,day,TRUE,,performance,FALSE,FALSE,Bunyan,"Pilgrim’s Progress, Part 2",50.8214626,-0.1400561,town
488,1882,September 22,Performance,Polyeuctus,Brighton,(PP f.4).,1882-09-22,1882-09-22,,day,TRUE,,performance,FALSE,FALSE,Corneille,Polyeuctus,50.8214626,-0.1400561,town
489,1882,September 25,Performance,Pilgrim’s Progress 2,Winchester,"Guildhall; for benefit of Holy Trinity Church Schools (Hampshire Chronicle, September 23, 1882, 4: BNA; PP f.4; RJ).",1882-09-25,1882-09-25,,day,TRUE,,performance,FALSE,FALSE,Bunyan,"Pilgrim’s Progress, Part 2",51.0612766,-1.3131692,town
490,1882,September 28,Performance,Pilgrim’s Progress 1,Tunbridge Wells,(PP f.4; RJ).,1882-09-28,1882-09-28,,day,TRUE,,performance,FALSE,FALSE,Bunyan,"Pilgrim’s Progress, Part 1",51.1371483,0.2673446,town
491,1882,September 29,Performance,Pilgrim’s Progress 2,Tunbridge Wells,RJ does not mention second performance (PP f.4; RJ).,1882-09-29,1882-09-29,,day,TRUE,,performance,FALSE,FALSE,Bunyan,"Pilgrim’s Progress, Part 2",51.1371483,0.2673446,town
492,1882,October 3,Performance,Pilgrim’s Progress 2,"St. Leonards, Hastings","Royal Concert Hall (Hastings and St Leonards Observer, September 23, 1882, 1: BNA; PP f.4; RJ).",1882-10-03,1882-10-03,,day,TRUE,,performance,FALSE,FALSE,Bunyan,"Pilgrim’s Progress, Part 2",50.8521318,0.5603008,town
493,1882,October 4,Performance,Polyeuctus,"St. Leonards, Hastings","Royal Concert Hall (Hastings and St Leonards Observer, September 23, 1882, 1: BNA).",1882-10-04,1882-10-04,,day,TRUE,,performance,FALSE,FALSE,Corneille,Polyeuctus,50.8521318,0.5603008,town
494,1882,October 5,Lecture,Tennyson,"St. Leonards, Hastings","Royal Concert Hall; “Tennyson’s Lyrics” (Hastings and St Leonards Observer, September 23, 1882, 1: BNA).",1882-10-05,1882-10-05,,day,TRUE,,lecture,FALSE,FALSE,Tennyson,(unspecified),50.8521318,0.5603008,town
495,1882,October [6],Performance,Twelfth Night,[London],Charter House; in MacDonald’s records between St. Leonards and Poplar (PP f.4).,1882-10-06,1882-10-06,,day,FALSE,,performance,FALSE,FALSE,Shakespeare,Twelfth Night,51.5074456,-0.1277653,inferred
496,1882,October 7,Performance,Pilgrim’s Progress 2,"Poplar, London",(PP f.4; RJ).,1882-10-07,1882-10-07,,day,TRUE,,performance,FALSE,FALSE,Bunyan,"Pilgrim’s Progress, Part 2",51.5110713,-0.0144629,town
497,1882,October 9,Performance,Pilgrim’s Progress 2,"Poplar, London",RJ does not list second performance in Poplar (PP f.4; RJ).,1882-10-09,1882-10-09,,day,TRUE,,performance,FALSE,FALSE,Bunyan,"Pilgrim’s Progress, Part 2",51.5110713,-0.0144629,town
498,1882,October 11,Performance,Pilgrim’s Progress 2,"Whitechapel, London",(PP f.4; RJ).,1882-10-11,1882-10-11,,day,TRUE,,performance,FALSE,FALSE,Bunyan,"Pilgrim’s Progress, Part 2",51.5174861,-0.0659685,town
499,1882,October 13,Performance,Pilgrim’s Progress 1,Farmingham,(PP f.4; RJ).,1882-10-13,1882-10-13,,day,TRUE,,performance,FALSE,FALSE,Bunyan,"Pilgrim’s Progress, Part 1",51.3747477,0.2356021,town
500,1882,October 14,Performance,Pilgrim’s Progress 2,Farmingham,"RJ does not mention second performance (PP, f.4; RJ).",1882-10-14,1882-10-14,,day,TRUE,,performance,FALSE,FALSE,Bunyan,"Pilgrim’s Progress, Part 2",51.3747477,0.2356021,town
501,1882,October 17,Lecture,Tennyson,London,"King’s Weigh House Chapel; “Poetry Illustrated from Tennyson” (London Evening Standard, October 12, 1882, 1; Liverpool Mercury, October 19, 1882, 5: both BNA).",1882-10-17,1882-10-17,,day,TRUE,,lecture,FALSE,FALSE,Tennyson,(unspecified),51.5074456,-0.1277653,town
502,1882,October 18,Performance,Pilgrim’s Progress 2,"Holborn, London",Town Hall (PP f.4; RJ).,1882-10-18,1882-10-18,,day,TRUE,,performance,FALSE,FALSE,Bunyan,"Pilgrim’s Progress, Part 2",51.5195982,-0.1137266,town
503,1882,October [20 or 27],Lecture,Julius Caesar,"Shanklin, Isle of Wight","Proceeds to Institute (Isle of Wight Observer, October 28, 1882, 6: BNA).",1882-10-20,1882-10-27,1882-10-20,day_choice,FALSE,,lecture,FALSE,FALSE,Shakespeare,Julius Caesar,50.6288132,-1.1779031,town
504,1882,October 25,Performance,Pilgrim’s Progress 1,Maidstone,(PP f.4; RJ).,1882-10-25,1882-10-25,,day,TRUE,,performance,FALSE,FALSE,Bunyan,"Pilgrim’s Progress, Part 1",51.2748258,0.5231646,town
505,1882,[December],Performance,Macbeth,"Bordighera, ITL",(Domett 247).,1882-12-01,1882-12-31,,month,FALSE,,performance,FALSE,FALSE,Shakespeare,Macbeth,43.7939893,7.6731108,town
506,1882,December [17],Performance,Pilgrim’s Progress,"Cannes, France",(PP f.4).,1882-12-17,1882-12-17,,day,FALSE,,performance,FALSE,FALSE,Bunyan,(unspecified),43.5515198,7.0134418,town
507,1883,[Summer],Performances,Polyeuctus and Macbeth,London,"Rather snide comment from an American illustrated weekly about the fact that “the Rev. George MacDonald, with eight members of his family, is giving dramatic recitals in costume of ‘Polyeucte’ and ‘Macbeth,’ in London” (Continent, August 29, 1883, 284).",1883-06-01,1883-08-31,,season,FALSE,,performance,FALSE,FALSE,Corneille|Shakespeare,Polyeuctus|Macbeth,51.5074456,-0.1277653,town
508,1883,June 5,Lecture,Hamlet,London,"Bedford-Square, MacDonald’s temporary residence; first of “Four Study Sermons on texts from Shakespeare”; from Hamlet 5.2.10-11 (Morning Post, June 2, 1883, 1; The Era, June 9, 1883, 4: both BNA).",1883-06-05,1883-06-05,,day,TRUE,,lecture,FALSE,FALSE,Shakespeare,Hamlet,51.5074456,-0.1277653,town
509,1883,June 11,Lecture,Browning,London,"Welford House; lecture on “Flight of the Duchess,” preceded by MacDonald’s public reading; declares poetry meant to be read aloud, then explains “main drift” of poem; attended by F.J. Furnivall, Founder of the Browning Society, who afterward gave circumstances for poem’s composition (Hampstead & Highgate Express, June 16, 1883, 3: BNA).",1883-06-11,1883-06-11,,day,TRUE,,lecture,FALSE,FALSE,Browning,(unspecified),51.5074456,-0.1277653,town
510,1883,June 12,Lecture,As You Like It,London,"Bedford-Square, MacDonald’s temporary residence; second of “Four Study Sermons on texts from Shakespeare”; from As You Like It 2.1.5 (Morning Post, June 2, 1883, 1: BNA).",1883-06-12,1883-06-12,,day,TRUE,,lecture,FALSE,FALSE,Shakespeare,As You Like It,51.5074456,-0.1277653,town
511,1883,June 18,Lecture,Othello,London,"Welford House; “Beauty and Goodness: A Sermon from Shakespeare”; based on Othello (Hampstead & Highgate Express, June 23, 1883, 3: BNA).",1883-06-18,1883-06-18,,day,TRUE,,lecture,FALSE,FALSE,Shakespeare,Othello,51.5074456,-0.1277653,town
512,1883,June 19,Lecture,Othello,London,"Bedford-Square, MacDonald’s temporary residence; third of “Four Study Sermons on texts from Shakespeare”; from Othello 2.1.64-65 (Morning Post, June 2, 1883, 1: BNA).",1883-06-19,1883-06-19,,day,TRUE,,lecture,FALSE,FALSE,Shakespeare,Othello,51.5074456,-0.1277653,town
513,1883,June 26,Lecture,Hamlet,London,"Bedford-Square, MacDonald’s temporary residence; fourth of “Four Study Sermons on texts from Shakespeare”; from Hamlet 5.2.234-35 (Morning Post, June 2, 1883, 1: BNA).",1883-06-26,1883-06-26,,day,TRUE,,lecture,FALSE,FALSE,Shakespeare,Hamlet,51.5074456,-0.1277653,town
514,1883,July 6,Lecture,Browning,Weybridge Heath,"Mrs. W.B. Lewis’ residence (Surrey Comet, June 23, 1883, 1: BNA).",1883-07-06,1883-07-06,,day,TRUE,,lecture,FALSE,FALSE,Browning,(unspecified),51.3727175,-0.4549297,town
515,1883,[July],Performances,Polyeuctus and Macbeth,London,"The rather shocked, sarcastic reviewer notes that “the Rev. [sic] George MacDonald, with eight members of his family, is giving dramatic recitals in costume of Macbeth and Polyeucte, in London” (Continent, August 29, 1883, 284).",1883-07-01,1883-07-31,,month,FALSE,,performance,FALSE,FALSE,Corneille|Shakespeare,Polyeuctus|Macbeth,51.5074456,-0.1277653,town
516,1883,July 7,Performance,Polyeuctus,London,"Steinway Hall; part of a series of plays every Saturday of July; five acts and one tableau; acted by MacDonald, Louisa, and seven children; play translated and adapted by Louisa (Morning Post, June 30, 1883, 1; The Era, July 28, 1883, 7: both BNA).",1883-07-07,1883-07-07,,day,TRUE,,performance,FALSE,FALSE,Corneille,Polyeuctus,51.5074456,-0.1277653,town
517,1883,July [13/18],Lecture,Shelley,Weybridge Heath,"Mrs. W. B. Lewis’ residence (Surrey Comet, June 23, 1883, 1: BNA).",1883-07-13,1883-07-18,1883-07-13,day_choice,FALSE,,lecture,FALSE,FALSE,Shelley,(unspecified),51.3727175,-0.4549297,town
518,1883,July 14,Performance,[Pilgrim’s Progress 2],London,"Steinway Hall; part of a series of plays every Saturday of July; RJ’s reference to “July: Steinway Hall (4 performances)” is probably misleading since it appears that the MacDonald troupe performed four different plays at Steinway Hall in July (The Era, July 28, 1883, 7: BNA; RJ).",1883-07-14,1883-07-14,,day,TRUE,,performance,FALSE,FALSE,Bunyan,"Pilgrim’s Progress, Part 2",51.5074456,-0.1277653,town
519,1883,July 20,Lecture,Milton,Weybridge Heath,"Mrs. W. B. Lewis’ residence (Surrey Comet, June 23, 1883, 1: BNA).",1883-07-20,1883-07-20,,day,TRUE,,lecture,FALSE,FALSE,Milton,(unspecified),51.3727175,-0.4549297,town
520,1883,July 21,Performance,Macbeth,London,"Steinway Hall; part of a series of plays every Saturday of July; MacDonald as Macbeth, daughter [Lilia] as Lady Macbeth, and Mr. W. Hughes as doctor; reports praise Miss MacDonald’s portrayal and talent (Pall Mall Gazette, July 23, 1883, 9; The Era, July 28, 1883, 7: both BNA).",1883-07-21,1883-07-21,,day,TRUE,,performance,FALSE,FALSE,Shakespeare,Macbeth,51.5074456,-0.1277653,town
521,1883,July 27,Lecture,Much Ado About Nothing,Weybridge Heath,"Mrs. W. B. Lewis’ residence (Surrey Comet, June 23, 1883, 1: BNA).",1883-07-27,1883-07-27,,day,TRUE,,lecture,FALSE,FALSE,Shakespeare,Much Ado About Nothing,51.3727175,-0.4549297,town
522,1883,July 28,Performance,Macbeth,London,"Steinway Hall; part of a series of plays every Saturday of July; described as “dramatic recital” including costumes (London Evening Standard, July 26, 1883, 3: BNA).",1883-07-28,1883-07-28,,day,TRUE,,performance,FALSE,FALSE,Shakespeare,Macbeth,51.5074456,-0.1277653,town
523,1883,August 2,Performance,Pilgrim’s Progress 1,Ilfracombe,(PP f.4; RJ).,1883-08-02,1883-08-02,,day,TRUE,,performance,FALSE,FALSE,Bunyan,"Pilgrim’s Progress, Part 1",51.2076674,-4.1254662,town
524,1883,August 3,Performance,Pilgrim’s Progress 2,Ilfracombe,(PP f.4; RJ).,1883-08-03,1883-08-03,,day,TRUE,,performance,FALSE,FALSE,Bunyan,"Pilgrim’s Progress, Part 2",51.2076674,-4.1254662,town
525,1883,August 13,Performance,Pilgrim’s Progress 1,Exeter,(PP f.4; RJ).,1883-08-13,1883-08-13,,day,TRUE,,performance,FALSE,FALSE,Bunyan,"Pilgrim’s Progress, Part 1",50.7256138,-3.5269209,town
526,1883,August 14,Performance,Pilgrim’s Progress 2,Exeter,(PP f.4; RJ).,1883-08-14,1883-08-14,,day,TRUE,,performance,FALSE,FALSE,Bunyan,"Pilgrim’s Progress, Part 2",50.7256138,-3.5269209,town
527,1883,September 7,Performance,Pilgrim’s Progress 1,Eastbourne,(PP f.4; RJ).,1883-09-07,1883-09-07,,day,TRUE,,performance,FALSE,FALSE,Bunyan,"Pilgrim’s Progress, Part 1",50.7664372,0.2781546,town
528,1883,September 8,Performance,Pilgrim’s Progress 2,Eastbourne,(PP f.4; RJ).,1883-09-08,1883-09-08,,day,TRUE,,performance,FALSE,FALSE,Bunyan,"Pilgrim’s Progress, Part 2",50.7664372,0.2781546,town
529,1883,September 10,Performance,Pilgrim’s Progress 1,Hastings,(PP f.4; RJ).,1883-09-10,1883-09-10,,day,TRUE,,performance,FALSE,FALSE,Bunyan,"Pilgrim’s Progress, Part 1",50.8550976,0.5821779,town
530,1883,September 11,Performance,Pilgrim’s Progress 2,Hastings,(PP f.4; RJ).,1883-09-11,1883-09-11,,day,TRUE,,performance,FALSE,FALSE,Bunyan,"Pilgrim’s Progress, Part 2",50.8550976,0.5821779,town
531,1883,September 13,Performance,Pilgrim’s Progress 1,Tunbridge Wells,"Great Hall (Kent & Sussex Courier, September 12, 1883, 2: BNA; PP f.4; RJ).",1883-09-13,1883-09-13,,day,TRUE,,performance,FALSE,FALSE,Bunyan,"Pilgrim’s Progress, Part 1",51.1371483,0.2673446,town
532,1883,September 14,Performance,Polyeuctus,Tunbridge Wells,"Great Hall (Kent & Sussex Courier, September 12, 1883, 2: BNA).",1883-09-14,1883-09-14,,day,TRUE,,performance,FALSE,FALSE,Corneille,Polyeuctus,51.1371483,0.2673446,town
533,1883,September 15,Lecture,Tennyson,Tunbridge Wells,"Great Hall; “The Lyrics of Tennyson” (Kent & Sussex Courier, September 12, 1883, 2: BNA).",1883-09-15,1883-09-15,,day,TRUE,,lecture,FALSE,FALSE,Tennyson,(unspecified),51.1371483,0.2673446,town
534,1883,September 18,Performance,Pilgrim’s Progress 1,Huddersfield,"Town Hall; “first entertainment of the year as part of the Highfield Lectures” (Huddersfield Chronicle, September 19, 1883, 3: BNA; RJ).",1883-09-18,1883-09-18,,day,TRUE,,performance,FALSE,FALSE,Bunyan,"Pilgrim’s Progress, Part 1",53.6466645,-1.7822482,town
535,1883,September 20,Lecture,King Lear,Leicester,"Museum Lecture Hall; play shows difference between one’s duty and one’s right (Leicester Journal, September 14, 1883, 8; September 28, 1883, 8: both BNA).",1883-09-20,1883-09-20,,day,TRUE,,lecture,FALSE,FALSE,Shakespeare,King Lear,52.6362000,-1.1331969,town
536,1883,September 29,Lecture,Tennyson,Bournemouth,"Holmwood; “Lyrics of Tennyson”; funds to St. Mary’s Home (Hampshire Advertiser, October 6, 1883, 7: BNA).",1883-09-29,1883-09-29,,day,TRUE,,lecture,FALSE,FALSE,Tennyson,(unspecified),50.7446718,-1.8579514,town
537,1883,October 1,Performance,Pilgrim’s Progress 1,Bournemouth,"Theatre Royal (The Era, October 6, 1883, 9: BNA; PP f.4).",1883-10-01,1883-10-01,,day,TRUE,,performance,FALSE,FALSE,Bunyan,"Pilgrim’s Progress, Part 1",50.7446718,-1.8579514,town
538,1883,October 2,Performance,Twelfth Night,Bournemouth,"Theatre Royal (The Era, October 6, 1883, 9: BNA).",1883-10-02,1883-10-02,,day,TRUE,,performance,FALSE,FALSE,Shakespeare,Twelfth Night,50.7446718,-1.8579514,town
539,1883,October 3,Performance,Pilgrim’s Progress 2,Bournemouth,"Theatre Royal; afternoon performance (The Era, October 6, 1883, 9: BNA; RJ; PP f.4).",1883-10-03,1883-10-03,,day,TRUE,,performance,FALSE,FALSE,Bunyan,"Pilgrim’s Progress, Part 2",50.7446718,-1.8579514,town
540,1883,October 3,Performance,Macbeth,Bournemouth,"Theatre Royal; evening performance (The Era, October 6, 1883, 9: BNA).",1883-10-03,1883-10-03,,day,TRUE,,performance,FALSE,FALSE,Shakespeare,Macbeth,50.7446718,-1.8579514,town
541,1883,October 8,Performance,Pilgrim’s Progress 2,"Bow, London","Bow and Bromley Institute (East London Observer, September 15, 1883, 5: BNA; RJ).",1883-10-08,1883-10-08,,day,TRUE,,performance,FALSE,FALSE,Bunyan,"Pilgrim’s Progress, Part 2",51.5309383,-0.0274853,town
542,1883,October 9,Performance,Pilgrim’s Progress 1,Brighton,"(PP f.4, RJ).",1883-10-09,1883-10-09,,day,TRUE,,performance,FALSE,FALSE,Bunyan,"Pilgrim’s Progress, Part 1",50.8214626,-0.1400561,town
543,1883,October 10,Performance,Pilgrim’s Progress 2,Brighton,"(PP f.4, RJ).",1883-10-10,1883-10-10,,day,TRUE,,performance,FALSE,FALSE,Bunyan,"Pilgrim’s Progress, Part 2",50.8214626,-0.1400561,town
544,1883,October 22,Lecture,Hamlet,London,"Lecture Hall; hosted by New Park-road and Clapham Park Literary Association; ashamed to even address “madness of Hamlet” question because answer so obviously no; soon leaving for Italy (South London Press, October 27, 1883, 7: BNA).",1883-10-22,1883-10-22,,day,TRUE,,lecture,FALSE,FALSE,Shakespeare,Hamlet,51.5074456,-0.1277653,town
545,1883,December [17],Performance,Pilgrim’s Progress 2,"Cannes, France","(PP f.4, RJ).",1883-12-17,1883-12-17,,day,FALSE,,performance,FALSE,FALSE,Bunyan,"Pilgrim’s Progress, Part 2",43.5515198,7.0134418,town
546,1884,January 16,Performance,Pilgrim’s Progress 2,"[Bordighera, ITL]",[Casa Corragio]; RJ identifies this as the only performance in January (PP f.4; RJ).,1884-01-16,1884-01-16,,day,TRUE,,performance,FALSE,FALSE,Bunyan,"Pilgrim’s Progress, Part 2",43.7939893,7.6731108,inferred
547,1884,March 20,Performance,Pilgrim’s Progress 2,"Cannes, France",(PP f.4; RJ).,1884-03-20,1884-03-20,,day,TRUE,,performance,FALSE,FALSE,Bunyan,"Pilgrim’s Progress, Part 2",43.5515198,7.0134418,town
548,1884,March 24,Performance,Pilgrim’s Progress 2,"San Remo, ITL",(PP f.4; RJ).,1884-03-24,1884-03-24,,day,TRUE,,performance,FALSE,FALSE,Bunyan,"Pilgrim’s Progress, Part 2",43.8362985,7.7772658,town
549,1884,March 27,Performance,Pilgrim’s Progress 2,"Mentone, ITL",(PP f.4; RJ).,1884-03-27,1884-03-27,,day,TRUE,,performance,FALSE,FALSE,Bunyan,"Pilgrim’s Progress, Part 2",43.7753495,7.5029213,town
550,1884,June 9,Lecture,Shelley,London,"Cleveland House, Clapham Park; hosted by Mrs. Stephen Ralli; “On the Religion of Shelley”; possibly attended by Hannah Pipe (Morning Post, June 5, 1884, 1: BNA; Pipe 313).",1884-06-09,1884-06-09,,day,TRUE,,lecture,FALSE,FALSE,Shelley,(unspecified),51.5074456,-0.1277653,town
551,1884,June 11,Lecture,Shelley,London,"Hillfield, Haverstock-Hill, residence of Mrs. Binney; “The Religion of Shelley” (Hampstead & Highgate Express, June 16, 1884: BC).",1884-06-11,1884-06-11,,day,TRUE,,lecture,FALSE,FALSE,Shelley,(unspecified),51.5074456,-0.1277653,town
552,1884,June 16,Lecture,Wordsworth,London,"Cleveland House, Clapham Park; hosted by Mrs. Stephen Ralli; “On the Prelude of Wordsworth”; attended by Hannah Pipe (Morning Post, June 5, 1884, 1: BNA; Pipe 313).",1884-06-16,1884-06-16,,day,TRUE,,lecture,FALSE,FALSE,Wordsworth,(unspecified),51.5074456,-0.1277653,town
553,1884,June 21,Lecture,Hamlet,London,"15 Great Stanhope-Street, residence of Mount-Temples; hosted by Lady Mount-Temple (Morning Post, June 20, 1884, 1: BNA).",1884-06-21,1884-06-21,,day,TRUE,,lecture,FALSE,FALSE,Shakespeare,Hamlet,51.5074456,-0.1277653,town
554,1884,June 23,Lecture,Browning,London,"Cleveland House, Clapham Park; hosted by Mrs. Stephen Ralli; “On Browning’s Easter Day”; possibly attended by Hannah Pipe (Morning Post, June 5, 1884, 1: BNA; Pipe 313).",1884-06-23,1884-06-23,,day,TRUE,,lecture,FALSE,FALSE,Browning,(unspecified),51.5074456,-0.1277653,town
555,1884,June 25,Lecture,King Lear,London,"15 Great Stanhope-Street, residence of Mount-Temples; hosted by Lady Mount-Temple (Morning Post, June 20, 1884, 1: BNA).",1884-06-25,1884-06-25,,day,TRUE,,lecture,FALSE,FALSE,Shakespeare,King Lear,51.5074456,-0.1277653,town
556,1884,June [30],Lecture,Rape of Lucrece,London,"Cleveland House, Clapham Park; hosted by Mrs. Stephen Ralli; “On ‘Time’s glory is....To wrong the wronger till he render right’”; possibly attended by Hannah Pipe (Morning Post, June 5, 1884, 1: BNA; Pipe 313).",1884-06-30,1884-06-30,,day,FALSE,,lecture,FALSE,FALSE,Shakespeare,The Rape of Lucrece,51.5074456,-0.1277653,town
557,1884,July 9,Lecture,Wordsworth,"Islington, London","Union Chapel; in aid of the Country Holidays’ Fund; “Teaching of Wordsworth” (Islington Gazette, July 10, 1884, 3: BNA).",1884-07-09,1884-07-09,,day,TRUE,,lecture,FALSE,FALSE,Wordsworth,(unspecified),51.5384287,-0.0999051,town
558,1884,July 18,Lecture,Shelley,London,"Mrs. Binney’s house; “Religion of Shelley” (Hampstead & Highgate Express, July 21, 1884, 3: BNA).",1884-07-18,1884-07-18,,day,TRUE,,lecture,FALSE,FALSE,Shelley,(unspecified),51.5074456,-0.1277653,town
559,1884,September 5,Lecture,As You Like It,Leicester,"Lecture Hall, Museum Buildings (Leicester Journal, August 22, 1884, 5: BNA).",1884-09-05,1884-09-05,,day,TRUE,,lecture,FALSE,FALSE,Shakespeare,As You Like It,52.6362000,-1.1331969,town
560,1884,September 8,Lecture,Macbeth,Woolwich,"Town Hall (Kentish Independent, September 13, 1884, 4: BNA).",1884-09-08,1884-09-08,,day,TRUE,,lecture,FALSE,FALSE,Shakespeare,Macbeth,51.4826696,0.0623335,town
561,1884,September 24,Lecture,Tennyson,Leicester,"Lecture Hall, Museum Buildings; on “In Memoriam” (Leicester Journal, August 22, 1884, 5: BNA).",1884-09-24,1884-09-24,,day,TRUE,,lecture,FALSE,FALSE,Tennyson,(unspecified),52.6362000,-1.1331969,town
562,1884,September 25,Lecture,Tennyson,Dudley,"Independent Chapel, King Street; “the church was kindly lent for the occasion”; on “In Memoriam” (Dudley and District News, September 20, 1884, 1; September 27, 1884, 5: both BNA).",1884-09-25,1884-09-25,,day,TRUE,,lecture,FALSE,FALSE,Tennyson,(unspecified),52.5110832,-2.0816813,town
563,1884,September 30,Lecture,Macbeth,London,"New College Chapel, Hampstead; 300-400 people in attendance; first of three lectures on Shakespeare (Hampstead & Highgate Express, September 27, 2; October 4, 1884, 3: both BNA).",1884-09-30,1884-09-30,,day,TRUE,,lecture,FALSE,FALSE,Shakespeare,Macbeth,51.5074456,-0.1277653,town
564,1884,October 8,Lecture,Shakespeare,"Hampstead, London","New College Chapel, Hampstead; “How to Study Shakespeare”; second of three lectures on Shakespeare (Hampstead & Highgate Express, October 11, 1884, 3: BNA).",1884-10-08,1884-10-08,,day,TRUE,,lecture,FALSE,FALSE,Shakespeare,(unspecified),51.5565300,-0.1783011,town
565,1884,October 10,Lecture,Opening Academic Address,London,"Maurice Hall, Working Women’s College; opening address of academic year (Illustrated Sporting and Dramatic News, October 11, 1884, 19; John Bull, October 11, 1884, 15: both BNA).",1884-10-10,1884-10-10,,day,TRUE,,lecture,FALSE,FALSE,Occasional addresses,Opening academic address,51.5074456,-0.1277653,town
566,1884,October 14,Lecture,As You Like It,"Hampstead, London","New College Chapel, Hampstead; third of three lectures on Shakespeare (Hampstead & Highgate Express, October 11, 1884, 3: BNA).",1884-10-14,1884-10-14,,day,TRUE,,lecture,FALSE,FALSE,Shakespeare,As You Like It,51.5565300,-0.1783011,town
567,1885,[February],Lecture,Macbeth,[London],Maria La Touche records her attendance and comments on the “three types of conscience” theme (La Touche 103-104).,1885-02-01,1885-02-28,,month,FALSE,,lecture,FALSE,FALSE,Shakespeare,Macbeth,51.5074456,-0.1277653,inferred
568,1885,June 19,Performance,Pilgrim’s Progress 1,"Edinburgh, SCT","Albert Hall; performance described as reminiscent of old miracle/ mystery plays (The Scotsman, June 20, 1885, 6: BNA; PP f.4; RJ).",1885-06-19,1885-06-19,,day,TRUE,,performance,FALSE,FALSE,Bunyan,"Pilgrim’s Progress, Part 1",55.9533456,-3.1883749,town
569,1885,June 20,Performance,Pilgrim’s Progress 2,"Edinburgh, SCT",Albert Hall (PP f.4; RJ).,1885-06-20,1885-06-20,,day,TRUE,,performance,FALSE,FALSE,Bunyan,"Pilgrim’s Progress, Part 2",55.9533456,-3.1883749,town
570,1885,June 26,Lecture,As You Like It,"Edinburgh, SCT","39 Melville Street, MacDonald’s temporary residence; “On Trouble” in Sermons from Shakespeare series; from text “Sweet are the uses of adversity” (Edinburgh Evening News, June 25, 1885, 1: BNA).",1885-06-26,1885-06-26,,day,TRUE,,lecture,FALSE,FALSE,Shakespeare,As You Like It,55.9533456,-3.1883749,town
571,1885,June 26,Performance,Pilgrim’s Progress 2,"Edinburgh, SCT","Albert Hall (Edinburgh Evening News, June 23, 1885, 1: BNA; PP f.4; RJ).",1885-06-26,1885-06-26,,day,TRUE,,performance,FALSE,FALSE,Bunyan,"Pilgrim’s Progress, Part 2",55.9533456,-3.1883749,town
572,1885,June 27,Performance,Pilgrim’s Progress 1,"Edinburgh, SCT","Albert Hall (Edinburgh Evening News, June 23, 1885, 1: BNA; PP f.4; RJ).",1885-06-27,1885-06-27,,day,TRUE,,performance,FALSE,FALSE,Bunyan,"Pilgrim’s Progress, Part 1",55.9533456,-3.1883749,town
573,1885,June 29,Lecture,Rape of Lucrece,"Edinburgh, SCT","39 Melville Street, MacDonald’s temporary residence; “On Justice” in “Sermons from Shakespeare” series; from text “To wrong the wronger till he render right” (Edinburgh Evening News, June 27, 1885, 1: BNA).",1885-06-29,1885-06-29,,day,TRUE,,lecture,FALSE,FALSE,Shakespeare,The Rape of Lucrece,55.9533456,-3.1883749,town
574,1885,July 1,Sermon,On Justice,"Edinburgh, SCT","39 Melville Street, MacDonald’s temporary residence; “Sermon on Justice”; advertised as “evening sermon,” in addition to the afternoon “Sermons from Shakespeare” series (Edinburgh Evening News, June 27, 1885, 1: BNA).",1885-07-01,1885-07-01,,day,TRUE,,sermon,FALSE,FALSE,Scripture,On Justice,55.9533456,-3.1883749,town
575,1885,July 3,Lecture,Shakespeare’s Sonnet 110,"Edinburgh, SCT","39 Melville Street, MacDonald’s temporary residence; “On Truth” in “Sermons from Shakespeare” series; from text “Most true it is that I have looked on truth askance and strangely” (Edinburgh Evening News, June 27, 1885, 1: BNA).",1885-07-03,1885-07-03,,day,TRUE,,lecture,FALSE,FALSE,Shakespeare,Sonnet 110,55.9533456,-3.1883749,town
576,1885,July 6,Lecture,Hamlet,"Edinburgh, SCT","39 Melville Street, MacDonald’s temporary residence; “On Possession” in “Sermons from Shakespeare” series; from text “Since no man has ought of what he leaves” (Edinburgh Evening News, June 27, 1885, 1: BNA).",1885-07-06,1885-07-06,,day,TRUE,,lecture,FALSE,FALSE,Shakespeare,Hamlet,55.9533456,-3.1883749,town
577,1885,July 10,Performance,Pilgrim’s Progress 2,"Edinburgh, SCT",Albert Hall (PP f.4; RJ).,1885-07-10,1885-07-10,,day,TRUE,,performance,FALSE,FALSE,Bunyan,"Pilgrim’s Progress, Part 2",55.9533456,-3.1883749,town
578,1885,June 11,Performance,Pilgrim’s Progress 1,"Edinburgh, SCT",Albert Hall (PP f.4; RJ).,1885-06-11,1885-06-11,,day,TRUE,,performance,FALSE,FALSE,Bunyan,"Pilgrim’s Progress, Part 1",55.9533456,-3.1883749,town
579,1885,July 16,Lecture,Shakespeare,"Edinburgh, SCT","Albany Street Chapel; “Moral Drift of Shakespeare”; Shakespeare needed to include bad people in plays but still had “momentum” toward goodness (Edinburgh Evening News, July 17, 1885, 2: BNA).",1885-07-16,1885-07-16,,day,TRUE,,lecture,FALSE,FALSE,Shakespeare,(unspecified),55.9533456,-3.1883749,town
580,1885,July 28,Performance,Pilgrim’s Progress 2,"St. Andrews, SCT",(PP f.4; RJ).,1885-07-28,1885-07-28,,day,TRUE,,performance,FALSE,FALSE,Bunyan,"Pilgrim’s Progress, Part 2",56.3403678,-2.7950440,town
581,1885,July 29,Performance,Pilgrim’s Progress 1,"St. Andrews, SCT",(PP f.4; RJ).,1885-07-29,1885-07-29,,day,TRUE,,performance,FALSE,FALSE,Bunyan,"Pilgrim’s Progress, Part 1",56.3403678,-2.7950440,town
582,1885,August 3,Performance,Pilgrim’s Progress 2,"Elie, SCT",(PP f.4; RJ).,1885-08-03,1885-08-03,,day,TRUE,,performance,FALSE,FALSE,Bunyan,"Pilgrim’s Progress, Part 2",56.1904515,-2.8202468,town
583,1885,August 6,Performance,Pilgrim’s Progress 2,"Cupar, Fife, SCT","Union Street Hall; MacDonald as Great-heart, Louisa as Prudence, “Miss MacDonald” as Christiana (Fife Herald, August 12, 1885, 5: BNA; PP f.4; RJ).",1885-08-06,1885-08-06,,day,TRUE,,performance,FALSE,FALSE,Bunyan,"Pilgrim’s Progress, Part 2",56.3193913,-3.0116545,town
584,1885,August 7,Performance,Pilgrim’s Progress 1,"Cupar, Fife, SCT","MacDonald as Evangelist (Fife Herald, August 12, 1885, 5; PP f.4; RJ).",1885-08-07,1885-08-07,,day,TRUE,,performance,FALSE,FALSE,Bunyan,"Pilgrim’s Progress, Part 1",56.3193913,-3.0116545,town
585,1885,August 11,Performance,Pilgrim’s Progress 2,"Crieff, SCT",(PP f.4; RJ).,1885-08-11,1885-08-11,,day,TRUE,,performance,FALSE,FALSE,Bunyan,"Pilgrim’s Progress, Part 2",56.3727170,-3.8397453,town
586,1885,August 12,Performance,Pilgrim’s Progress 1,"Crieff, SCT",(PP f.4; RJ).,1885-08-12,1885-08-12,,day,TRUE,,performance,FALSE,FALSE,Bunyan,"Pilgrim’s Progress, Part 1",56.3727170,-3.8397453,town
587,1885,August 14,Performance,Pilgrim’s Progress 2,"North Berwick, SCT",(PP f.4; RJ).,1885-08-14,1885-08-14,,day,TRUE,,performance,FALSE,FALSE,Bunyan,"Pilgrim’s Progress, Part 2",56.0581178,-2.7209129,town
588,1885,August 15,Performance,Pilgrim’s Progress 1,"North Berwick, SCT",(PP f.4; RJ).,1885-08-15,1885-08-15,,day,TRUE,,performance,FALSE,FALSE,Bunyan,"Pilgrim’s Progress, Part 1",56.0581178,-2.7209129,town
589,1885,August 18,Performance,Pilgrim’s Progress,"Peebles, SCT","Attended by John Stuart Blackie, who wrote letter to editor defending unification of religion and drama (The Scotsman, August 19, 1885, 5: BNA; PP f.4; RJ).",1885-08-18,1885-08-18,,day,TRUE,,performance,FALSE,FALSE,Bunyan,(unspecified),55.6517553,-3.1885456,town
590,1885,September 3,Performance,Pilgrim’s Progress 2,"Moffat, SCT",(PP f.4; RJ).,1885-09-03,1885-09-03,,day,TRUE,,performance,FALSE,FALSE,Bunyan,"Pilgrim’s Progress, Part 2",55.3332407,-3.4443570,town
591,1885,September 4,Performance,Pilgrim’s Progress 1,"Moffat, SCT",(PP f.4; RJ).,1885-09-04,1885-09-04,,day,TRUE,,performance,FALSE,FALSE,Bunyan,"Pilgrim’s Progress, Part 1",55.3332407,-3.4443570,town
592,1885,September 11,Performance,Pilgrim’s Progress 2,"Dumfries, SCT","Mechanics’ Hall (The Scotsman, September 12, 1885, 6: BNA; PP f.4; RJ).",1885-09-11,1885-09-11,,day,TRUE,,performance,FALSE,FALSE,Bunyan,"Pilgrim’s Progress, Part 2",55.0691831,-3.6106856,town
593,1885,September 15,Performance,Pilgrim’s Progress 1,"Greenock, SCT","Temperance Institute (Greenock Telegraph and Clyde Shipping Gazette, September 15, 1885, 2: BNA; PP f.4; RJ).",1885-09-15,1885-09-15,,day,TRUE,,performance,FALSE,FALSE,Bunyan,"Pilgrim’s Progress, Part 1",55.9473423,-4.7564721,town
594,1885,September 16,Performance,Pilgrim’s Progress 2,"Greenock, SCT","Temperance Institute (Greenock Telegraph and Clyde Shipping Gazette, September 16, 1885, 4: BNA; PP f.4; RJ).",1885-09-16,1885-09-16,,day,TRUE,,performance,FALSE,FALSE,Bunyan,"Pilgrim’s Progress, Part 2",55.9473423,-4.7564721,town
595,1885,September 17,Performance,Pilgrim’s Progress 1,"Glasgow, SCT","Queen’s Rooms; not well received (Glasgow Evening Post, September 18, 1885, 2: BNA; North British Daily Mail, September 18, 1885: BC; PP f.4; RJ).",1885-09-17,1885-09-17,,day,TRUE,,performance,FALSE,FALSE,Bunyan,"Pilgrim’s Progress, Part 1",55.8611550,-4.2501687,town
596,1885,September 18,Performance,Pilgrim’s Progress 2,"Glasgow, SCT","MacDonald played Great-heart (Glasgow Evening Post, September 19, 1885, 1; PP f.4; RJ).",1885-09-18,1885-09-18,,day,TRUE,,performance,FALSE,FALSE,Bunyan,"Pilgrim’s Progress, Part 2",55.8611550,-4.2501687,town
597,1885,September 21,Performance,Pilgrim’s Progress 2,"Helensburgh, SCT",(PP f.4; RJ).,1885-09-21,1885-09-21,,day,TRUE,,performance,FALSE,FALSE,Bunyan,"Pilgrim’s Progress, Part 2",56.0033464,-4.7342935,town
598,1885,September 22,Performance,Pilgrim’s Progress 2,Carlisle,(PP f.4; RJ).,1885-09-22,1885-09-22,,day,TRUE,,performance,FALSE,FALSE,Bunyan,"Pilgrim’s Progress, Part 2",54.8948478,-2.9362311,town
599,1885,September 23,Performance,Pilgrim’s Progress 2,Brampton,(PP f.4; RJ).,1885-09-23,1885-09-23,,day,TRUE,,performance,FALSE,FALSE,Bunyan,"Pilgrim’s Progress, Part 2",54.9422402,-2.7344533,town
600,1885,September 30,Lecture,The Tempest,"Hampstead, London","New College Chapel; first in a series; compares The Tempest with A Midsummer Night’s Dream (Hampstead & Highgate Express, October 3, 1885, 3: BNA).",1885-09-30,1885-09-30,,day,TRUE,,lecture,FALSE,FALSE,Shakespeare,The Tempest,51.5565300,-0.1783011,town
601,1885,October 7,Lecture,Merchant of Venice,"Hampstead, London","New College Chapel; second lecture in course of autumn lectures (Hampstead & Highgate Express, October 3, 1885, 3: BNA).",1885-10-07,1885-10-07,,day,TRUE,,lecture,FALSE,FALSE,Shakespeare,The Merchant of Venice,51.5565300,-0.1783011,town
602,1885,October 12,Lecture,Shelley,"Westminster, London","Hall adjoining to Westminster Chapel; “There is not an ache in our hearts that has not its far away roots in our need of the Divine” (Westminster and Lambeth Gazette, October 17, 1885; The Christian Socialist, November 1885, 87: Both BC).",1885-10-12,1885-10-12,,day,TRUE,,lecture,FALSE,FALSE,Shelley,(unspecified),51.5004439,-0.1265398,town
603,1885,October 22,Lecture,Hamlet,"Woolwich, London","Town Hall, William Street; “upon his favourite subject” (Woolwich Gazette, October 16, 1885: BC).",1885-10-22,1885-10-22,,day,TRUE,,lecture,FALSE,FALSE,Shakespeare,Hamlet,51.4826696,0.0623335,town
604,1885,December 28,Performance,Pilgrim’s Progress 1,"Bordighera, ITL",Teatro Raffini (PP f.4; RJ).,1885-12-28,1885-12-28,,day,TRUE,,performance,FALSE,FALSE,Bunyan,"Pilgrim’s Progress, Part 1",43.7939893,7.6731108,town
605,1885,December 30,Performance,Pilgrim’s Progress 2,"Bordighera, ITL",Teatro Raffini (PP f.4; RJ).,1885-12-30,1885-12-30,,day,TRUE,,performance,FALSE,FALSE,Bunyan,"Pilgrim’s Progress, Part 2",43.7939893,7.6731108,town
606,1886,June 28,Lecture,Timon of Athens,"Hampstead, London","Vestry Hall, Haverstock-hill (Hampstead & Highgate Express, July 3, 1886, 2: BNA).",1886-06-28,1886-06-28,,day,TRUE,,lecture,FALSE,FALSE,Shakespeare,Timon of Athens,51.5565300,-0.1783011,town
607,1887,[January 4],Performance,Pilgrim’s Progress 1,"Bordighera, ITL","Casa Coraggio, MacDonald’s residence; faded text reads “[Jan] [4 + 12] Casa Coraggio 1+2” (PP f.4).",1887-01-04,1887-01-04,,day,FALSE,,performance,FALSE,FALSE,Bunyan,"Pilgrim’s Progress, Part 1",43.7939893,7.6731108,town
608,1887,[January 12],Performance,Pilgrim’s Progress 2,"Bordighera, ITL","Casa Coraggio, MacDonald’s residence; faded text reads “[Jan] [4 + 12] Casa Coraggio 1+2” (PP f.4).",1887-01-12,1887-01-12,,day,FALSE,,performance,FALSE,FALSE,Bunyan,"Pilgrim’s Progress, Part 2",43.7939893,7.6731108,town
609,1887,September 6,Lecture,unknown,Bristol,Victoria Hall; MacDonald notes in letter of September 7 that “I lectured an hour & three quarters last night in the Victoria Hall here” (Expression 326).,1887-09-06,1887-09-06,,day,TRUE,,lecture,FALSE,FALSE,Unknown,(unknown),51.4430141,-2.5816622,town
610,1887,September 8,Lecture,unknown,Bristol,"[Victoria Hall]; MacDonald notes in letter of September 7, “I preach tonight and lecture again tomorrow night” (Expression 326).",1887-09-08,1887-09-08,,day,TRUE,,lecture,FALSE,FALSE,Unknown,(unknown),51.4430141,-2.5816622,town
611,1887,December 12,Lecture,Macbeth,"Croydon, London","West Croydon Hall; hosted by West Croydon Congregational Church (Croydon Chronicle and East Surrey Advertiser, September 17, 1887, 2: BNA).",1887-12-12,1887-12-12,,day,TRUE,,lecture,FALSE,FALSE,Shakespeare,Macbeth,51.3713049,-0.1019570,town
612,1888,February 5,Lecture-sermon,Luke 12,"Bordighera, ITL","Initially described as “lecture” in account, but included hymns beforehand and exposition on Luke passage (Booth 172-74).",1888-02-05,1888-02-05,,day,TRUE,,lecture|sermon,FALSE,FALSE,Scripture,Luke 12,43.7939893,7.6731108,town
613,1888,June 4,Lecture,Macbeth,North Shields,"Stephenson Street Congregational Church; compares the characters of Lear and Macbeth (Shields Daily Gazette, June 5, 1888, 2; Shields Daily News, June 5, 1888, 3: both BNA).",1888-06-04,1888-06-04,,day,TRUE,,lecture,FALSE,FALSE,Shakespeare,Macbeth,55.0087655,-1.4471035,town
614,1888,June 5,Lecture,Macbeth,Sunderland,"Subscription Library Hall (Sunderland Daily Echo and Shipping Gazette, June 6, 1888, 2: BNA).",1888-06-05,1888-06-05,,day,TRUE,,lecture,FALSE,FALSE,Shakespeare,Macbeth,54.9058512,-1.3828727,town
615,1888,September 4,Lecture,Macbeth,"Peckham, London","Collyer School; “psychological study” of characters in the play; discussion of three types of conscience (South London Press, September 8, 1888, 1: BNA).",1888-09-04,1888-09-04,,day,TRUE,,lecture,FALSE,FALSE,Shakespeare,Macbeth,51.4734122,-0.0699321,town
616,1888,September 11,Lecture,Hamlet,Bristol,"Victoria Rooms, Clifton; proceeds from lecture to building Redlands school; Hamlet was greater hero than Brutus because he had no one to support him (Bristol Mercury, September 12, 1888, 8; Western Daily Press, September 12, 1888, 8: both BNA).",1888-09-11,1888-09-11,,day,TRUE,,lecture,FALSE,FALSE,Shakespeare,Hamlet,51.4430141,-2.5816622,town
617,1888,September 13,Lecture,Rime of the Ancient Mariner,Bristol,"Victoria Rooms, Clifton; proceeds from lecture to building Redlands school; poem, though “wild dream,” full of truths (Bristol Mercury, September 14, 1888, 3; Western Daily Press, September 12, 1888, 8: both BNA).",1888-09-13,1888-09-13,,day,TRUE,,lecture,FALSE,FALSE,Coleridge,The Rime of the Ancient Mariner,51.4430141,-2.5816622,town
618,1888,September 14,Lecture,Tennyson,Weston-Super-Mare,"Victoria Hall; “Poetry, Illustrated by the Lyrics of Tennyson” (Weston-Super-Mare Gazette and General Advertiser, September 12, 1888, 2; Weston Mercury, September 22, 1888, 8: both BNA).",1888-09-14,1888-09-14,,day,TRUE,,lecture,FALSE,FALSE,Tennyson,(unspecified),51.3471927,-2.9778916,town
619,1888,[September 17-22],Lecture,Macbeth,London,"“A chapel in the North East of London”; lecture “last week” probably between September 17 and 22 (Monday through Saturday); (Inverness Courier, September 25, 1888, 7: BNA).",1888-09-17,1888-09-22,,day_range,FALSE,,lecture,FALSE,FALSE,Shakespeare,Macbeth,51.5074456,-0.1277653,town
620,1888,September 18,Lecture,Hamlet,"Croydon, London","West Croydon Hall; MacDonald criticizes the views of Henry Morley and Dr. Johnson (Croydon Guardian and Surrey County Gazette, September 22, 1888, 6: BNA).",1888-09-18,1888-09-18,,day,TRUE,,lecture,FALSE,FALSE,Shakespeare,Hamlet,51.3713049,-0.1019570,town
621,1888,September 22,Performance,Pilgrim’s Progress [2],"Southwark, London","Red Cross Hall; for working men (Octavia Hill, September 23, 1888 letter to her mother, in Hill 482-483).",1888-09-22,1888-09-22,,day,TRUE,,performance,FALSE,FALSE,Bunyan,"Pilgrim’s Progress, Part 2",51.5061349,-0.1011379,town
622,1888,September 26,Performance,Pilgrim’s Progress 2,"Belgravia, London",St. Christopher’s Hall (PP f.4; RJ).,1888-09-26,1888-09-26,,day,TRUE,,performance,FALSE,FALSE,Bunyan,"Pilgrim’s Progress, Part 2",51.4982128,-0.1534998,town
623,1888,September 27,Lecture,Tennyson,London,"Gospel-oak Congregational Church, Hampstead; on Tennyson’s “In Memoriam”; focuses on deep friendship between men, such as Tennyson and Hallam and Shakespeare and W.H. (Hampstead & Highgate Express, September 29, 1888, 6: BNA).",1888-09-27,1888-09-27,,day,TRUE,,lecture,FALSE,FALSE,Tennyson,(unspecified),51.5074456,-0.1277653,town
624,1888,October 1,Lecture,Tennyson,Derby,"“Poetry, Illustrated by the Lyrics of Tennyson” (Derby Mercury, October 3, 1888, 2: BNA).",1888-10-01,1888-10-01,,day,TRUE,,lecture,FALSE,FALSE,Tennyson,(unspecified),52.9142235,-1.4719885,town
625,1888,October 2,Lecture,Hamlet,Derby,"Lecture Hall (Derby Mercury, September 26, 1888, 5: BNA).",1888-10-02,1888-10-02,,day,TRUE,,lecture,FALSE,FALSE,Shakespeare,Hamlet,52.9142235,-1.4719885,town
626,1888,October 6,Performance,Pilgrim’s Progress 2,London,"Portman Rooms, residence of Lady Ducie (PP f.4; RJ).",1888-10-06,1888-10-06,,day,TRUE,,performance,FALSE,FALSE,Bunyan,"Pilgrim’s Progress, Part 2",51.5074456,-0.1277653,town
627,1888,October 15,Lecture,Hamlet,London,"Collyer Hall; MacDonald asks reporters to “retire to some other part of the building” due to his distaste for words being recorded (South London Press, October 20, 1888, 6: BNA).",1888-10-15,1888-10-15,,day,TRUE,,lecture,FALSE,FALSE,Shakespeare,Hamlet,51.5074456,-0.1277653,town
628,1888,October 16,Lecture,King Lear,Sale,"Sale Public Hall; human nature of characters; slight criticism of lack of reappearance of Fool at end of play (Manchester Courier and Lancashire General Advertiser, October 17, 1888, 6: BNA).",1888-10-16,1888-10-16,,day,TRUE,,lecture,FALSE,FALSE,Shakespeare,King Lear,53.4244939,-2.3184150,town
629,1888,October 22,Lecture,Macbeth,Reading,"Old Town Hall; hosted by Broad Street Chapel Young Men’s Mutual Improvement Society; mentions Reading lecture about 13 years ago (Reading Mercury, October 27, 1888, 7: BNA).",1888-10-22,1888-10-22,,day,TRUE,,lecture,FALSE,FALSE,Shakespeare,Macbeth,51.4520064,-0.9684735,town
630,1888,[December],Performance,Pilgrim’s Progress [2],"Charlton, London",(RJ).,1888-12-01,1888-12-31,,month,FALSE,,performance,FALSE,FALSE,Bunyan,"Pilgrim’s Progress, Part 2",51.4826053,0.0365359,town
631,1888,[December],Performance,Pilgrim’s Progress [2],Mansfield,(RJ).,1888-12-01,1888-12-31,,month,FALSE,,performance,FALSE,FALSE,Bunyan,"Pilgrim’s Progress, Part 2",53.1443785,-1.1964165,town
632,1889,[April],Lecture,Shelley and Cymbeline,"Bordighera, ITL",Readings from Shelley and Shakespeare’s Cymbeline (Pipe 340).,1889-04-01,1889-04-30,,month,FALSE,,lecture,FALSE,FALSE,Shelley|Shakespeare,(unspecified)|Cymbeline,43.7939893,7.6731108,town
633,1889,May 20,Lecture,Merchant of Venice,North Shields,"Stephenson Street Congregational Church (Shields Daily News, May 21, 1889: BC).",1889-05-20,1889-05-20,,day,TRUE,,lecture,FALSE,FALSE,Shakespeare,The Merchant of Venice,55.0087655,-1.4471035,town
634,1889,May 22,Lecture,Merchant of Venice,Newcastle,"St. James’s Congregational Church (Newcastle Courant, May 25, 1889, 5: BNA).",1889-05-22,1889-05-22,,day,TRUE,,lecture,FALSE,FALSE,Shakespeare,The Merchant of Venice,54.9738474,-1.6131572,town
635,1889,[Summer],Performance,Pilgrim’s Progress,unknown,"The MacDonald’s list ends with these sad words: “1889, Summer, Last Time” (PP f.4; RJ).",1889-06-01,1889-08-31,,season,FALSE,,performance,FALSE,FALSE,Bunyan,(unspecified),,,unmappable
636,1889,June 5,Lecture,Merchant of Venice,London,"Rectory Road Church (St. James’s Gazette, June 1, 1889, 1; Aberdeen Press and Journal, June 12, 1889, 6: both BNA).",1889-06-05,1889-06-05,,day,TRUE,,lecture,FALSE,FALSE,Shakespeare,The Merchant of Venice,51.5074456,-0.1277653,town
637,1889,June 6,Lecture,Macbeth,London,"Kingsland Congregational Church (Hackney and Kingsland Gazette, June 3, 1889, 1: BNA).",1889-06-06,1889-06-06,,day,TRUE,,lecture,FALSE,FALSE,Shakespeare,Macbeth,51.5074456,-0.1277653,town
638,1889,July 18,Lecture,Dante,"Islington, London","Union Chapel; “A Talk about Dante”; expressed belief that Protestants are wrong to believe “the devilish idea of hell” (Islington Gazette, July 22, 1889, 1: BNA).",1889-07-18,1889-07-18,,day,TRUE,,lecture,FALSE,FALSE,Dante,(unspecified),51.5384287,-0.0999051,town
639,1889,July 24,Lecture,Hamlet,Wimbledon,"St. George’s Hall (Surrey Comet, July 20, 1889, 1: BNA).",1889-07-24,1889-07-24,,day,TRUE,,lecture,FALSE,FALSE,Shakespeare,Hamlet,51.4214787,-0.2064027,town
640,1889,July 30,Lecture,Hamlet,"Lewisham, London","Congregational Schoolroom (Kentish Mercury, July 30, 1889, 3: BNA).",1889-07-30,1889-07-30,,day,TRUE,,lecture,FALSE,FALSE,Shakespeare,Hamlet,51.4624292,-0.0101787,town
641,1889,September 5,Lecture,Merchant of Venice,Canonbury,"Harecourt Chapel; Shakespeare skilled at reinventing old stories (Islington Gazette, September 9, 1889, 3: BNA).",1889-09-05,1889-09-05,,day,TRUE,,lecture,FALSE,FALSE,Shakespeare,The Merchant of Venice,51.5423339,-0.0914333,town
642,1889,September 10,,Dante,"Lewisham, London","Congregational Schoolroom (Kentish Mercury, July 30, 1889, 3: BNA).",1889-09-10,1889-09-10,,day,TRUE,,lecture,TRUE,FALSE,Dante,(unspecified),51.4624292,-0.0101787,town
643,1889,September 13,Lecture,Macbeth,Barrow,"Barrow Town Hall (Lancashire Evening Post, September 14, 1889, 2: BNA).",1889-09-13,1889-09-13,,day,TRUE,,lecture,FALSE,FALSE,Shakespeare,Macbeth,54.1288796,-3.2269008,town
644,1889,September 16,Lecture,King Lear,"Glasgow, SCT","Trinity Congregational Church; hosted by Literary Institute; King Lear is play of triumph due to Lear’s moral growth (Glasgow Evening Citizen, September 17, 1889, 2; Glasgow Evening Post, September 17, 1889, 2; Glasgow Herald, September 17, 1889, 4: all BNA).",1889-09-16,1889-09-16,,day,TRUE,,lecture,FALSE,FALSE,Shakespeare,King Lear,55.8611550,-4.2501687,town
645,1889,September 17,Lecture,Dante,"Glasgow, SCT","Trinity Congregational Church; “A Talk About Dante”; article notes MacDonald’s universalist beliefs; did not use book or notes (Glasgow Evening Citizen, September 18, 1889, 2; Glasgow Herald, September 18, 1889, 6: both BNA).",1889-09-17,1889-09-17,,day,TRUE,,lecture,FALSE,FALSE,Dante,(unspecified),55.8611550,-4.2501687,town
646,1889,September 20,Lecture,Rime of the Ancient Mariner,"Aberdeen, SCT","Albert Hall; calls himself “Poor Geordie” after Glasgow working man does (Aberdeen Free Press, September 21, 1889, 6: BNA; Aberdeen Journal, September 21, 1889: BC).",1889-09-20,1889-09-20,,day,TRUE,,lecture,FALSE,FALSE,Coleridge,The Rime of the Ancient Mariner,57.1482429,-2.0928095,town
647,1889,September 23,Lecture,King Lear,London,"Gospel-oak Congregational Church, Southampton Road; calls King Lear a sacred thing to him (Hampstead & Highgate Express, September 28, 1889, 5: BNA).",1889-09-23,1889-09-23,,day,TRUE,,lecture,FALSE,FALSE,Shakespeare,King Lear,51.5074456,-0.1277653,town
648,1889,September 25,Lecture,Dante,London,"Rectory Road Congregational Church; would pick Dante over Milton (Hackney and Kingsland Gazette, September 27, 1889, 3: BNA).",1889-09-25,1889-09-25,,day,TRUE,,lecture,FALSE,FALSE,Dante,(unspecified),51.5074456,-0.1277653,town
649,1889,September 27,Lecture,Rime of the Ancient Mariner,London,"Trinity Congregational Church; ad describes lecture as “favourite, stirring, and especially high-class” (South London Press, September 14, 1889, 8: BNA).",1889-09-27,1889-09-27,,day,TRUE,,lecture,FALSE,FALSE,Coleridge,The Rime of the Ancient Mariner,51.5074456,-0.1277653,town
650,1889,October 1,Lecture,Macbeth,Sale,"Hosted by the Committee for Sale Popular Lectures; discusses character histories, as well as his theory of moral and social scales (Manchester Courier and Lancashire General Advertiser, September 19, 1889, 1; Crewe Guardian, October 5, 1889, 5; Northwich Guardian, October 5, 1889, 6: all BNA).",1889-10-01,1889-10-01,,day,TRUE,,lecture,FALSE,FALSE,Shakespeare,Macbeth,53.4244939,-2.3184150,town
651,1889,October 22,Lecture,Tennyson’s “In Memoriam”,"Croydon, London","West Croydon Hall (Croydon Advertiser and East Surrey Reporter, October 19, 1889, 5: BNA).",1889-10-22,1889-10-22,,day,TRUE,,lecture,FALSE,FALSE,Tennyson,In Memoriam,51.3713049,-0.1019570,town
652,1889,October 28,Lecture,Coleridge’s Rime of the Ancient Mariner,"Glasgow, SCT","Queen’s Park U.P. Church; hosted by church’s Literary Institute (Glasgow Herald, October 29, 1889, 5: BNA).",1889-10-28,1889-10-28,,day,TRUE,,lecture,FALSE,FALSE,Coleridge,The Rime of the Ancient Mariner,55.8611550,-4.2501687,town
653,1889,October 29,Lecture,Tennyson’s “In Memoriam”,"Glasgow, SCT","Queen’s Park U.P. Church; hosted by Literary Society; afterward, two women asked for MacDonald’s autograph and he declined, then two other women touched hem of his greatcoat (Glasgow Evening Citizen, October 29, 1889, 1; Glasgow Herald, October 30, 1889, 6; Aberdeen Evening Express, November 4, 1889, 2: all BNA).",1889-10-29,1889-10-29,,day,TRUE,,lecture,FALSE,FALSE,Tennyson,In Memoriam,55.8611550,-4.2501687,town
654,1889,October 31,Lecture,King Lear,"Aberdeen, SCT","Albert Hall (Aberdeen Press and Journal, November 1, 1889, 6: BNA).",1889-10-31,1889-10-31,,day,TRUE,,lecture,FALSE,FALSE,Shakespeare,King Lear,57.1482429,-2.0928095,town
655,1889,November 1,Lecture,Tennyson,"Aberdeen, SCT","Albert Hall; “Poetry, Illustrated from the Lyrics of Tennyson” (Aberdeen Evening Express, November 2, 1889, 2; Aberdeen Press and Journal, November 2, 1889, 6: both BNA).",1889-11-01,1889-11-01,,day,TRUE,,lecture,FALSE,FALSE,Tennyson,(unspecified),57.1482429,-2.0928095,town
656,1890,May 22,Lecture,Hamlet,Shields,"Town Hall; proceeds to aid Home for Friendless Girls (Shields Daily Gazette, May 23, 1890, 3: BNA).",1890-05-22,1890-05-22,,day,TRUE,,lecture,FALSE,FALSE,Shakespeare,Hamlet,54.9987414,-1.4321848,town
657,1890,July 3,Lecture,Hamlet,London,"Toynbee Hall; “to be or not to be” about killing king, not suicide (South Wales Daily News, July 5, 1890, 6: BNA).",1890-07-03,1890-07-03,,day,TRUE,,lecture,FALSE,FALSE,Shakespeare,Hamlet,51.5074456,-0.1277653,town
658,1890,September 12,Lecture,Hamlet,"Bishop Auckland, SCT","Temperance Hall; Hamlet a “Christian gentleman” (Northern Echo, September 8, 1890, 3; September 13, 1890, 3: both BNA).",1890-09-12,1890-09-12,,day,TRUE,,lecture,FALSE,FALSE,Shakespeare,Hamlet,54.6640762,-1.6752864,town
659,1890,September 15,Lecture,Hamlet,"Glasgow, SCT","Hosted by Glasgow Trinity Congregational Church Literary Institute; Laertes worst villain in play (Dundee Evening Telegraph, September 15, 1890, 2; Peterhead Sentinel and General Advertiser for Buchan District, September 19, 1890, 2; Paisley & Renfrewshire Gazette, September 20, 1890, 6: all BNA).",1890-09-15,1890-09-15,,day,TRUE,,lecture,FALSE,FALSE,Shakespeare,Hamlet,55.8611550,-4.2501687,town
660,1890,September 16,Lecture,Macbeth,"Glasgow, SCT","Hosted by Glasgow Trinity Congregational Church Literary Institute (Dundee Evening Telegraph, September 15, 1890, 2; Peterhead Sentinel and General Advertiser for Buchan District, September 19, 1890, 2: both BNA).",1890-09-16,1890-09-16,,day,TRUE,,lecture,FALSE,FALSE,Shakespeare,Macbeth,55.8611550,-4.2501687,town
661,1890,September 17,Lecture,Rime of the Ancient Mariner,"Dundee, SCT","(Peterhead Sentinel and General Advertiser for Buchan District, September 19, 1890, 2: BNA).",1890-09-17,1890-09-17,,day,TRUE,,lecture,FALSE,FALSE,Coleridge,The Rime of the Ancient Mariner,56.4605938,-2.9701900,town
662,1890,September 18,Lecture,Burns,"Aberdeen, SCT","(Peterhead Sentinel and General Advertiser for Buchan District, September 19, 1890, 2: BNA).",1890-09-18,1890-09-18,,day,TRUE,,lecture,FALSE,FALSE,Burns,(unspecified),57.1482429,-2.0928095,town
663,1890,September 22,Lecture,Burns,"Peterhead, SCT","Musical Hall (Buchan Observer and East Aberdeenshire Advertiser, September 25, 1890, 6; Peterhead Sentinel and General Advertiser for Buchan District, September 26, 1890, 2: both BNA).",1890-09-22,1890-09-22,,day,TRUE,,lecture,FALSE,FALSE,Burns,(unspecified),57.5052909,-1.7813194,town
664,1890,September 23,Lecture,Burns,"Banff, SCT","(Buchan Observer and East Aberdeenshire Advertiser, September 25, 1890, 6; Peterhead Sentinel and General Advertiser for Buchan District, September 26, 1890, 2: both BNA).",1890-09-23,1890-09-23,,day,TRUE,,lecture,FALSE,FALSE,Burns,(unspecified),57.6645459,-2.5217539,town
665,1890,September 24,Lecture,Burns,"Inverness, SCT","Inverness Town Hall: “The Town Hall was filled on Wednesday evening”; describes MacDonald’s “massive head, with flowing locks and rich, snow-white beard” (Inverness Courier, September 26, 1890, 4: BNA).",1890-09-24,1890-09-24,,day,TRUE,,lecture,FALSE,FALSE,Burns,(unspecified),57.4790124,-4.2257390,town
666,1890,October 1,Lecture,Hamlet,"Brixton, London","Brixton Congregational Church (South London Press, October 4, 1890, 1: BNA).",1890-10-01,1890-10-01,,day,TRUE,,lecture,FALSE,FALSE,Shakespeare,Hamlet,51.4633914,-0.1148023,town
667,1890,October 9,Lecture,Merchant of Venice,Derby,"Temperance Hall; on behalf of Derby and Derbyshire Convalescent Home (Derby Daily Telegraph, October 2, 1890, 2; October 4, 1890, 1; Derbyshire Advertiser and Journal, October 17, 1890, 6: all BNA; The Derby Express, October 10, 1890, 4: BC).",1890-10-09,1890-10-09,,day,TRUE,,lecture,FALSE,FALSE,Shakespeare,The Merchant of Venice,52.9142235,-1.4719885,town
668,1890,October 10,Lecture,Wordsworth,Derby,"Temperance Hall (Derby Daily Telegraph, October 2, 1890, 2; October 4, 1890, 1; Derbyshire Advertiser and Journal, October 17, 1890, 6: all BNA; The Derby Express, October 11, 1890, 2-3: BC).",1890-10-10,1890-10-10,,day,TRUE,,lecture,FALSE,FALSE,Wordsworth,(unspecified),52.9142235,-1.4719885,town
669,1890,October 13,Lecture,Hamlet,Stretford,"Stretford Town Hall; hosted by Stretford Popular Lecture “scheme”; “to be or not to be” not about suicide (Crewe Guardian, October 18, 1890, 2: BNA).",1890-10-13,1890-10-13,,day,TRUE,,lecture,FALSE,FALSE,Shakespeare,Hamlet,53.4477056,-2.3234400,town
670,1890,October 16,Lecture,Tennyson,Wallasey,"Liscard Concert Hall (Wallasey and Wirral Chronicle, October 18, 1890: BC).",1890-10-16,1890-10-16,,day,TRUE,,lecture,FALSE,FALSE,Tennyson,(unspecified),53.4241208,-3.0394101,town
671,1890,October 20,Lecture,Hamlet,Liverpool,"Sefton Park Assembly Rooms, Aigburth Road; Laertes “downright scoundrel” and Polonius “the most contemptible character in the play” (Liverpool Mercury, October 20, 1890, 1; October 21, 1890, 6: both BNA).",1890-10-20,1890-10-20,,day,TRUE,,lecture,FALSE,FALSE,Shakespeare,Hamlet,53.3933411,-2.9166389,town
672,1890,October 22,Lecture,Merchant of Venice,Nottingham,"Mechanics’ Hall (Nottingham Daily Express, October 23, 1890, 8: BC; Nottingham Evening Post, October 23, 1890: both BNA).",1890-10-22,1890-10-22,,day,TRUE,,lecture,FALSE,FALSE,Shakespeare,The Merchant of Venice,52.9534193,-1.1496461,town
673,1890,October 23,Lecture,King Lear,Liverpool,"Royal Institution, Colquitt Street (Liverpool Mercury, October 20, 1890, 1: BNA).",1890-10-23,1890-10-23,,day,TRUE,,lecture,FALSE,FALSE,Shakespeare,King Lear,53.3933411,-2.9166389,town
674,1890,October 24,Lecture,Shelley,Liverpool,"Royal Institution, Colquitt Street (Liverpool Mercury, October 20, 1890, 1; October 27, 1890: both BNA)",1890-10-24,1890-10-24,,day,TRUE,,lecture,FALSE,FALSE,Shelley,(unspecified),53.3933411,-2.9166389,town
675,1890,October 27,Lecture,Hamlet,London,"North Finchley Baptist Church (Hendon & Finchley Times, October 31, 1890, 3; Barnet Press, November 1, 1890, 6: both BNA).",1890-10-27,1890-10-27,,day,TRUE,,lecture,FALSE,FALSE,Shakespeare,Hamlet,51.5074456,-0.1277653,town
676,1890,October 29,Lecture,Merchant of Venice,"Hampstead, London","Gospel-oak Congregational Church; hosted by Gospel-oak Congregational Institute; lecture not postponed despite death of MacDonald’s brother-in-law (Hampstead & Highgate Express, November 1, 1890, 3, 6: BNA).",1890-10-29,1890-10-29,,day,TRUE,,lecture,FALSE,FALSE,Shakespeare,The Merchant of Venice,51.5565300,-0.1783011,town
677,1890,October 30,Lecture,Macbeth,"New Barnet, London","Assembly Rooms (Barnet Press, September 13, 1890, 5; October 25, 1890, 5: both BNA).",1890-10-30,1890-10-30,,day,TRUE,,lecture,FALSE,FALSE,Shakespeare,Macbeth,51.6495724,-0.1710060,town
678,1890,November 5,Lecture,Merchant of Venice,Woodford,"Lecture Hall, Woodford Green (Woodford Times, October 11, 1890: BC).",1890-11-05,1890-11-05,,day,TRUE,,lecture,FALSE,FALSE,Shakespeare,The Merchant of Venice,51.6041652,0.0324525,town
679,1891,May 25,Lecture,Burns,"Lurgan, IRL","Town Hall; hosted by Young Women’s Christian Association (Belfast News-Letter, June 3, 1891, 3: BNA).",1891-05-25,1891-05-25,,day,TRUE,,lecture,FALSE,FALSE,Burns,(unspecified),54.5410995,-8.1547343,town
680,1891,May 26,Lecture,unknown,"Sydenham, IRL","Marmont, Sydenham, residence of Mr. W. C. and Mrs. Mitchell, MacDonald’s hosts; MacDonald gave an “at home” for about 200 invited guests (Belfast News-Letter, May 27, 1891, 6: BNA).",1891-05-26,1891-05-26,,day,TRUE,,lecture,FALSE,FALSE,Unknown,(unknown),54.6040971,-5.8798789,town
681,1891,May 26,Lecture,Burns,"Belfast, IRL","Ulster Hall, Queen’s College; Society for the Extension of University Teaching; accompanied by the president of Queen’s College (Belfast News-Letter, May 27, 1891, 6: BNA).",1891-05-26,1891-05-26,,day,TRUE,,lecture,FALSE,FALSE,Burns,(unspecified),54.5963910,-5.9301829,town
682,1891,May 27,Lecture,Tennyson,"Belfast, IRL","Clarence Place Hall; [Society for the Extension of University Teaching]; “Poetry: Illustrated from Tennyson’s Lyrics” (Belfast News-Letter, May 27, 1891, 6; June 1, 1891, 6; Northern Whig, May 29, 1891, 5: all BNA).",1891-05-27,1891-05-27,,day,TRUE,,lecture,FALSE,FALSE,Tennyson,(unspecified),54.5963910,-5.9301829,town
683,1891,May 28,Lecture,Hamlet,"Belfast, IRL","Clarence Place Hall; Society for Extension of University Teaching; described Hamlet as a poem; mentions wish that published 1885 edition would have replaced lectures (Belfast News-Letter, May 29, 1891, 5; Northern Whig, May 29, 1891, 5: both BNA).",1891-05-28,1891-05-28,,day,TRUE,,lecture,FALSE,FALSE,Shakespeare,Hamlet,54.5963910,-5.9301829,town
684,1891,May 28,Lecture,Wordsworth,"Belfast, IRL","Clarence Place Hall; fourth in a series; evening lecture (Belfast News-Letter, May 29, 1891, 5; Northern Whig, May 29, 1891, 5: both BNA).",1891-05-28,1891-05-28,,day,TRUE,,lecture,FALSE,FALSE,Wordsworth,(unspecified),54.5963910,-5.9301829,town
685,1891,May 30,Lecture,Dante,"Belfast, IRL","Clarence Place Hall; Society for the Extension of University Teaching; on The Divine Comedy (Belfast News-Letter, June 1, 1891, 6: BNA).",1891-05-30,1891-05-30,,day,TRUE,,lecture,FALSE,FALSE,Dante,(unspecified),54.5963910,-5.9301829,town
686,1891,June 8,Lecture,Hamlet,Reigate,"Public Hall; mentions Paul’s determination to go to Rome despite warnings; appears to have more than usual biblical allusions (Surrey Mirror, June 13, 1891, 5: BNA).",1891-06-08,1891-06-08,,day,TRUE,,lecture,FALSE,FALSE,Shakespeare,Hamlet,51.2376557,-0.2057067,town
687,1891,June 22,Lecture,Dante,Edgbaston,"The Dales, residence of Mr. George Dixon; “Dante’s Beliefs”; first in a series on poetry (Birmingham Daily Post, June 22, 1891: BC).",1891-06-22,1891-06-22,,day,TRUE,,lecture,FALSE,FALSE,Dante,(unspecified),52.4709941,-1.9225861,town
688,1891,June 29,,Browning,Edgbaston,"The Dales; on Browning’s “Saul” (Birmingham Daily Post, June 22, 1891: BC).",1891-06-29,1891-06-29,,day,TRUE,,lecture,TRUE,FALSE,Browning,(unspecified),52.4709941,-1.9225861,town
689,1891,July 6,,Wordsworth,Edgbaston,"The Dales; on Wordsworth’s “Platonic Ode” (Birmingham Daily Post, June 22, 1891: BC).",1891-07-06,1891-07-06,,day,TRUE,,lecture,TRUE,FALSE,Wordsworth,(unspecified),52.4709941,-1.9225861,town
690,1891,September 11,Lecture,Hamlet,London,"Sutton Congregational Church (Croydon Advertiser and East Surrey Reporter, September 19, 1891, 6; London Daily News, September 11, 1891, 3: both BNA).",1891-09-11,1891-09-11,,day,TRUE,,lecture,FALSE,FALSE,Shakespeare,Hamlet,51.5074456,-0.1277653,town
691,1891,September 14,Lecture,Burns,North Shields,"Congregational Church (Shields Daily Gazette, September 15, 1891, 3: BNA).",1891-09-14,1891-09-14,,day,TRUE,,lecture,FALSE,FALSE,Burns,(unspecified),55.0087655,-1.4471035,town
692,1891,September 15,Lecture,Merchant of Venice,Jarrow,"Congregational Church; play popular for diversity of characters (Jarrow Express, September 18, 1891, 8: BNA).",1891-09-15,1891-09-15,,day,TRUE,,lecture,FALSE,FALSE,Shakespeare,The Merchant of Venice,54.9812514,-1.4908447,town
693,1891,September 18,Lecture,Hamlet,Stockton,"Borough Hall; calls himself “special pleader” for poetry (Daily Gazette for Middlesbrough, September 19, 1891, 3: BNA).",1891-09-18,1891-09-18,,day,TRUE,,lecture,FALSE,FALSE,Shakespeare,Hamlet,54.5545780,-1.3584913,town
694,1891,September 22,Lecture,Merchant of Venice,"Glasgow, SCT","Trinity Congregational Church; Shakespeare “glorified everything he touched”; character of Shylock shows Shakespeare was “large-hearted Christian” (Glasgow Evening Post, September 23, 1891, 7: BNA).",1891-09-22,1891-09-22,,day,TRUE,,lecture,FALSE,FALSE,Shakespeare,The Merchant of Venice,55.8611550,-4.2501687,town
695,1891,September 25,Lecture,Shelley,"Aberdeen, SCT","Albert Hall (Aberdeen Free Press, September 26, 1891, 4: BNA).",1891-09-25,1891-09-25,,day,TRUE,,lecture,FALSE,FALSE,Shelley,(unspecified),57.1482429,-2.0928095,town
696,1891,October 6,Lecture,Dante,Derbyshire,"(Derbyshire Advertiser, October 9, 1891: BC.)",1891-10-06,1891-10-06,,day,TRUE,,lecture,FALSE,FALSE,Dante,(unspecified),53.1666927,-1.5833223,region
697,1891,October 22,Lecture,Tennyson,Liverpool,"Toxteth Congregational Church; “Poetry” not able to be defined; Tennyson’s works used to illustrate poetry (Liverpool Mercury, October 28, 1891, 6: BNA).",1891-10-22,1891-10-22,,day,TRUE,,lecture,FALSE,FALSE,Tennyson,(unspecified),53.3933411,-2.9166389,town
698,1891,October 27,Lecture,Hamlet,"Menai, Wales","Hosted by Menai Society of Science and Literature, North Wales (North Wales Chronicle, October 31, 1891, 5: BNA).",1891-10-27,1891-10-27,,day,TRUE,,lecture,FALSE,FALSE,Shakespeare,Hamlet,53.2259347,-4.1631064,town
699,1891,October 28,Lecture,Hamlet,Birmingham,"Midland Institute; begins with three questions regarding skill of Shakespeare and character of Hamlet; calls Hamlet a poem (Birmingham Mail, October 26, 1891, 1; Birmingham Daily Post, October 29, 1891, 5: both BNA).",1891-10-28,1891-10-28,,day,TRUE,,lecture,FALSE,FALSE,Shakespeare,Hamlet,52.4948994,-1.8518439,town
700,1891,November 5,Lecture,Merchant of Venice,Woodford,"Woodford Green Lecture Hall; MacDonald’s last lecture; “48 lectures in 58 days” (Woodford Times, October 23, 1891; November 6, 1891: BC; Expression 348; GMW 525).",1891-11-05,1891-11-05,,day,TRUE,,lecture,FALSE,FALSE,Shakespeare,The Merchant of Venice,51.6041652,0.0324525,town
